  0
SECTION
  2
HEADER
  9
$ACADVER
  1
AC1024
  9
$ACADMAINTVER
 70
6
  9
$DWGCODEPAGE
  3
ANSI_1252
  9
$LASTSAVEDBY
  1
ezdxf
  9
$INSBASE
 10
0.0
 20
0.0
 30
0.0
  9
$EXTMIN
 10
1e+20
 20
1e+20
 30
1e+20
  9
$EXTMAX
 10
-1e+20
 20
-1e+20
 30
-1e+20
  9
$LIMMIN
 10
0.0
 20
0.0
  9
$LIMMAX
 10
420.0
 20
297.0
  9
$ORTHOMODE
 70
0
  9
$REGENMODE
 70
1
  9
$FILLMODE
 70
1
  9
$QTEXTMODE
 70
0
  9
$MIRRTEXT
 70
1
  9
$LTSCALE
 40
1.0
  9
$ATTMODE
 70
1
  9
$TEXTSIZE
 40
2.5
  9
$TRACEWID
 40
1.0
  9
$TEXTSTYLE
  7
Standard
  9
$CLAYER
  8
0
  9
$CELTYPE
  6
ByLayer
  9
$CECOLOR
 62
256
  9
$CELTSCALE
 40
1.0
  9
$DISPSILH
 70
0
  9
$DIMSCALE
 40
1.0
  9
$DIMASZ
 40
2.5
  9
$DIMEXO
 40
0.625
  9
$DIMDLI
 40
3.75
  9
$DIMRND
 40
0.0
  9
$DIMDLE
 40
0.0
  9
$DIMEXE
 40
1.25
  9
$DIMTP
 40
0.0
  9
$DIMTM
 40
0.0
  9
$DIMTXT
 40
2.5
  9
$DIMCEN
 40
2.5
  9
$DIMTSZ
 40
0.0
  9
$DIMTOL
 70
0
  9
$DIMLIM
 70
0
  9
$DIMTIH
 70
0
  9
$DIMTOH
 70
0
  9
$DIMSE1
 70
0
  9
$DIMSE2
 70
0
  9
$DIMTAD
 70
1
  9
$DIMZIN
 70
8
  9
$DIMBLK
  1

  9
$DIMASO
 70
1
  9
$DIMSHO
 70
1
  9
$DIMPOST
  1

  9
$DIMAPOST
  1

  9
$DIMALT
 70
0
  9
$DIMALTD
 70
3
  9
$DIMALTF
 40
0.03937007874
  9
$DIMLFAC
 40
1.0
  9
$DIMTOFL
 70
1
  9
$DIMTVP
 40
0.0
  9
$DIMTIX
 70
0
  9
$DIMSOXD
 70
0
  9
$DIMSAH
 70
0
  9
$DIMBLK1
  1

  9
$DIMBLK2
  1

  9
$DIMSTYLE
  2
ISO-25
  9
$DIMCLRD
 70
0
  9
$DIMCLRE
 70
0
  9
$DIMCLRT
 70
0
  9
$DIMTFAC
 40
1.0
  9
$DIMGAP
 40
0.625
  9
$DIMJUST
 70
0
  9
$DIMSD1
 70
0
  9
$DIMSD2
 70
0
  9
$DIMTOLJ
 70
0
  9
$DIMTZIN
 70
8
  9
$DIMALTZ
 70
0
  9
$DIMALTTZ
 70
0
  9
$DIMUPT
 70
0
  9
$DIMDEC
 70
2
  9
$DIMTDEC
 70
2
  9
$DIMALTU
 70
2
  9
$DIMALTTD
 70
3
  9
$DIMTXSTY
  7
Standard
  9
$DIMAUNIT
 70
0
  9
$DIMADEC
 70
0
  9
$DIMALTRND
 40
0.0
  9
$DIMAZIN
 70
0
  9
$DIMDSEP
 70
44
  9
$DIMATFIT
 70
3
  9
$DIMFRAC
 70
0
  9
$DIMLDRBLK
  1

  9
$DIMLUNIT
 70
2
  9
$DIMLWD
 70
-2
  9
$DIMLWE
 70
-2
  9
$DIMTMOVE
 70
0
  9
$DIMFXL
 40
1.0
  9
$DIMFXLON
 70
0
  9
$DIMJOGANG
 40
0.785398163397
  9
$DIMTFILL
 70
0
  9
$DIMTFILLCLR
 70
0
  9
$DIMARCSYM
 70
0
  9
$DIMLTYPE
  6

  9
$DIMLTEX1
  6

  9
$DIMLTEX2
  6

  9
$DIMTXTDIRECTION
 70
0
  9
$LUNITS
 70
2
  9
$LUPREC
 70
4
  9
$SKETCHINC
 40
1.0
  9
$FILLETRAD
 40
10.0
  9
$AUNITS
 70
0
  9
$AUPREC
 70
2
  9
$MENU
  1
.
  9
$ELEVATION
 40
0.0
  9
$PELEVATION
 40
0.0
  9
$THICKNESS
 40
0.0
  9
$LIMCHECK
 70
0
  9
$CHAMFERA
 40
0.0
  9
$CHAMFERB
 40
0.0
  9
$CHAMFERC
 40
0.0
  9
$CHAMFERD
 40
0.0
  9
$SKPOLY
 70
0
  9
$TDCREATE
 40
2461313.298923611
  9
$TDUCREATE
 40
2458532.153996898
  9
$TDUPDATE
 40
2461313.298923611
  9
$TDUUPDATE
 40
2458532.1544311
  9
$TDINDWG
 40
0.0
  9
$TDUSRTIMER
 40
0.0
  9
$USRTIMER
 70
1
  9
$ANGBASE
 50
0.0
  9
$ANGDIR
 70
0
  9
$PDMODE
 70
0
  9
$PDSIZE
 40
0.0
  9
$PLINEWID
 40
0.0
  9
$SPLFRAME
 70
0
  9
$SPLINETYPE
 70
6
  9
$SPLINESEGS
 70
8
  9
$HANDSEED
  5
EC
  9
$SURFTAB1
 70
6
  9
$SURFTAB2
 70
6
  9
$SURFTYPE
 70
6
  9
$SURFU
 70
6
  9
$SURFV
 70
6
  9
$UCSBASE
  2

  9
$UCSNAME
  2

  9
$UCSORG
 10
0.0
 20
0.0
 30
0.0
  9
$UCSXDIR
 10
1.0
 20
0.0
 30
0.0
  9
$UCSYDIR
 10
0.0
 20
1.0
 30
0.0
  9
$UCSORTHOREF
  2

  9
$UCSORTHOVIEW
 70
0
  9
$UCSORGTOP
 10
0.0
 20
0.0
 30
0.0
  9
$UCSORGBOTTOM
 10
0.0
 20
0.0
 30
0.0
  9
$UCSORGLEFT
 10
0.0
 20
0.0
 30
0.0
  9
$UCSORGRIGHT
 10
0.0
 20
0.0
 30
0.0
  9
$UCSORGFRONT
 10
0.0
 20
0.0
 30
0.0
  9
$UCSORGBACK
 10
0.0
 20
0.0
 30
0.0
  9
$PUCSBASE
  2

  9
$PUCSNAME
  2

  9
$PUCSORG
 10
0.0
 20
0.0
 30
0.0
  9
$PUCSXDIR
 10
1.0
 20
0.0
 30
0.0
  9
$PUCSYDIR
 10
0.0
 20
1.0
 30
0.0
  9
$PUCSORTHOREF
  2

  9
$PUCSORTHOVIEW
 70
0
  9
$PUCSORGTOP
 10
0.0
 20
0.0
 30
0.0
  9
$PUCSORGBOTTOM
 10
0.0
 20
0.0
 30
0.0
  9
$PUCSORGLEFT
 10
0.0
 20
0.0
 30
0.0
  9
$PUCSORGRIGHT
 10
0.0
 20
0.0
 30
0.0
  9
$PUCSORGFRONT
 10
0.0
 20
0.0
 30
0.0
  9
$PUCSORGBACK
 10
0.0
 20
0.0
 30
0.0
  9
$USERI1
 70
0
  9
$USERI2
 70
0
  9
$USERI3
 70
0
  9
$USERI4
 70
0
  9
$USERI5
 70
0
  9
$USERR1
 40
0.0
  9
$USERR2
 40
0.0
  9
$USERR3
 40
0.0
  9
$USERR4
 40
0.0
  9
$USERR5
 40
0.0
  9
$WORLDVIEW
 70
1
  9
$SHADEDGE
 70
3
  9
$SHADEDIF
 70
70
  9
$TILEMODE
 70
1
  9
$MAXACTVP
 70
64
  9
$PINSBASE
 10
0.0
 20
0.0
 30
0.0
  9
$PLIMCHECK
 70
0
  9
$PEXTMIN
 10
1e+20
 20
1e+20
 30
1e+20
  9
$PEXTMAX
 10
-1e+20
 20
-1e+20
 30
-1e+20
  9
$PLIMMIN
 10
0.0
 20
0.0
  9
$PLIMMAX
 10
420.0
 20
297.0
  9
$UNITMODE
 70
0
  9
$VISRETAIN
 70
1
  9
$PLINEGEN
 70
0
  9
$PSLTSCALE
 70
1
  9
$TREEDEPTH
 70
3020
  9
$CMLSTYLE
  2
Standard
  9
$CMLJUST
 70
0
  9
$CMLSCALE
 40
20.0
  9
$PROXYGRAPHICS
 70
1
  9
$MEASUREMENT
 70
1
  9
$CELWEIGHT
370
-1
  9
$ENDCAPS
280
0
  9
$JOINSTYLE
280
0
  9
$LWDISPLAY
290
0
  9
$INSUNITS
 70
4
  9
$HYPERLINKBASE
  1

  9
$STYLESHEET
  1

  9
$XEDIT
290
1
  9
$CEPSNTYPE
380
0
  9
$PSTYLEMODE
290
1
  9
$FINGERPRINTGUID
  2
{FA87C4CF-CFA0-42E3-8879-1555FF1A05D0}
  9
$VERSIONGUID
  2
{17FD6F6A-F516-4B81-A923-FC59A5A7A9AD}
  9
$EXTNAMES
290
1
  9
$PSVPSCALE
 40
0.0
  9
$OLESTARTUP
290
0
  9
$SORTENTS
280
127
  9
$INDEXCTL
280
0
  9
$HIDETEXT
280
1
  9
$XCLIPFRAME
280
1
  9
$HALOGAP
280
0
  9
$OBSCOLOR
 70
257
  9
$OBSLTYPE
280
0
  9
$INTERSECTIONDISPLAY
280
0
  9
$INTERSECTIONCOLOR
 70
257
  9
$DIMASSOC
280
2
  9
$PROJECTNAME
  1

  9
$CAMERADISPLAY
290
0
  9
$LENSLENGTH
 40
50.0
  9
$CAMERAHEIGHT
 40
0.0
  9
$STEPSPERSEC
 40
24.0
  9
$STEPSIZE
 40
100.0
  9
$3DDWFPREC
 40
2.0
  9
$PSOLWIDTH
 40
0.005
  9
$PSOLHEIGHT
 40
0.08
  9
$LOFTANG1
 40
1.570796326795
  9
$LOFTANG2
 40
1.570796326795
  9
$LOFTMAG1
 40
0.0
  9
$LOFTMAG2
 40
0.0
  9
$LOFTPARAM
 70
7
  9
$LOFTNORMALS
280
1
  9
$LATITUDE
 40
37.795
  9
$LONGITUDE
 40
-122.394
  9
$NORTHDIRECTION
 40
0.0
  9
$TIMEZONE
 70
-8000
  9
$LIGHTGLYPHDISPLAY
280
1
  9
$TILEMODELIGHTSYNCH
280
1
  9
$CMATERIAL
347
20
  9
$SOLIDHIST
280
0
  9
$SHOWHIST
280
1
  9
$DWFFRAME
280
2
  9
$DGNFRAME
280
2
  9
$REALWORLDSCALE
290
1
  9
$INTERFERECOLOR
 62
256
  9
$CSHADOW
280
0
  9
$SHADOWPLANELOCATION
 40
0.0
  0
ENDSEC
  0
SECTION
  2
CLASSES
  0
CLASS
  1
ACDBDICTIONARYWDFLT
  2
AcDbDictionaryWithDefault
  3
ObjectDBX Classes
 90
0
 91
0
280
0
281
0
  0
CLASS
  1
SUN
  2
AcDbSun
  3
SCENEOE
 90
1153
 91
0
280
0
281
0
  0
CLASS
  1
VISUALSTYLE
  2
AcDbVisualStyle
  3
ObjectDBX Classes
 90
4095
 91
0
280
0
281
0
  0
CLASS
  1
MATERIAL
  2
AcDbMaterial
  3
ObjectDBX Classes
 90
1153
 91
0
280
0
281
0
  0
CLASS
  1
SCALE
  2
AcDbScale
  3
ObjectDBX Classes
 90
1153
 91
0
280
0
281
0
  0
CLASS
  1
TABLESTYLE
  2
AcDbTableStyle
  3
ObjectDBX Classes
 90
4095
 91
0
280
0
281
0
  0
CLASS
  1
MLEADERSTYLE
  2
AcDbMLeaderStyle
  3
ACDB_MLEADERSTYLE_CLASS
 90
4095
 91
0
280
0
281
0
  0
CLASS
  1
DICTIONARYVAR
  2
AcDbDictionaryVar
  3
ObjectDBX Classes
 90
0
 91
0
280
0
281
0
  0
CLASS
  1
CELLSTYLEMAP
  2
AcDbCellStyleMap
  3
ObjectDBX Classes
 90
1152
 91
0
280
0
281
0
  0
CLASS
  1
MENTALRAYRENDERSETTINGS
  2
AcDbMentalRayRenderSettings
  3
SCENEOE
 90
1024
 91
0
280
0
281
0
  0
CLASS
  1
ACDBDETAILVIEWSTYLE
  2
AcDbDetailViewStyle
  3
ObjectDBX Classes
 90
1025
 91
0
280
0
281
0
  0
CLASS
  1
ACDBSECTIONVIEWSTYLE
  2
AcDbSectionViewStyle
  3
ObjectDBX Classes
 90
1025
 91
0
280
0
281
0
  0
CLASS
  1
RASTERVARIABLES
  2
AcDbRasterVariables
  3
ISM
 90
0
 91
0
280
0
281
0
  0
CLASS
  1
LAYOUT
  2
AcDbLayout
  3
ObjectDBX Classes
 90
0
 91
0
280
0
281
0
  0
CLASS
  1
ACDBPLACEHOLDER
  2
AcDbPlaceHolder
  3
ObjectDBX Classes
 90
0
 91
0
280
0
281
0
  0
ENDSEC
  0
SECTION
  2
TABLES
  0
TABLE
  2
VPORT
  5
8
330
0
100
AcDbSymbolTable
 70
1
  0
VPORT
  5
E8
330
8
100
AcDbSymbolTableRecord
100
AcDbViewportTableRecord
  2
*Active
 70
0
 10
0.0
 20
0.0
 11
1.0
 21
1.0
 12
197.5
 22
197.5
 13
0.0
 23
0.0
 14
0.5
 24
0.5
 15
0.5
 25
0.5
 16
0.0
 26
0.0
 36
1.0
 17
0.0
 27
0.0
 37
0.0
 40
405.0
 41
1.34
 42
50.0
 43
0.0
 44
0.0
 50
0.0
 51
0.0
 71
0
 72
1000
 73
1
 74
3
 75
0
 76
0
 77
0
 78
0
281
0
 65
1
110
0.0
120
0.0
130
0.0
111
1.0
121
0.0
131
0.0
112
0.0
122
1.0
132
0.0
 79
0
146
0.0
  0
ENDTAB
  0
TABLE
  2
LTYPE
  5
2
330
0
100
AcDbSymbolTable
 70
3
  0
LTYPE
  5
24
330
2
100
AcDbSymbolTableRecord
100
AcDbLinetypeTableRecord
  2
ByBlock
 70
0
  3

 72
65
 73
0
 40
0.0
  0
LTYPE
  5
25
330
2
100
AcDbSymbolTableRecord
100
AcDbLinetypeTableRecord
  2
ByLayer
 70
0
  3

 72
65
 73
0
 40
0.0
  0
LTYPE
  5
26
330
2
100
AcDbSymbolTableRecord
100
AcDbLinetypeTableRecord
  2
Continuous
 70
0
  3

 72
65
 73
0
 40
0.0
  0
ENDTAB
  0
TABLE
  2
LAYER
  5
1
330
0
100
AcDbSymbolTable
 70
3
  0
LAYER
  5
27
330
1
100
AcDbSymbolTableRecord
100
AcDbLayerTableRecord
  2
0
 70
0
 62
7
  6
Continuous
370
-3
390
13
347
21
  0
LAYER
  5
28
330
1
100
AcDbSymbolTableRecord
100
AcDbLayerTableRecord
  2
Defpoints
 70
0
 62
7
  6
Continuous
290
0
370
-3
390
13
347
21
  0
LAYER
  5
2F
330
1
100
AcDbSymbolTableRecord
100
AcDbLayerTableRecord
  2
CORTE
 70
0
 62
7
  6
Continuous
370
-3
390
13
347
21
  0
ENDTAB
  0
TABLE
  2
STYLE
  5
5
330
0
100
AcDbSymbolTable
 70
1
  0
STYLE
  5
29
330
5
100
AcDbSymbolTableRecord
100
AcDbTextStyleTableRecord
  2
Standard
 70
0
 40
0.0
 41
1.0
 50
0.0
 71
0
 42
2.5
  3
txt
  4

  0
ENDTAB
  0
TABLE
  2
VIEW
  5
7
330
0
100
AcDbSymbolTable
 70
0
  0
ENDTAB
  0
TABLE
  2
UCS
  5
6
330
0
100
AcDbSymbolTable
 70
0
  0
ENDTAB
  0
TABLE
  2
APPID
  5
3
330
0
100
AcDbSymbolTable
 70
3
  0
APPID
  5
2A
330
3
100
AcDbSymbolTableRecord
100
AcDbRegAppTableRecord
  2
ACAD
 70
0
  0
APPID
  5
E9
330
3
100
AcDbSymbolTableRecord
100
AcDbRegAppTableRecord
  2
HATCHBACKGROUNDCOLOR
 70
0
  0
APPID
  5
EA
330
3
100
AcDbSymbolTableRecord
100
AcDbRegAppTableRecord
  2
EZDXF
 70
0
  0
ENDTAB
  0
TABLE
  2
DIMSTYLE
  5
4
330
0
100
AcDbSymbolTable
 70
1
100
AcDbDimStyleTable
  0
DIMSTYLE
105
2B
330
4
100
AcDbSymbolTableRecord
100
AcDbDimStyleTableRecord
  2
Standard
 70
0
 40
1.0
 41
2.5
 42
0.625
 43
3.75
 44
1.25
 45
0.0
 46
0.0
 47
0.0
 48
0.0
 49
2.5
140
2.5
141
2.5
142
0.0
143
0.03937007874
144
1.0
145
0.0
146
1.0
147
0.625
148
0.0
 69
0
 70
0
 71
0
 72
0
 73
0
 74
0
 75
0
 76
0
 77
1
 78
8
 79
3
170
0
171
3
172
1
173
0
174
0
175
0
176
0
177
0
178
0
179
2
271
2
272
2
273
2
274
3
275
0
276
0
277
2
278
44
279
0
280
0
281
0
282
0
283
0
284
8
285
0
286
0
288
0
289
3
290
0
371
-2
372
-2
  0
ENDTAB
  0
TABLE
  2
BLOCK_RECORD
  5
9
330
0
100
AcDbSymbolTable
 70
2
  0
BLOCK_RECORD
  5
17
330
9
100
AcDbSymbolTableRecord
100
AcDbBlockTableRecord
  2
*Model_Space
340
1A
 70
0
280
1
281
0
  0
BLOCK_RECORD
  5
1B
330
9
100
AcDbSymbolTableRecord
100
AcDbBlockTableRecord
  2
*Paper_Space
340
1E
 70
0
280
1
281
0
  0
ENDTAB
  0
ENDSEC
  0
SECTION
  2
BLOCKS
  0
BLOCK
  5
18
330
17
100
AcDbEntity
  8
0
100
AcDbBlockBegin
  2
*Model_Space
 70
0
 10
0.0
 20
0.0
 30
0.0
  3
*Model_Space
  1

  0
ENDBLK
  5
19
330
17
100
AcDbEntity
  8
0
100
AcDbBlockEnd
  0
BLOCK
  5
1C
330
1B
100
AcDbEntity
  8
0
100
AcDbBlockBegin
  2
*Paper_Space
 70
0
 10
0.0
 20
0.0
 30
0.0
  3
*Paper_Space
  1

  0
ENDBLK
  5
1D
330
1B
100
AcDbEntity
  8
0
100
AcDbBlockEnd
  0
ENDSEC
  0
SECTION
  2
ENTITIES
  0
LWPOLYLINE
  5
30
330
17
100
AcDbEntity
  8
CORTE
100
AcDbPolyline
 90
100
 70
1
 10
5.000000000000028
 20
52.0
 10
5.000000000000028
 20
60.5268
 10
8.30555000000001
 20
60.5268
 10
8.30555000000001
 20
58.7742
 10
10.78840000000001
 20
58.7742
 10
10.788400000000024
 20
60.5268
 10
11.62660000000001
 20
60.5268
 10
11.62660000000001
 20
63.4732
 10
10.78840000000001
 20
63.4732
 10
10.788400000000024
 20
65.22579999999999
 10
8.30555000000001
 20
65.22579999999999
 10
8.30555000000001
 20
63.4732
 10
5.000000000000014
 20
63.4732
 10
5.000000000000028
 20
72.00000000000001
 10
2.000000000000014
 20
72.00000000000001
 10
2.0000000000000213
 20
121.99999999999999
 10
22.00000000000003
 20
122.0
 10
22.000000000000014
 20
119.00000000000001
 10
30.526800000000016
 20
119.00000000000001
 10
30.526800000000016
 20
115.69445
 10
28.774200000000015
 20
115.69445
 10
28.774200000000015
 20
113.2116
 10
30.526800000000016
 20
113.21160000000002
 10
30.526800000000016
 20
112.3734
 10
33.47320000000001
 20
112.3734
 10
33.47320000000002
 20
113.2116
 10
35.225800000000014
 20
113.21160000000002
 10
35.22580000000002
 20
115.69445
 10
33.47320000000001
 20
115.69445
 10
33.47320000000002
 20
119.00000000000001
 10
42.000000000000014
 20
119.00000000000001
 10
42.000000000000014
 20
122.00000000000001
 10
112.00000000000003
 20
122.0
 10
112.00000000000001
 20
119.00000000000001
 10
120.52680000000002
 20
119.00000000000001
 10
120.52680000000001
 20
115.69445
 10
118.77420000000002
 20
115.69445
 10
118.77420000000001
 20
113.2116
 10
120.52680000000002
 20
113.21160000000002
 10
120.52680000000001
 20
112.3734
 10
123.4732
 20
112.3734
 10
123.4732
 20
113.2116
 10
125.2258
 20
113.21160000000002
 10
125.2258
 20
115.69445
 10
123.4732
 20
115.69445
 10
123.4732
 20
119.00000000000001
 10
132.00000000000003
 20
119.00000000000001
 10
132.00000000000003
 20
122.00000000000001
 10
152.00000000000003
 20
122.0
 10
152.00000000000003
 20
72.00000000000001
 10
149.00000000000003
 20
72.00000000000001
 10
149.00000000000003
 20
63.4732
 10
145.69445000000005
 20
63.4732
 10
145.69445000000005
 20
65.22579999999999
 10
143.21160000000003
 20
65.22579999999999
 10
143.2116
 20
63.4732
 10
142.37340000000003
 20
63.4732
 10
142.37340000000003
 20
60.5268
 10
143.21160000000003
 20
60.5268
 10
143.2116
 20
58.7742
 10
145.69445000000005
 20
58.7742
 10
145.69445000000005
 20
60.5268
 10
149.00000000000003
 20
60.5268
 10
149.00000000000003
 20
52.0
 10
152.00000000000003
 20
52.0
 10
152.00000000000003
 20
2.0
 10
132.00000000000003
 20
2.000000000000012
 10
132.00000000000003
 20
5.0
 10
123.4732
 20
5.0
 10
123.4732
 20
8.305549999999997
 10
125.2258
 20
8.305549999999997
 10
125.2258
 20
10.788400000000003
 10
123.4732
 20
10.788399999999996
 10
123.4732
 20
11.626600000000003
 10
120.52680000000002
 20
11.626600000000003
 10
120.52680000000001
 20
10.788400000000003
 10
118.77420000000002
 20
10.788399999999996
 10
118.77420000000001
 20
8.305549999999997
 10
120.52680000000002
 20
8.305549999999997
 10
120.52680000000001
 20
5.0
 10
112.00000000000001
 20
5.0
 10
112.00000000000001
 20
2.0
 10
42.0
 20
2.000000000000004
 10
42.000000000000014
 20
5.0
 10
33.47320000000001
 20
5.0
 10
33.47320000000002
 20
8.305549999999997
 10
35.225800000000014
 20
8.305549999999997
 10
35.22580000000002
 20
10.788400000000003
 10
33.47320000000001
 20
10.788399999999996
 10
33.47320000000002
 20
11.626600000000003
 10
30.526800000000016
 20
11.626600000000003
 10
30.526800000000016
 20
10.788400000000003
 10
28.774200000000015
 20
10.788399999999996
 10
28.774200000000015
 20
8.305549999999997
 10
30.526800000000016
 20
8.305549999999997
 10
30.526800000000016
 20
5.0
 10
22.000000000000014
 20
5.0
 10
22.000000000000014
 20
2.0
 10
2.0
 20
2.0
 10
2.000000000000013
 20
51.99999999999999
  0
LWPOLYLINE
  5
31
330
17
100
AcDbEntity
  8
CORTE
100
AcDbPolyline
 90
62
 70
1
 10
82.75000000000001
 20
60.5
 10
82.90175248298117
 20
60.507696014912156
 10
83.051947780133
 20
60.53070508812126
 10
83.19904468446005
 20
60.568791115399925
 10
83.34153378267
 20
60.62156328256965
 10
83.47795294379664
 20
60.688480075783126
 10
83.6069023226422
 20
60.768854838189085
 10
83.72705872408335
 20
60.86186281596081
 10
83.8371891808437
 20
60.96654962138647
 10
83.93616360540656
 20
61.08184102617851
 10
84.02296638624215
 20
61.20655398450956
 10
84.09670680935612
 20
61.33940877266355
 10
84.15662819822063
 20
61.47904212073277
 10
84.20211567829932
 20
61.624021201611924
 10
84.23270248649219
 20
61.77285833374314
 10
84.2480747607566
 20
61.92402624674193
 10
84.2480747607566
 20
62.07597375325807
 10
84.23270248649219
 20
62.22714166625687
 10
84.20211567829932
 20
62.37597879838808
 10
84.15662819822063
 20
62.52095787926723
 10
84.09670680935612
 20
62.660591227336454
 10
84.02296638624215
 20
62.793446015490446
 10
83.93616360540656
 20
62.9181589738215
 10
83.8371891808437
 20
63.03345037861353
 10
83.72705872408335
 20
63.13813718403919
 10
83.6069023226422
 20
63.231145161810915
 10
83.47795294379664
 20
63.311519924216874
 10
83.34153378267
 20
63.37843671743035
 10
83.19904468446005
 20
63.431208884600075
 10
83.051947780133
 20
63.46929491187874
 10
82.90175248298117
 20
63.492303985087844
 10
82.75000000000001
 20
63.5
 10
82.59824751701888
 20
63.492303985087844
 10
82.44805221986704
 20
63.46929491187874
 10
82.30095531554
 20
63.431208884600075
 10
82.15846621733004
 20
63.378436717430354
 10
82.0220470562034
 20
63.31151992421688
 10
81.89309767735783
 20
63.23114516181092
 10
81.7729412759167
 20
63.138137184039195
 10
81.66281081915633
 20
63.03345037861354
 10
81.56383639459347
 20
62.9181589738215
 10
81.4770336137579
 20
62.79344601549045
 10
81.40329319064391
 20
62.66059122733646
 10
81.3433718017794
 20
62.520957879267236
 10
81.2978843217007
 20
62.37597879838809
 10
81.26729751350784
 20
62.22714166625687
 10
81.25192523924343
 20
62.075973753258076
 10
81.25192523924343
 20
61.92402624674194
 10
81.26729751350784
 20
61.77285833374314
 10
81.2978843217007
 20
61.624021201611924
 10
81.3433718017794
 20
61.47904212073277
 10
81.40329319064391
 20
61.33940877266355
 10
81.47703361375788
 20
61.206553984509554
 10
81.56383639459347
 20
61.08184102617851
 10
81.66281081915633
 20
60.96654962138647
 10
81.77294127591668
 20
60.86186281596081
 10
81.89309767735783
 20
60.768854838189085
 10
82.02204705620339
 20
60.688480075783126
 10
82.15846621733004
 20
60.62156328256965
 10
82.30095531553998
 20
60.568791115399925
 10
82.44805221986702
 20
60.53070508812126
 10
82.59824751701888
 20
60.507696014912156
  0
LWPOLYLINE
  5
32
330
17
100
AcDbEntity
  8
CORTE
100
AcDbPolyline
 90
62
 70
1
 10
56.750000000000014
 20
34.50000000000001
 10
56.901752482981166
 20
34.50769601491216
 10
57.051947780133005
 20
34.530705088121266
 10
57.199044684460056
 20
34.56879111539993
 10
57.34153378266999
 20
34.62156328256966
 10
57.47795294379664
 20
34.68848007578313
 10
57.606902322642206
 20
34.76885483818909
 10
57.72705872408335
 20
34.86186281596082
 10
57.837189180843694
 20
34.96654962138648
 10
57.93616360540656
 20
35.081841026178516
 10
58.022966386242146
 20
35.20655398450956
 10
58.09670680935613
 20
35.33940877266355
 10
58.15662819822064
 20
35.47904212073278
 10
58.20211567829932
 20
35.624021201611924
 10
58.23270248649218
 20
35.772858333743144
 10
58.248074760756595
 20
35.92402624674194
 10
58.248074760756595
 20
36.075973753258076
 10
58.23270248649218
 20
36.22714166625688
 10
58.20211567829932
 20
36.37597879838809
 10
58.15662819822064
 20
36.520957879267236
 10
58.09670680935613
 20
36.66059122733646
 10
58.02296638624214
 20
36.79344601549045
 10
57.93616360540656
 20
36.918158973821505
 10
57.837189180843694
 20
37.03345037861354
 10
57.72705872408335
 20
37.138137184039195
 10
57.6069023226422
 20
37.23114516181092
 10
57.47795294379664
 20
37.31151992421688
 10
57.34153378266999
 20
37.378436717430354
 10
57.19904468446005
 20
37.43120888460008
 10
57.051947780133005
 20
37.46929491187875
 10
56.90175248298116
 20
37.49230398508785
 10
56.750000000000014
 20
37.50000000000001
 10
56.598247517018876
 20
37.49230398508785
 10
56.44805221986704
 20
37.469294911878755
 10
56.30095531553999
 20
37.43120888460009
 10
56.158466217330044
 20
37.37843671743036
 10
56.022047056203405
 20
37.31151992421689
 10
55.89309767735784
 20
37.23114516181093
 10
55.772941275916686
 20
37.1381371840392
 10
55.66281081915634
 20
37.033450378613544
 10
55.56383639459347
 20
36.91815897382151
 10
55.47703361375789
 20
36.79344601549046
 10
55.4032931906439
 20
36.66059122733647
 10
55.3433718017794
 20
36.52095787926724
 10
55.29788432170071
 20
36.3759787983881
 10
55.26729751350785
 20
36.22714166625688
 10
55.251925239243434
 20
36.07597375325808
 10
55.251925239243434
 20
35.924026246741946
 10
55.26729751350784
 20
35.772858333743144
 10
55.29788432170071
 20
35.62402120161193
 10
55.34337180177939
 20
35.47904212073278
 10
55.4032931906439
 20
35.33940877266355
 10
55.47703361375789
 20
35.20655398450956
 10
55.563836394593466
 20
35.08184102617851
 10
55.662810819156334
 20
34.96654962138648
 10
55.77294127591668
 20
34.86186281596082
 10
55.89309767735783
 20
34.76885483818909
 10
56.02204705620339
 20
34.68848007578313
 10
56.15846621733004
 20
34.62156328256966
 10
56.30095531553998
 20
34.56879111539993
 10
56.44805221986703
 20
34.530705088121266
 10
56.59824751701887
 20
34.50769601491216
  0
LWPOLYLINE
  5
33
330
17
100
AcDbEntity
  8
CORTE
100
AcDbPolyline
 90
62
 70
1
 10
30.750000000000018
 20
60.5
 10
30.901752482981166
 20
60.507696014912156
 10
31.051947780133005
 20
60.53070508812126
 10
31.199044684460052
 20
60.568791115399925
 10
31.341533782669995
 20
60.62156328256965
 10
31.477952943796637
 20
60.688480075783126
 10
31.606902322642206
 20
60.768854838189085
 10
31.72705872408335
 20
60.86186281596081
 10
31.837189180843694
 20
60.96654962138647
 10
31.936163605406563
 20
61.08184102617851
 10
32.022966386242146
 20
61.20655398450956
 10
32.09670680935613
 20
61.33940877266355
 10
32.15662819822063
 20
61.47904212073277
 10
32.20211567829932
 20
61.624021201611924
 10
32.23270248649219
 20
61.77285833374314
 10
32.248074760756595
 20
61.92402624674193
 10
32.248074760756595
 20
62.07597375325807
 10
32.23270248649218
 20
62.22714166625687
 10
32.20211567829932
 20
62.37597879838808
 10
32.15662819822063
 20
62.52095787926723
 10
32.09670680935612
 20
62.660591227336454
 10
32.02296638624214
 20
62.793446015490446
 10
31.936163605406563
 20
62.9181589738215
 10
31.837189180843694
 20
63.03345037861353
 10
31.727058724083346
 20
63.13813718403919
 10
31.606902322642203
 20
63.231145161810915
 10
31.477952943796634
 20
63.311519924216874
 10
31.34153378266999
 20
63.37843671743035
 10
31.199044684460052
 20
63.431208884600075
 10
31.051947780133005
 20
63.46929491187874
 10
30.901752482981163
 20
63.492303985087844
 10
30.750000000000014
 20
63.5
 10
30.59824751701888
 20
63.492303985087844
 10
30.448052219867037
 20
63.46929491187874
 10
30.30095531553999
 20
63.431208884600075
 10
30.158466217330048
 20
63.378436717430354
 10
30.0220470562034
 20
63.31151992421688
 10
29.893097677357833
 20
63.23114516181092
 10
29.77294127591669
 20
63.138137184039195
 10
29.66281081915634
 20
63.03345037861354
 10
29.563836394593473
 20
62.9181589738215
 10
29.477033613757893
 20
62.79344601549045
 10
29.403293190643904
 20
62.66059122733646
 10
29.343371801779394
 20
62.520957879267236
 10
29.29788432170071
 20
62.37597879838809
 10
29.26729751350785
 20
62.22714166625687
 10
29.251925239243434
 20
62.075973753258076
 10
29.251925239243434
 20
61.92402624674194
 10
29.267297513507845
 20
61.77285833374314
 10
29.297884321700707
 20
61.624021201611924
 10
29.343371801779394
 20
61.47904212073277
 10
29.4032931906439
 20
61.33940877266355
 10
29.477033613757886
 20
61.206553984509554
 10
29.563836394593466
 20
61.08184102617851
 10
29.662810819156334
 20
60.96654962138647
 10
29.772941275916683
 20
60.86186281596081
 10
29.893097677357826
 20
60.768854838189085
 10
30.022047056203395
 20
60.688480075783126
 10
30.158466217330037
 20
60.62156328256965
 10
30.30095531553998
 20
60.568791115399925
 10
30.448052219867026
 20
60.53070508812126
 10
30.59824751701887
 20
60.507696014912156
  0
LWPOLYLINE
  5
34
330
17
100
AcDbEntity
  8
CORTE
100
AcDbPolyline
 90
62
 70
1
 10
56.750000000000014
 20
86.5
 10
56.901752482981166
 20
86.50769601491216
 10
57.051947780133005
 20
86.53070508812125
 10
57.199044684460056
 20
86.56879111539993
 10
57.34153378266999
 20
86.62156328256965
 10
57.47795294379664
 20
86.68848007578313
 10
57.606902322642206
 20
86.76885483818909
 10
57.72705872408335
 20
86.86186281596082
 10
57.837189180843694
 20
86.96654962138648
 10
57.93616360540656
 20
87.08184102617851
 10
58.022966386242146
 20
87.20655398450955
 10
58.09670680935613
 20
87.33940877266355
 10
58.15662819822064
 20
87.47904212073277
 10
58.20211567829932
 20
87.62402120161192
 10
58.23270248649218
 20
87.77285833374313
 10
58.248074760756595
 20
87.92402624674193
 10
58.248074760756595
 20
88.07597375325807
 10
58.23270248649218
 20
88.22714166625687
 10
58.20211567829932
 20
88.37597879838809
 10
58.15662819822064
 20
88.52095787926723
 10
58.09670680935613
 20
88.66059122733645
 10
58.02296638624214
 20
88.79344601549045
 10
57.93616360540656
 20
88.91815897382149
 10
57.837189180843694
 20
89.03345037861354
 10
57.72705872408335
 20
89.1381371840392
 10
57.6069023226422
 20
89.23114516181091
 10
57.47795294379664
 20
89.31151992421688
 10
57.34153378266999
 20
89.37843671743035
 10
57.19904468446005
 20
89.43120888460007
 10
57.051947780133005
 20
89.46929491187875
 10
56.90175248298116
 20
89.49230398508784
 10
56.750000000000014
 20
89.5
 10
56.598247517018876
 20
89.49230398508784
 10
56.44805221986704
 20
89.46929491187875
 10
56.30095531553999
 20
89.43120888460008
 10
56.158466217330044
 20
89.37843671743035
 10
56.022047056203405
 20
89.31151992421688
 10
55.89309767735784
 20
89.23114516181091
 10
55.772941275916686
 20
89.1381371840392
 10
55.66281081915634
 20
89.03345037861354
 10
55.56383639459347
 20
88.9181589738215
 10
55.47703361375789
 20
88.79344601549045
 10
55.4032931906439
 20
88.66059122733645
 10
55.3433718017794
 20
88.52095787926724
 10
55.29788432170071
 20
88.37597879838809
 10
55.26729751350785
 20
88.22714166625687
 10
55.251925239243434
 20
88.07597375325807
 10
55.251925239243434
 20
87.92402624674193
 10
55.26729751350784
 20
87.77285833374314
 10
55.29788432170071
 20
87.62402120161192
 10
55.34337180177939
 20
87.47904212073277
 10
55.4032931906439
 20
87.33940877266355
 10
55.47703361375789
 20
87.20655398450955
 10
55.563836394593466
 20
87.08184102617851
 10
55.662810819156334
 20
86.96654962138646
 10
55.77294127591668
 20
86.86186281596082
 10
55.89309767735783
 20
86.76885483818909
 10
56.02204705620339
 20
86.68848007578312
 10
56.15846621733004
 20
86.62156328256965
 10
56.30095531553998
 20
86.56879111539992
 10
56.44805221986703
 20
86.53070508812125
 10
56.59824751701887
 20
86.50769601491216
  0
LWPOLYLINE
  5
35
330
17
100
AcDbEntity
  8
CORTE
100
AcDbPolyline
 90
50
 70
1
 10
76.50000000000001
 20
61.0
 10
76.62533323356432
 20
61.00788529868552
 10
76.74868988716487
 20
61.03141683887137
 10
76.86812455268469
 20
61.07022351411175
 10
76.98175367410174
 20
61.12369331995614
 10
77.08778525229249
 20
61.19098300562506
 10
77.1845471059287
 20
61.27103137257859
 10
77.2705132427758
 20
61.36257601025131
 10
77.34432792550203
 20
61.464173205021005
 10
77.40482705246603
 20
61.57422070843493
 10
77.45105651629517
 20
61.69098300562506
 10
77.4822872507287
 20
61.81261868541428
 10
77.49802672842829
 20
61.937209480470685
 10
77.49802672842829
 20
62.062790519529315
 10
77.4822872507287
 20
62.18738131458573
 10
77.45105651629517
 20
62.30901699437495
 10
77.40482705246603
 20
62.42577929156507
 10
77.34432792550203
 20
62.535826794978995
 10
77.2705132427758
 20
62.63742398974869
 10
77.1845471059287
 20
62.72896862742141
 10
77.08778525229249
 20
62.80901699437495
 10
76.98175367410172
 20
62.87630668004386
 10
76.86812455268469
 20
62.929776485888254
 10
76.74868988716487
 20
62.96858316112863
 10
76.62533323356432
 20
62.99211470131448
 10
76.50000000000001
 20
63.0
 10
76.37466676643571
 20
62.99211470131448
 10
76.25131011283516
 20
62.968583161128635
 10
76.13187544731534
 20
62.929776485888254
 10
76.0182463258983
 20
62.87630668004386
 10
75.91221474770754
 20
62.80901699437495
 10
75.81545289407133
 20
62.72896862742141
 10
75.72948675722422
 20
62.63742398974869
 10
75.655672074498
 20
62.535826794978995
 10
75.595172947534
 20
62.42577929156507
 10
75.54894348370486
 20
62.30901699437495
 10
75.51771274927133
 20
62.18738131458572
 10
75.50197327157174
 20
62.062790519529315
 10
75.50197327157174
 20
61.937209480470685
 10
75.51771274927133
 20
61.81261868541427
 10
75.54894348370486
 20
61.69098300562505
 10
75.595172947534
 20
61.57422070843493
 10
75.655672074498
 20
61.464173205021005
 10
75.72948675722422
 20
61.36257601025131
 10
75.81545289407133
 20
61.271031372578584
 10
75.91221474770754
 20
61.19098300562505
 10
76.0182463258983
 20
61.12369331995613
 10
76.13187544731534
 20
61.070223514111746
 10
76.25131011283516
 20
61.031416838871365
 10
76.37466676643571
 20
61.00788529868552
  0
LWPOLYLINE
  5
36
330
17
100
AcDbEntity
  8
CORTE
100
AcDbPolyline
 90
50
 70
1
 10
47.50000000000002
 20
61.00000000000001
 10
47.62533323356432
 20
61.00788529868553
 10
47.74868988716487
 20
61.03141683887138
 10
47.8681245526847
 20
61.07022351411176
 10
47.98175367410173
 20
61.123693319956146
 10
48.08778525229249
 20
61.190983005625064
 10
48.18454710592871
 20
61.2710313725786
 10
48.270513242775806
 20
61.36257601025132
 10
48.34432792550203
 20
61.46417320502101
 10
48.40482705246603
 20
61.574220708434936
 10
48.45105651629517
 20
61.690983005625064
 10
48.4822872507287
 20
61.812618685414286
 10
48.498026728428286
 20
61.93720948047069
 10
48.498026728428286
 20
62.06279051952932
 10
48.4822872507287
 20
62.187381314585735
 10
48.45105651629517
 20
62.30901699437496
 10
48.40482705246603
 20
62.42577929156508
 10
48.34432792550203
 20
62.535826794979
 10
48.270513242775806
 20
62.6374239897487
 10
48.1845471059287
 20
62.728968627421416
 10
48.087785252292484
 20
62.80901699437496
 10
47.98175367410173
 20
62.87630668004387
 10
47.86812455268469
 20
62.92977648588826
 10
47.74868988716487
 20
62.96858316112864
 10
47.62533323356432
 20
62.992114701314485
 10
47.500000000000014
 20
63.00000000000001
 10
47.37466676643571
 20
62.992114701314485
 10
47.251310112835164
 20
62.96858316112864
 10
47.13187544731534
 20
62.92977648588826
 10
47.018246325898296
 20
62.87630668004387
 10
46.912214747707544
 20
62.80901699437496
 10
46.81545289407133
 20
62.728968627421416
 10
46.72948675722422
 20
62.6374239897487
 10
46.655672074498
 20
62.535826794979
 10
46.595172947533996
 20
62.42577929156508
 10
46.54894348370486
 20
62.30901699437496
 10
46.517712749271325
 20
62.18738131458573
 10
46.50197327157174
 20
62.06279051952932
 10
46.50197327157174
 20
61.93720948047069
 10
46.517712749271325
 20
61.81261868541428
 10
46.54894348370486
 20
61.69098300562506
 10
46.595172947533996
 20
61.574220708434936
 10
46.655672074498
 20
61.46417320502101
 10
46.72948675722422
 20
61.36257601025132
 10
46.81545289407133
 20
61.27103137257859
 10
46.912214747707544
 20
61.19098300562506
 10
47.0182463258983
 20
61.12369331995614
 10
47.13187544731534
 20
61.07022351411175
 10
47.251310112835164
 20
61.03141683887137
 10
47.374666766435716
 20
61.00788529868553
  0
LWPOLYLINE
  5
37
330
17
100
AcDbEntity
  8
CORTE
100
AcDbPolyline
 90
88
 70
1
 10
117.00000000000001
 20
21.499999999999996
 10
117.21401754959771
 20
21.507643656169236
 10
117.42694451481988
 20
21.5305356743572
 10
117.63769586865895
 20
21.56855940208652
 10
117.84519767052431
 20
21.62152107915651
 10
118.04839253879732
 20
21.689150825000716
 10
118.24624503900569
 20
21.771104013936444
 10
118.4377469601602
 20
21.866963031298233
 10
118.62192245236682
 20
21.976239401506458
 10
118.79783299953407
 20
22.09837627722692
 10
118.96458220183588
 20
22.232751276937226
 10
119.12132034355966
 20
22.378679656440358
 10
119.26724872306279
 20
22.535417798164147
 10
119.4016237227731
 20
22.702167000465963
 10
119.52376059849357
 20
22.87807754763321
 10
119.63303696870179
 20
23.06225303983983
 10
119.72889598606358
 20
23.253754960994343
 10
119.8108491749993
 20
23.45160746120271
 10
119.8784789208435
 20
23.654802329475714
 10
119.9314405979135
 20
23.862304131341073
 10
119.96946432564282
 20
24.07305548518015
 10
119.99235634383078
 20
24.285982450402308
 10
120.00000000000001
 20
24.500000000000004
 10
119.99235634383078
 20
24.7140175495977
 10
119.96946432564282
 20
24.92694451481986
 10
119.9314405979135
 20
25.137695868658934
 10
119.8784789208435
 20
25.345197670524293
 10
119.8108491749993
 20
25.548392538797298
 10
119.72889598606358
 20
25.746245039005665
 10
119.63303696870179
 20
25.937746960160176
 10
119.52376059849355
 20
26.121922452366796
 10
119.4016237227731
 20
26.297832999534045
 10
119.26724872306279
 20
26.46458220183586
 10
119.12132034355966
 20
26.621320343559645
 10
118.96458220183587
 20
26.767248723062778
 10
118.79783299953405
 20
26.901623722773085
 10
118.6219224523668
 20
27.023760598493546
 10
118.43774696016018
 20
27.13303696870177
 10
118.24624503900567
 20
27.22889598606356
 10
118.04839253879732
 20
27.310849174999287
 10
117.8451976705243
 20
27.378478920843495
 10
117.63769586865894
 20
27.431440597913483
 10
117.42694451481987
 20
27.4694643256428
 10
117.21401754959771
 20
27.492356343830764
 10
117.00000000000001
 20
27.500000000000004
 10
116.78598245040234
 20
27.492356343830764
 10
116.57305548518018
 20
27.469464325642804
 10
116.3623041313411
 20
27.431440597913486
 10
116.15480232947574
 20
27.378478920843502
 10
115.95160746120274
 20
27.310849174999294
 10
115.75375496099437
 20
27.228895986063566
 10
115.56225303983986
 20
27.133036968701777
 10
115.37807754763324
 20
27.023760598493553
 10
115.20216700046598
 20
26.901623722773092
 10
115.03541779816416
 20
26.767248723062785
 10
114.87867965644038
 20
26.621320343559653
 10
114.73275127693725
 20
26.464582201835867
 10
114.59837627722693
 20
26.29783299953405
 10
114.47623940150648
 20
26.121922452366803
 10
114.36696303129825
 20
25.93774696016018
 10
114.27110401393647
 20
25.746245039005665
 10
114.18915082500072
 20
25.5483925387973
 10
114.12152107915652
 20
25.345197670524293
 10
114.06855940208654
 20
25.137695868658934
 10
114.03053567435721
 20
24.92694451481986
 10
114.00764365616925
 20
24.7140175495977
 10
114.00000000000001
 20
24.5
 10
114.00764365616925
 20
24.2859824504023
 10
114.03053567435721
 20
24.07305548518014
 10
114.06855940208654
 20
23.862304131341066
 10
114.12152107915652
 20
23.654802329475704
 10
114.18915082500072
 20
23.4516074612027
 10
114.27110401393647
 20
23.253754960994332
 10
114.36696303129825
 20
23.06225303983982
 10
114.47623940150648
 20
22.878077547633197
 10
114.59837627722693
 20
22.70216700046595
 10
114.73275127693725
 20
22.535417798164133
 10
114.87867965644038
 20
22.378679656440347
 10
115.03541779816416
 20
22.232751276937215
 10
115.20216700046598
 20
22.09837627722691
 10
115.37807754763323
 20
21.976239401506447
 10
115.56225303983985
 20
21.866963031298226
 10
115.75375496099436
 20
21.771104013936437
 10
115.95160746120273
 20
21.68915082500071
 10
116.15480232947573
 20
21.6215210791565
 10
116.36230413134109
 20
21.568559402086517
 10
116.57305548518016
 20
21.530535674357196
 10
116.78598245040233
 20
21.507643656169236
  0
LWPOLYLINE
  5
38
330
17
100
AcDbEntity
  8
CORTE
100
AcDbPolyline
 90
88
 70
1
 10
117.00000000000001
 20
46.5
 10
117.21401754959771
 20
46.50764365616924
 10
117.42694451481988
 20
46.5305356743572
 10
117.63769586865895
 20
46.56855940208652
 10
117.84519767052431
 20
46.62152107915651
 10
118.04839253879732
 20
46.689150825000716
 10
118.24624503900567
 20
46.77110401393645
 10
118.43774696016018
 20
46.86696303129823
 10
118.62192245236682
 20
46.97623940150646
 10
118.79783299953407
 20
47.098376277226926
 10
118.96458220183587
 20
47.23275127693723
 10
119.12132034355966
 20
47.37867965644036
 10
119.26724872306279
 20
47.53541779816415
 10
119.4016237227731
 20
47.70216700046596
 10
119.52376059849355
 20
47.87807754763321
 10
119.63303696870179
 20
48.06225303983983
 10
119.72889598606358
 20
48.25375496099434
 10
119.8108491749993
 20
48.45160746120271
 10
119.8784789208435
 20
48.654802329475714
 10
119.9314405979135
 20
48.86230413134108
 10
119.96946432564282
 20
49.07305548518015
 10
119.99235634383078
 20
49.28598245040231
 10
120.00000000000001
 20
49.5
 10
119.99235634383078
 20
49.7140175495977
 10
119.96946432564282
 20
49.92694451481986
 10
119.9314405979135
 20
50.13769586865893
 10
119.8784789208435
 20
50.34519767052429
 10
119.81084917499929
 20
50.548392538797295
 10
119.72889598606356
 20
50.746245039005665
 10
119.63303696870177
 20
50.937746960160176
 10
119.52376059849355
 20
51.121922452366796
 10
119.4016237227731
 20
51.297832999534045
 10
119.26724872306279
 20
51.46458220183585
 10
119.12132034355966
 20
51.621320343559645
 10
118.96458220183587
 20
51.76724872306278
 10
118.79783299953405
 20
51.90162372277308
 10
118.6219224523668
 20
52.023760598493546
 10
118.43774696016018
 20
52.13303696870177
 10
118.24624503900567
 20
52.228895986063556
 10
118.0483925387973
 20
52.310849174999284
 10
117.8451976705243
 20
52.37847892084349
 10
117.63769586865894
 20
52.43144059791348
 10
117.42694451481987
 20
52.4694643256428
 10
117.21401754959771
 20
52.49235634383076
 10
117.00000000000001
 20
52.5
 10
116.78598245040234
 20
52.492356343830764
 10
116.57305548518018
 20
52.469464325642804
 10
116.3623041313411
 20
52.431440597913486
 10
116.15480232947574
 20
52.3784789208435
 10
115.95160746120274
 20
52.31084917499929
 10
115.75375496099437
 20
52.22889598606356
 10
115.56225303983986
 20
52.133036968701774
 10
115.37807754763324
 20
52.02376059849355
 10
115.20216700046599
 20
51.90162372277309
 10
115.03541779816418
 20
51.767248723062785
 10
114.87867965644038
 20
51.62132034355965
 10
114.73275127693725
 20
51.46458220183586
 10
114.59837627722693
 20
51.29783299953405
 10
114.47623940150648
 20
51.1219224523668
 10
114.36696303129825
 20
50.937746960160176
 10
114.27110401393647
 20
50.746245039005665
 10
114.18915082500074
 20
50.5483925387973
 10
114.12152107915652
 20
50.34519767052429
 10
114.06855940208654
 20
50.13769586865893
 10
114.03053567435721
 20
49.92694451481986
 10
114.00764365616925
 20
49.7140175495977
 10
114.00000000000001
 20
49.5
 10
114.00764365616925
 20
49.2859824504023
 10
114.03053567435721
 20
49.07305548518014
 10
114.06855940208654
 20
48.86230413134107
 10
114.12152107915652
 20
48.65480232947571
 10
114.18915082500074
 20
48.4516074612027
 10
114.27110401393647
 20
48.253754960994335
 10
114.36696303129825
 20
48.062253039839824
 10
114.47623940150648
 20
47.8780775476332
 10
114.59837627722695
 20
47.70216700046595
 10
114.73275127693725
 20
47.53541779816414
 10
114.87867965644038
 20
47.37867965644035
 10
115.03541779816416
 20
47.232751276937215
 10
115.20216700046598
 20
47.09837627722691
 10
115.37807754763323
 20
46.976239401506454
 10
115.56225303983986
 20
46.866963031298226
 10
115.75375496099437
 20
46.771104013936444
 10
115.95160746120273
 20
46.68915082500071
 10
116.15480232947573
 20
46.62152107915651
 10
116.36230413134109
 20
46.56855940208652
 10
116.57305548518016
 20
46.5305356743572
 10
116.78598245040233
 20
46.50764365616924
  0
LWPOLYLINE
  5
39
330
17
100
AcDbEntity
  8
CORTE
100
AcDbPolyline
 90
88
 70
1
 10
117.00000000000001
 20
71.50000000000001
 10
117.21401754959771
 20
71.50764365616925
 10
117.42694451481988
 20
71.53053567435721
 10
117.63769586865895
 20
71.56855940208654
 10
117.84519767052431
 20
71.62152107915652
 10
118.04839253879732
 20
71.68915082500074
 10
118.24624503900567
 20
71.77110401393647
 10
118.43774696016018
 20
71.86696303129825
 10
118.62192245236682
 20
71.97623940150648
 10
118.79783299953407
 20
72.09837627722693
 10
118.96458220183587
 20
72.23275127693725
 10
119.12132034355966
 20
72.37867965644038
 10
119.26724872306279
 20
72.53541779816416
 10
119.4016237227731
 20
72.70216700046598
 10
119.52376059849355
 20
72.87807754763323
 10
119.63303696870179
 20
73.06225303983985
 10
119.72889598606358
 20
73.25375496099436
 10
119.8108491749993
 20
73.45160746120273
 10
119.8784789208435
 20
73.65480232947573
 10
119.9314405979135
 20
73.86230413134109
 10
119.96946432564282
 20
74.07305548518016
 10
119.99235634383078
 20
74.28598245040232
 10
120.00000000000001
 20
74.50000000000001
 10
119.99235634383078
 20
74.71401754959771
 10
119.96946432564282
 20
74.92694451481988
 10
119.9314405979135
 20
75.13769586865895
 10
119.8784789208435
 20
75.3451976705243
 10
119.81084917499929
 20
75.54839253879732
 10
119.72889598606356
 20
75.74624503900567
 10
119.63303696870177
 20
75.93774696016018
 10
119.52376059849355
 20
76.1219224523668
 10
119.4016237227731
 20
76.29783299953405
 10
119.26724872306279
 20
76.46458220183587
 10
119.12132034355966
 20
76.62132034355966
 10
118.96458220183587
 20
76.76724872306279
 10
118.79783299953405
 20
76.9016237227731
 10
118.6219224523668
 20
77.02376059849355
 10
118.43774696016018
 20
77.13303696870177
 10
118.24624503900567
 20
77.22889598606356
 10
118.0483925387973
 20
77.3108491749993
 10
117.8451976705243
 20
77.3784789208435
 10
117.63769586865894
 20
77.4314405979135
 10
117.42694451481987
 20
77.46946432564282
 10
117.21401754959771
 20
77.49235634383078
 10
117.00000000000001
 20
77.50000000000001
 10
116.78598245040234
 20
77.49235634383078
 10
116.57305548518018
 20
77.46946432564282
 10
116.3623041313411
 20
77.4314405979135
 10
116.15480232947574
 20
77.3784789208435
 10
115.95160746120274
 20
77.3108491749993
 10
115.75375496099437
 20
77.22889598606358
 10
115.56225303983986
 20
77.13303696870179
 10
115.37807754763324
 20
77.02376059849357
 10
115.20216700046599
 20
76.90162372277311
 10
115.03541779816418
 20
76.76724872306279
 10
114.87867965644038
 20
76.62132034355966
 10
114.73275127693725
 20
76.46458220183588
 10
114.59837627722693
 20
76.29783299953407
 10
114.47623940150648
 20
76.12192245236682
 10
114.36696303129825
 20
75.9377469601602
 10
114.27110401393647
 20
75.74624503900569
 10
114.18915082500074
 20
75.54839253879732
 10
114.12152107915652
 20
75.34519767052431
 10
114.06855940208654
 20
75.13769586865895
 10
114.03053567435721
 20
74.92694451481987
 10
114.00764365616925
 20
74.71401754959771
 10
114.00000000000001
 20
74.50000000000001
 10
114.00764365616925
 20
74.28598245040232
 10
114.03053567435721
 20
74.07305548518016
 10
114.06855940208654
 20
73.86230413134108
 10
114.12152107915652
 20
73.65480232947571
 10
114.18915082500074
 20
73.45160746120271
 10
114.27110401393647
 20
73.25375496099434
 10
114.36696303129825
 20
73.06225303983983
 10
114.47623940150648
 20
72.87807754763321
 10
114.59837627722695
 20
72.70216700046596
 10
114.73275127693725
 20
72.53541779816415
 10
114.87867965644038
 20
72.37867965644037
 10
115.03541779816416
 20
72.23275127693724
 10
115.20216700046598
 20
72.09837627722693
 10
115.37807754763323
 20
71.97623940150646
 10
115.56225303983986
 20
71.86696303129824
 10
115.75375496099437
 20
71.77110401393645
 10
115.95160746120273
 20
71.68915082500072
 10
116.15480232947573
 20
71.62152107915652
 10
116.36230413134109
 20
71.56855940208654
 10
116.57305548518016
 20
71.53053567435721
 10
116.78598245040233
 20
71.50764365616925
  0
LWPOLYLINE
  5
3A
330
17
100
AcDbEntity
  8
CORTE
100
AcDbPolyline
 90
88
 70
1
 10
117.00000000000001
 20
96.50000000000001
 10
117.21401754959771
 20
96.50764365616925
 10
117.42694451481988
 20
96.53053567435721
 10
117.63769586865895
 20
96.56855940208654
 10
117.84519767052431
 20
96.62152107915652
 10
118.04839253879732
 20
96.68915082500072
 10
118.24624503900569
 20
96.77110401393647
 10
118.4377469601602
 20
96.86696303129825
 10
118.62192245236682
 20
96.97623940150648
 10
118.79783299953407
 20
97.09837627722693
 10
118.96458220183588
 20
97.23275127693724
 10
119.12132034355966
 20
97.37867965644037
 10
119.26724872306279
 20
97.53541779816416
 10
119.4016237227731
 20
97.70216700046598
 10
119.52376059849357
 20
97.87807754763323
 10
119.63303696870179
 20
98.06225303983985
 10
119.72889598606358
 20
98.25375496099436
 10
119.8108491749993
 20
98.45160746120273
 10
119.8784789208435
 20
98.65480232947573
 10
119.9314405979135
 20
98.86230413134109
 10
119.96946432564282
 20
99.07305548518016
 10
119.99235634383078
 20
99.28598245040232
 10
120.00000000000001
 20
99.50000000000001
 10
119.99235634383078
 20
99.71401754959771
 10
119.96946432564282
 20
99.92694451481988
 10
119.9314405979135
 20
100.13769586865895
 10
119.8784789208435
 20
100.34519767052431
 10
119.8108491749993
 20
100.54839253879732
 10
119.72889598606358
 20
100.74624503900567
 10
119.63303696870179
 20
100.93774696016018
 10
119.52376059849355
 20
101.1219224523668
 10
119.4016237227731
 20
101.29783299953405
 10
119.26724872306279
 20
101.46458220183587
 10
119.12132034355966
 20
101.62132034355966
 10
118.96458220183587
 20
101.76724872306279
 10
118.79783299953405
 20
101.9016237227731
 10
118.6219224523668
 20
102.02376059849357
 10
118.43774696016018
 20
102.13303696870179
 10
118.24624503900567
 20
102.22889598606358
 10
118.04839253879732
 20
102.3108491749993
 10
117.8451976705243
 20
102.3784789208435
 10
117.63769586865894
 20
102.4314405979135
 10
117.42694451481987
 20
102.46946432564282
 10
117.21401754959771
 20
102.49235634383078
 10
117.00000000000001
 20
102.50000000000001
 10
116.78598245040234
 20
102.49235634383078
 10
116.57305548518018
 20
102.46946432564282
 10
116.3623041313411
 20
102.4314405979135
 10
116.15480232947574
 20
102.37847892084352
 10
115.95160746120274
 20
102.3108491749993
 10
115.75375496099437
 20
102.22889598606358
 10
115.56225303983986
 20
102.13303696870179
 10
115.37807754763324
 20
102.02376059849357
 10
115.20216700046598
 20
101.90162372277311
 10
115.03541779816416
 20
101.7672487230628
 10
114.87867965644038
 20
101.62132034355967
 10
114.73275127693725
 20
101.46458220183588
 10
114.59837627722693
 20
101.29783299953407
 10
114.47623940150648
 20
101.12192245236682
 10
114.36696303129825
 20
100.9377469601602
 10
114.27110401393647
 20
100.74624503900569
 10
114.18915082500072
 20
100.54839253879732
 10
114.12152107915652
 20
100.34519767052431
 10
114.06855940208654
 20
100.13769586865895
 10
114.03053567435721
 20
99.92694451481987
 10
114.00764365616925
 20
99.71401754959771
 10
114.00000000000001
 20
99.50000000000001
 10
114.00764365616925
 20
99.28598245040232
 10
114.03053567435721
 20
99.07305548518015
 10
114.06855940208654
 20
98.86230413134108
 10
114.12152107915652
 20
98.65480232947571
 10
114.18915082500072
 20
98.45160746120271
 10
114.27110401393647
 20
98.25375496099434
 10
114.36696303129825
 20
98.06225303983983
 10
114.47623940150648
 20
97.87807754763321
 10
114.59837627722693
 20
97.70216700046596
 10
114.73275127693725
 20
97.53541779816415
 10
114.87867965644038
 20
97.37867965644037
 10
115.03541779816416
 20
97.23275127693724
 10
115.20216700046598
 20
97.09837627722692
 10
115.37807754763323
 20
96.97623940150646
 10
115.56225303983985
 20
96.86696303129824
 10
115.75375496099436
 20
96.77110401393645
 10
115.95160746120273
 20
96.68915082500072
 10
116.15480232947573
 20
96.62152107915652
 10
116.36230413134109
 20
96.56855940208654
 10
116.57305548518016
 20
96.53053567435721
 10
116.78598245040233
 20
96.50764365616925
  0
LWPOLYLINE
  5
3B
330
17
100
AcDbEntity
  8
CORTE
100
AcDbPolyline
 90
4
 70
1
 10
73.50000000000001
 20
55.75
 10
73.50000000000001
 20
68.25
 10
50.500000000000014
 20
68.25000000000001
 10
50.500000000000014
 20
55.75
  0
LWPOLYLINE
  5
3C
330
17
100
AcDbEntity
  8
CORTE
100
AcDbPolyline
 90
100
 70
1
 10
303.0
 20
72.0
 10
303.0
 20
63.4732
 10
299.6944500000001
 20
63.4732
 10
299.6944500000001
 20
65.22579999999999
 10
297.2116000000001
 20
65.22579999999999
 10
297.21160000000003
 20
63.4732
 10
296.37340000000006
 20
63.4732
 10
296.37340000000006
 20
60.5268
 10
297.2116000000001
 20
60.5268
 10
297.21160000000003
 20
58.7742
 10
299.6944500000001
 20
58.7742
 10
299.6944500000001
 20
60.5268
 10
303.0
 20
60.5268
 10
303.0
 20
52.0
 10
306.0
 20
52.0
 10
306.0
 20
2.0
 10
286.00000000000006
 20
2.000000000000002
 10
286.0
 20
5.0
 10
277.4732
 20
5.0
 10
277.4732
 20
8.305549999999997
 10
279.22580000000005
 20
8.305549999999997
 10
279.22580000000005
 20
10.788400000000003
 10
277.4732
 20
10.788399999999996
 10
277.4732
 20
11.626600000000003
 10
274.52680000000004
 20
11.626600000000003
 10
274.52680000000004
 20
10.788400000000003
 10
272.7742
 20
10.788399999999996
 10
272.7742
 20
8.305549999999997
 10
274.52680000000004
 20
8.305549999999997
 10
274.52680000000004
 20
5.0
 10
266.0
 20
5.0
 10
266.0
 20
2.0
 10
196.00000000000006
 20
2.00000000000001
 10
196.00000000000003
 20
5.0
 10
187.47320000000002
 20
5.0
 10
187.47320000000005
 20
8.305549999999997
 10
189.22580000000005
 20
8.305549999999997
 10
189.22580000000005
 20
10.788400000000003
 10
187.47320000000002
 20
10.788399999999996
 10
187.47320000000005
 20
11.626600000000003
 10
184.52680000000004
 20
11.626600000000003
 10
184.52680000000004
 20
10.788400000000003
 10
182.77420000000004
 20
10.788399999999996
 10
182.77420000000004
 20
8.305549999999997
 10
184.52680000000004
 20
8.305549999999997
 10
184.52680000000004
 20
5.0
 10
176.00000000000003
 20
5.0
 10
176.00000000000003
 20
2.0
 10
156.00000000000006
 20
2.000000000000014
 10
156.00000000000003
 20
52.000000000000014
 10
159.00000000000003
 20
52.0
 10
159.00000000000006
 20
60.5268
 10
162.30555000000004
 20
60.5268
 10
162.30555000000004
 20
58.7742
 10
164.78840000000002
 20
58.7742
 10
164.78840000000005
 20
60.5268
 10
165.62660000000002
 20
60.5268
 10
165.62660000000002
 20
63.4732
 10
164.78840000000002
 20
63.4732
 10
164.78840000000005
 20
65.22579999999999
 10
162.30555000000004
 20
65.22579999999999
 10
162.30555000000004
 20
63.4732
 10
159.00000000000003
 20
63.4732
 10
159.00000000000006
 20
72.0
 10
156.00000000000003
 20
72.0
 10
156.00000000000003
 20
122.00000000000001
 10
176.00000000000003
 20
122.0
 10
176.00000000000003
 20
119.0
 10
184.52680000000004
 20
119.0
 10
184.52680000000004
 20
115.69445
 10
182.77420000000004
 20
115.69445
 10
182.77420000000004
 20
113.2116
 10
184.52680000000004
 20
113.2116
 10
184.52680000000004
 20
112.3734
 10
187.47320000000002
 20
112.3734
 10
187.47320000000005
 20
113.2116
 10
189.22580000000005
 20
113.2116
 10
189.22580000000005
 20
115.69445
 10
187.47320000000002
 20
115.69445
 10
187.47320000000005
 20
119.0
 10
196.00000000000003
 20
119.0
 10
196.00000000000003
 20
122.0
 10
266.0
 20
122.0
 10
266.0
 20
119.0
 10
274.52680000000004
 20
119.0
 10
274.52680000000004
 20
115.69445
 10
272.7742
 20
115.69445
 10
272.7742
 20
113.2116
 10
274.52680000000004
 20
113.2116
 10
274.52680000000004
 20
112.3734
 10
277.4732
 20
112.3734
 10
277.4732
 20
113.2116
 10
279.22580000000005
 20
113.2116
 10
279.22580000000005
 20
115.69445
 10
277.4732
 20
115.69445
 10
277.4732
 20
119.0
 10
286.0
 20
119.0
 10
286.0
 20
122.0
 10
306.0
 20
122.0
 10
306.0
 20
72.0
  0
LWPOLYLINE
  5
3D
330
17
100
AcDbEntity
  8
CORTE
100
AcDbPolyline
 90
54
 70
1
 10
295.3665225071135
 20
21.41030970342921
 10
295.4942247126512
 20
21.417747509913074
 10
295.6201999649301
 20
21.439960345791405
 10
295.7427446647717
 20
21.47664782056471
 10
295.86020160533394
 20
21.527313799073458
 10
295.97098238299134
 20
21.591273110874983
 10
296.07358887776866
 20
21.667660815998335
 10
296.16663351284376
 20
21.755443901773607
 10
296.248858019144
 20
21.853435252556146
 10
296.3191504512763
 20
21.96030970342921
 10
296.3765602246817
 20
22.07462196078614
 10
296.42031097066047
 20
22.194826147447014
 10
296.4498110354269
 20
22.319296707995587
 10
296.4646614812118
 20
22.446350391627686
 10
296.4646614812118
 20
22.574269015230733
 10
296.4498110354269
 20
22.701322698862832
 10
296.42031097066047
 20
22.82579325941141
 10
296.3765602246817
 20
22.94599744607228
 10
296.3191504512763
 20
23.06030970342921
 10
296.248858019144
 20
23.167184154302273
 10
296.16663351284376
 20
23.265175505084812
 10
296.07358887776866
 20
23.35295859086008
 10
295.97098238299134
 20
23.429346295983436
 10
295.86020160533394
 20
23.493305607784958
 10
295.7427446647717
 20
23.543971586293704
 10
295.6201999649301
 20
23.58065906106701
 10
295.4942247126512
 20
23.60287189694534
 10
295.3665225071135
 20
23.610309703429206
 10
295.23882030157574
 20
23.60287189694534
 10
295.11284504929677
 20
23.580659061067013
 10
294.9903003494552
 20
23.543971586293708
 10
294.87284340889295
 20
23.49330560778496
 10
294.7620626312356
 20
23.42934629598344
 10
294.6594561364583
 20
23.352958590860084
 10
294.5664115013831
 20
23.265175505084816
 10
294.4841869950829
 20
23.167184154302277
 10
294.41389456295053
 20
23.060309703429212
 10
294.3564847895451
 20
22.945997446072283
 10
294.3127340435664
 20
22.82579325941141
 10
294.2832339788
 20
22.701322698862835
 10
294.268383533015
 20
22.574269015230733
 10
294.268383533015
 20
22.446350391627686
 10
294.2832339788
 20
22.319296707995587
 10
294.3127340435664
 20
22.19482614744701
 10
294.3564847895451
 20
22.07462196078614
 10
294.41389456295053
 20
21.96030970342921
 10
294.4841869950829
 20
21.853435252556146
 10
294.5664115013831
 20
21.755443901773603
 10
294.6594561364583
 20
21.667660815998335
 10
294.76206263123555
 20
21.59127311087498
 10
294.87284340889295
 20
21.527313799073458
 10
294.9903003494552
 20
21.47664782056471
 10
295.11284504929677
 20
21.439960345791405
 10
295.2388203015757
 20
21.417747509913074
  0
LWPOLYLINE
  5
3E
330
17
100
AcDbEntity
  8
CORTE
100
AcDbPolyline
 90
54
 70
1
 10
259.3665225071134
 20
73.4103097034292
 10
259.4942247126512
 20
73.41774750991306
 10
259.6201999649301
 20
73.43996034579139
 10
259.74274466477164
 20
73.47664782056471
 10
259.86020160533394
 20
73.52731379907345
 10
259.97098238299134
 20
73.59127311087497
 10
260.07358887776866
 20
73.66766081599833
 10
260.16663351284376
 20
73.75544390177359
 10
260.248858019144
 20
73.85343525255614
 10
260.3191504512763
 20
73.9603097034292
 10
260.3765602246817
 20
74.07462196078613
 10
260.42031097066047
 20
74.194826147447
 10
260.4498110354269
 20
74.31929670799558
 10
260.4646614812118
 20
74.44635039162767
 10
260.4646614812118
 20
74.57426901523073
 10
260.4498110354269
 20
74.70132269886282
 10
260.42031097066047
 20
74.8257932594114
 10
260.3765602246817
 20
74.94599744607227
 10
260.3191504512763
 20
75.0603097034292
 10
260.248858019144
 20
75.16718415430226
 10
260.16663351284376
 20
75.26517550508481
 10
260.07358887776866
 20
75.35295859086008
 10
259.97098238299134
 20
75.42934629598344
 10
259.86020160533394
 20
75.49330560778496
 10
259.74274466477164
 20
75.5439715862937
 10
259.6201999649301
 20
75.58065906106701
 10
259.4942247126512
 20
75.60287189694535
 10
259.3665225071134
 20
75.6103097034292
 10
259.2388203015757
 20
75.60287189694535
 10
259.11284504929677
 20
75.58065906106701
 10
258.9903003494552
 20
75.54397158629371
 10
258.87284340889295
 20
75.49330560778496
 10
258.76206263123555
 20
75.42934629598344
 10
258.65945613645823
 20
75.35295859086008
 10
258.5664115013831
 20
75.26517550508481
 10
258.4841869950829
 20
75.16718415430228
 10
258.41389456295053
 20
75.06030970342921
 10
258.3564847895451
 20
74.94599744607228
 10
258.31273404356637
 20
74.8257932594114
 10
258.2832339788
 20
74.70132269886282
 10
258.268383533015
 20
74.57426901523073
 10
258.268383533015
 20
74.44635039162767
 10
258.2832339788
 20
74.31929670799558
 10
258.31273404356637
 20
74.194826147447
 10
258.3564847895451
 20
74.07462196078613
 10
258.41389456295053
 20
73.9603097034292
 10
258.4841869950829
 20
73.85343525255614
 10
258.5664115013831
 20
73.75544390177359
 10
258.65945613645823
 20
73.66766081599832
 10
258.76206263123555
 20
73.59127311087497
 10
258.8728434088929
 20
73.52731379907344
 10
258.9903003494552
 20
73.4766478205647
 10
259.11284504929677
 20
73.43996034579139
 10
259.2388203015757
 20
73.41774750991306
  0
LWPOLYLINE
  5
3F
330
17
100
AcDbEntity
  8
CORTE
100
AcDbPolyline
 90
54
 70
1
 10
246.36652250711342
 20
21.41030970342921
 10
246.4942247126512
 20
21.417747509913074
 10
246.62019996493012
 20
21.439960345791405
 10
246.74274466477166
 20
21.47664782056471
 10
246.86020160533394
 20
21.527313799073458
 10
246.97098238299134
 20
21.591273110874983
 10
247.07358887776863
 20
21.667660815998335
 10
247.1666335128438
 20
21.755443901773607
 10
247.248858019144
 20
21.853435252556146
 10
247.3191504512763
 20
21.96030970342921
 10
247.37656022468173
 20
22.07462196078614
 10
247.42031097066047
 20
22.194826147447014
 10
247.44981103542688
 20
22.319296707995587
 10
247.4646614812118
 20
22.446350391627686
 10
247.4646614812118
 20
22.574269015230733
 10
247.44981103542688
 20
22.701322698862832
 10
247.42031097066047
 20
22.82579325941141
 10
247.37656022468173
 20
22.94599744607228
 10
247.3191504512763
 20
23.06030970342921
 10
247.248858019144
 20
23.167184154302273
 10
247.16663351284376
 20
23.265175505084812
 10
247.0735888777686
 20
23.35295859086008
 10
246.9709823829913
 20
23.429346295983436
 10
246.86020160533394
 20
23.493305607784958
 10
246.74274466477166
 20
23.543971586293704
 10
246.62019996493012
 20
23.58065906106701
 10
246.4942247126512
 20
23.60287189694534
 10
246.36652250711342
 20
23.610309703429206
 10
246.2388203015757
 20
23.60287189694534
 10
246.11284504929677
 20
23.580659061067013
 10
245.9903003494552
 20
23.543971586293708
 10
245.87284340889295
 20
23.49330560778496
 10
245.76206263123555
 20
23.42934629598344
 10
245.65945613645823
 20
23.352958590860084
 10
245.56641150138307
 20
23.265175505084816
 10
245.4841869950829
 20
23.167184154302277
 10
245.41389456295056
 20
23.060309703429212
 10
245.35648478954514
 20
22.945997446072283
 10
245.3127340435664
 20
22.82579325941141
 10
245.2832339788
 20
22.701322698862835
 10
245.26838353301503
 20
22.574269015230733
 10
245.26838353301503
 20
22.446350391627686
 10
245.2832339788
 20
22.319296707995587
 10
245.3127340435664
 20
22.19482614744701
 10
245.35648478954514
 20
22.07462196078614
 10
245.41389456295053
 20
21.96030970342921
 10
245.4841869950829
 20
21.853435252556146
 10
245.56641150138307
 20
21.755443901773603
 10
245.65945613645823
 20
21.667660815998335
 10
245.76206263123555
 20
21.59127311087498
 10
245.87284340889292
 20
21.527313799073458
 10
245.9903003494552
 20
21.47664782056471
 10
246.11284504929677
 20
21.439960345791405
 10
246.2388203015757
 20
21.417747509913074
  0
LWPOLYLINE
  5
40
330
17
100
AcDbEntity
  8
CORTE
100
AcDbPolyline
 90
54
 70
1
 10
289.8665225071135
 20
73.4103097034292
 10
289.9942247126512
 20
73.41774750991306
 10
290.1201999649301
 20
73.43996034579139
 10
290.2427446647717
 20
73.47664782056471
 10
290.36020160533394
 20
73.52731379907345
 10
290.47098238299134
 20
73.59127311087497
 10
290.57358887776866
 20
73.66766081599833
 10
290.66663351284376
 20
73.75544390177359
 10
290.748858019144
 20
73.85343525255614
 10
290.8191504512763
 20
73.9603097034292
 10
290.8765602246817
 20
74.07462196078613
 10
290.92031097066047
 20
74.194826147447
 10
290.9498110354269
 20
74.31929670799558
 10
290.9646614812118
 20
74.44635039162767
 10
290.9646614812118
 20
74.57426901523073
 10
290.9498110354269
 20
74.70132269886282
 10
290.92031097066047
 20
74.8257932594114
 10
290.8765602246817
 20
74.94599744607227
 10
290.8191504512763
 20
75.0603097034292
 10
290.748858019144
 20
75.16718415430226
 10
290.66663351284376
 20
75.26517550508481
 10
290.57358887776866
 20
75.35295859086008
 10
290.47098238299134
 20
75.42934629598344
 10
290.36020160533394
 20
75.49330560778496
 10
290.2427446647717
 20
75.5439715862937
 10
290.1201999649301
 20
75.58065906106701
 10
289.9942247126512
 20
75.60287189694535
 10
289.8665225071135
 20
75.6103097034292
 10
289.73882030157574
 20
75.60287189694535
 10
289.61284504929677
 20
75.58065906106701
 10
289.4903003494552
 20
75.54397158629371
 10
289.37284340889295
 20
75.49330560778496
 10
289.26206263123555
 20
75.42934629598344
 10
289.1594561364583
 20
75.35295859086008
 10
289.0664115013831
 20
75.26517550508481
 10
288.9841869950829
 20
75.16718415430228
 10
288.91389456295053
 20
75.06030970342921
 10
288.8564847895451
 20
74.94599744607228
 10
288.81273404356637
 20
74.8257932594114
 10
288.7832339788
 20
74.70132269886282
 10
288.768383533015
 20
74.57426901523073
 10
288.768383533015
 20
74.44635039162767
 10
288.7832339788
 20
74.31929670799558
 10
288.81273404356637
 20
74.194826147447
 10
288.8564847895451
 20
74.07462196078613
 10
288.91389456295053
 20
73.9603097034292
 10
288.9841869950829
 20
73.85343525255614
 10
289.0664115013831
 20
73.75544390177359
 10
289.1594561364583
 20
73.66766081599832
 10
289.26206263123555
 20
73.59127311087497
 10
289.37284340889295
 20
73.52731379907344
 10
289.4903003494552
 20
73.4766478205647
 10
289.61284504929677
 20
73.43996034579139
 10
289.7388203015757
 20
73.41774750991306
  0
LWPOLYLINE
  5
41
330
17
100
AcDbEntity
  8
CORTE
100
AcDbPolyline
 90
52
 70
1
 10
351.4732
 20
145.69445
 10
351.4732
 20
149.0
 10
360.0
 20
148.99999999999997
 10
360.0
 20
152.0
 10
387.0
 20
152.0
 10
387.0
 20
132.0
 10
390.00000000000045
 20
132.0
 10
390.0
 20
112.0
 10
387.00000000000045
 20
112.0
 10
387.0
 20
42.00000000000001
 10
390.00000000000045
 20
42.00000000000001
 10
390.0
 20
22.0
 10
387.00000000000045
 20
22.0
 10
387.0
 20
2.0
 10
360.0
 20
2.0
 10
360.0
 20
5.0
 10
351.4732
 20
5.000000000000014
 10
351.4732
 20
8.30555000000001
 10
353.2258
 20
8.305549999999997
 10
353.2258
 20
10.788399999999996
 10
351.4732
 20
10.78840000000001
 10
351.4732
 20
11.626599999999996
 10
348.5268
 20
11.626599999999996
 10
348.5268
 20
10.788399999999996
 10
346.7742
 20
10.78840000000001
 10
346.7742
 20
8.30555000000001
 10
348.5268
 20
8.305549999999997
 10
348.5268
 20
5.0
 10
340.0
 20
5.000000000000014
 10
340.0
 20
2.0
 10
313.0
 20
2.0
 10
313.0
 20
22.0
 10
310.00000000000045
 20
22.0
 10
310.0
 20
42.00000000000001
 10
313.00000000000045
 20
42.00000000000001
 10
313.0
 20
112.0
 10
310.00000000000045
 20
112.0
 10
310.0
 20
132.0
 10
313.00000000000045
 20
132.0
 10
313.0
 20
152.0
 10
340.0
 20
152.0
 10
340.0
 20
149.0
 10
348.5268
 20
148.99999999999997
 10
348.5268
 20
145.69445
 10
346.7742
 20
145.69445
 10
346.7742
 20
143.2116
 10
348.5268
 20
143.2116
 10
348.5268
 20
142.3734
 10
351.4732
 20
142.3734
 10
351.4732
 20
143.2116
 10
353.2258
 20
143.2116
 10
353.2258
 20
145.69445
  0
LWPOLYLINE
  5
42
330
17
100
AcDbEntity
  8
CORTE
100
AcDbPolyline
 90
62
 70
1
 10
310.0268
 20
122.0
 10
310.0343585127791
 20
121.85095882804812
 10
310.05695649054684
 20
121.70344702020539
 10
310.09436204747146
 20
121.55897824723566
 10
310.14619135192106
 20
121.41903495424707
 10
310.2119125650958
 20
121.28505314879922
 10
310.2908512984135
 20
121.15840766552236
 10
310.382197533649
 20
121.04039805845363
 10
310.48501393481774
 20
120.93223526585406
 10
310.5982454665108
 20
120.83502918434338
 10
310.7207302199863
 20
120.74977727985873
 10
310.8512113359253
 20
120.67735435230439
 10
310.988349901509
 20
120.61850355892092
 10
311.13073868947646
 20
120.57382878848631
 10
311.27691659818026
 20
120.54378846459983
 10
311.4253836444668
 20
120.52869084163561
 10
311.5746163555332
 20
120.52869084163561
 10
311.72308340181974
 20
120.54378846459983
 10
311.8692613105236
 20
120.57382878848631
 10
312.01165009849103
 20
120.61850355892093
 10
312.1487886640747
 20
120.67735435230439
 10
312.2792697800137
 20
120.74977727985875
 10
312.4017545334892
 20
120.8350291843434
 10
312.5149860651823
 20
120.93223526585408
 10
312.617802466351
 20
121.04039805845363
 10
312.70914870158657
 20
121.15840766552236
 10
312.78808743490424
 20
121.28505314879922
 10
312.85380864807894
 20
121.41903495424707
 10
312.90563795252854
 20
121.55897824723566
 10
312.9430435094532
 20
121.7034470202054
 10
312.965641487221
 20
121.85095882804814
 10
312.9732
 20
122.00000000000001
 10
312.965641487221
 20
122.14904117195188
 10
312.9430435094532
 20
122.29655297979461
 10
312.90563795252854
 20
122.44102175276434
 10
312.85380864807894
 20
122.58096504575293
 10
312.78808743490424
 20
122.71494685120078
 10
312.70914870158657
 20
122.84159233447764
 10
312.617802466351
 20
122.95960194154637
 10
312.5149860651823
 20
123.06776473414594
 10
312.4017545334892
 20
123.16497081565662
 10
312.2792697800137
 20
123.25022272014127
 10
312.1487886640747
 20
123.32264564769561
 10
312.01165009849103
 20
123.38149644107908
 10
311.86926131052354
 20
123.42617121151369
 10
311.72308340181974
 20
123.45621153540017
 10
311.5746163555332
 20
123.47130915836439
 10
311.4253836444668
 20
123.47130915836439
 10
311.27691659818026
 20
123.45621153540017
 10
311.13073868947646
 20
123.42617121151369
 10
310.988349901509
 20
123.38149644107908
 10
310.8512113359253
 20
123.32264564769561
 10
310.7207302199863
 20
123.25022272014127
 10
310.5982454665108
 20
123.16497081565662
 10
310.48501393481774
 20
123.06776473414594
 10
310.382197533649
 20
122.95960194154638
 10
310.2908512984135
 20
122.84159233447765
 10
310.2119125650958
 20
122.71494685120079
 10
310.14619135192106
 20
122.58096504575295
 10
310.09436204747146
 20
122.44102175276436
 10
310.05695649054684
 20
122.29655297979461
 10
310.0343585127791
 20
122.1490411719519
  0
LWPOLYLINE
  5
43
330
17
100
AcDbEntity
  8
CORTE
100
AcDbPolyline
 90
62
 70
1
 10
310.0268
 20
32.0
 10
310.0343585127791
 20
31.85095882804812
 10
310.05695649054684
 20
31.703447020205388
 10
310.09436204747146
 20
31.55897824723565
 10
310.14619135192106
 20
31.41903495424706
 10
310.2119125650958
 20
31.285053148799214
 10
310.2908512984135
 20
31.158407665522354
 10
310.382197533649
 20
31.040398058453626
 10
310.48501393481774
 20
30.93223526585406
 10
310.5982454665108
 20
30.835029184343384
 10
310.7207302199863
 20
30.749777279858733
 10
310.8512113359253
 20
30.677354352304384
 10
310.988349901509
 20
30.61850355892092
 10
311.13073868947646
 20
30.57382878848631
 10
311.27691659818026
 20
30.543788464599828
 10
311.4253836444668
 20
30.52869084163561
 10
311.5746163555332
 20
30.52869084163561
 10
311.72308340181974
 20
30.543788464599828
 10
311.8692613105236
 20
30.573828788486317
 10
312.01165009849103
 20
30.618503558920928
 10
312.1487886640747
 20
30.67735435230439
 10
312.2792697800137
 20
30.74977727985874
 10
312.4017545334892
 20
30.83502918434339
 10
312.5149860651823
 20
30.932235265854068
 10
312.617802466351
 20
31.040398058453633
 10
312.70914870158657
 20
31.15840766552236
 10
312.78808743490424
 20
31.28505314879922
 10
312.85380864807894
 20
31.419034954247067
 10
312.90563795252854
 20
31.558978247235657
 10
312.9430435094532
 20
31.703447020205395
 10
312.965641487221
 20
31.850958828048128
 10
312.9732
 20
32.000000000000014
 10
312.965641487221
 20
32.149041171951886
 10
312.9430435094532
 20
32.29655297979461
 10
312.90563795252854
 20
32.44102175276435
 10
312.85380864807894
 20
32.58096504575293
 10
312.78808743490424
 20
32.714946851200786
 10
312.70914870158657
 20
32.84159233447764
 10
312.617802466351
 20
32.959601941546374
 10
312.5149860651823
 20
33.06776473414593
 10
312.4017545334892
 20
33.16497081565661
 10
312.2792697800137
 20
33.25022272014126
 10
312.1487886640747
 20
33.32264564769561
 10
312.01165009849103
 20
33.38149644107907
 10
311.86926131052354
 20
33.42617121151368
 10
311.72308340181974
 20
33.456211535400165
 10
311.5746163555332
 20
33.471309158364384
 10
311.4253836444668
 20
33.471309158364384
 10
311.27691659818026
 20
33.456211535400165
 10
311.13073868947646
 20
33.42617121151368
 10
310.988349901509
 20
33.38149644107907
 10
310.8512113359253
 20
33.32264564769561
 10
310.7207302199863
 20
33.25022272014126
 10
310.5982454665108
 20
33.16497081565661
 10
310.48501393481774
 20
33.06776473414593
 10
310.382197533649
 20
32.959601941546374
 10
310.2908512984135
 20
32.841592334477646
 10
310.2119125650958
 20
32.714946851200786
 10
310.14619135192106
 20
32.58096504575294
 10
310.09436204747146
 20
32.44102175276435
 10
310.05695649054684
 20
32.29655297979461
 10
310.0343585127791
 20
32.149041171951886
  0
LWPOLYLINE
  5
44
330
17
100
AcDbEntity
  8
CORTE
100
AcDbPolyline
 90
62
 70
1
 10
387.0268
 20
122.0
 10
387.034358512779
 20
121.85095882804812
 10
387.05695649054684
 20
121.70344702020539
 10
387.09436204747146
 20
121.55897824723566
 10
387.14619135192106
 20
121.41903495424707
 10
387.2119125650958
 20
121.28505314879921
 10
387.29085129841343
 20
121.15840766552235
 10
387.382197533649
 20
121.04039805845362
 10
387.4850139348177
 20
120.93223526585406
 10
387.5982454665108
 20
120.83502918434338
 10
387.7207302199863
 20
120.74977727985873
 10
387.8512113359253
 20
120.67735435230438
 10
387.988349901509
 20
120.61850355892092
 10
388.13073868947646
 20
120.57382878848631
 10
388.27691659818026
 20
120.54378846459983
 10
388.4253836444668
 20
120.52869084163561
 10
388.5746163555332
 20
120.52869084163561
 10
388.72308340181974
 20
120.54378846459983
 10
388.86926131052354
 20
120.57382878848631
 10
389.01165009849103
 20
120.61850355892092
 10
389.1487886640747
 20
120.67735435230439
 10
389.2792697800137
 20
120.74977727985873
 10
389.4017545334892
 20
120.83502918434338
 10
389.5149860651823
 20
120.93223526585406
 10
389.617802466351
 20
121.04039805845363
 10
389.70914870158657
 20
121.15840766552236
 10
389.78808743490424
 20
121.28505314879922
 10
389.85380864807894
 20
121.41903495424707
 10
389.90563795252854
 20
121.55897824723566
 10
389.94304350945316
 20
121.7034470202054
 10
389.965641487221
 20
121.85095882804814
 10
389.9732
 20
122.00000000000001
 10
389.965641487221
 20
122.14904117195188
 10
389.94304350945316
 20
122.29655297979461
 10
389.90563795252854
 20
122.44102175276436
 10
389.85380864807894
 20
122.58096504575295
 10
389.7880874349042
 20
122.71494685120079
 10
389.70914870158657
 20
122.84159233447765
 10
389.617802466351
 20
122.95960194154638
 10
389.5149860651823
 20
123.06776473414594
 10
389.4017545334892
 20
123.16497081565662
 10
389.2792697800137
 20
123.25022272014127
 10
389.1487886640747
 20
123.32264564769562
 10
389.011650098491
 20
123.38149644107908
 10
388.86926131052354
 20
123.42617121151369
 10
388.72308340181974
 20
123.45621153540017
 10
388.5746163555332
 20
123.47130915836439
 10
388.4253836444668
 20
123.47130915836439
 10
388.27691659818026
 20
123.45621153540017
 10
388.13073868947646
 20
123.42617121151369
 10
387.988349901509
 20
123.38149644107908
 10
387.8512113359253
 20
123.32264564769562
 10
387.7207302199863
 20
123.25022272014127
 10
387.5982454665108
 20
123.16497081565662
 10
387.4850139348177
 20
123.06776473414594
 10
387.382197533649
 20
122.95960194154638
 10
387.29085129841343
 20
122.84159233447765
 10
387.2119125650958
 20
122.71494685120079
 10
387.14619135192106
 20
122.58096504575295
 10
387.09436204747146
 20
122.44102175276436
 10
387.05695649054684
 20
122.29655297979461
 10
387.034358512779
 20
122.1490411719519
  0
LWPOLYLINE
  5
45
330
17
100
AcDbEntity
  8
CORTE
100
AcDbPolyline
 90
62
 70
1
 10
387.0268
 20
32.0
 10
387.034358512779
 20
31.850958828048114
 10
387.05695649054684
 20
31.703447020205388
 10
387.09436204747146
 20
31.55897824723565
 10
387.14619135192106
 20
31.41903495424706
 10
387.2119125650958
 20
31.285053148799214
 10
387.29085129841343
 20
31.158407665522354
 10
387.382197533649
 20
31.04039805845362
 10
387.4850139348177
 20
30.93223526585406
 10
387.5982454665108
 20
30.835029184343384
 10
387.7207302199863
 20
30.749777279858733
 10
387.8512113359253
 20
30.677354352304384
 10
387.988349901509
 20
30.61850355892092
 10
388.13073868947646
 20
30.573828788486303
 10
388.27691659818026
 20
30.54378846459982
 10
388.4253836444668
 20
30.5286908416356
 10
388.5746163555332
 20
30.5286908416356
 10
388.72308340181974
 20
30.543788464599828
 10
388.86926131052354
 20
30.57382878848631
 10
389.01165009849103
 20
30.61850355892092
 10
389.1487886640747
 20
30.677354352304384
 10
389.2792697800137
 20
30.749777279858733
 10
389.4017545334892
 20
30.835029184343384
 10
389.5149860651823
 20
30.932235265854068
 10
389.617802466351
 20
31.040398058453626
 10
389.70914870158657
 20
31.15840766552236
 10
389.78808743490424
 20
31.28505314879922
 10
389.85380864807894
 20
31.419034954247067
 10
389.90563795252854
 20
31.558978247235657
 10
389.94304350945316
 20
31.703447020205395
 10
389.965641487221
 20
31.850958828048128
 10
389.9732
 20
32.000000000000014
 10
389.965641487221
 20
32.149041171951886
 10
389.94304350945316
 20
32.29655297979461
 10
389.90563795252854
 20
32.44102175276435
 10
389.85380864807894
 20
32.58096504575294
 10
389.7880874349042
 20
32.714946851200786
 10
389.70914870158657
 20
32.841592334477646
 10
389.617802466351
 20
32.959601941546374
 10
389.5149860651823
 20
33.06776473414594
 10
389.4017545334892
 20
33.164970815656616
 10
389.2792697800137
 20
33.25022272014127
 10
389.1487886640747
 20
33.322645647695616
 10
389.011650098491
 20
33.38149644107908
 10
388.86926131052354
 20
33.42617121151369
 10
388.72308340181974
 20
33.45621153540017
 10
388.5746163555332
 20
33.47130915836439
 10
388.4253836444668
 20
33.47130915836439
 10
388.27691659818026
 20
33.45621153540017
 10
388.13073868947646
 20
33.42617121151369
 10
387.988349901509
 20
33.38149644107908
 10
387.8512113359253
 20
33.322645647695616
 10
387.7207302199863
 20
33.25022272014127
 10
387.5982454665108
 20
33.164970815656616
 10
387.4850139348177
 20
33.06776473414594
 10
387.382197533649
 20
32.959601941546374
 10
387.29085129841343
 20
32.841592334477646
 10
387.2119125650958
 20
32.714946851200786
 10
387.14619135192106
 20
32.58096504575294
 10
387.09436204747146
 20
32.44102175276435
 10
387.05695649054684
 20
32.29655297979461
 10
387.034358512779
 20
32.149041171951886
  0
LWPOLYLINE
  5
46
330
17
100
AcDbEntity
  8
CORTE
100
AcDbPolyline
 90
4
 70
1
 10
373.0
 20
110.7
 10
361.0
 20
110.7
 10
361.0
 20
97.69999999999999
 10
373.0
 20
97.7
  0
LWPOLYLINE
  5
47
330
17
100
AcDbEntity
  8
CORTE
100
AcDbPolyline
 90
52
 70
1
 10
52.0
 20
159.00000000000003
 10
43.473200000000006
 20
159.00000000000003
 10
43.47319999999999
 20
162.30555
 10
45.22579999999999
 20
162.30555
 10
45.22579999999999
 20
164.7884
 10
43.47319999999999
 20
164.78840000000002
 10
43.47319999999999
 20
165.6266
 10
40.526799999999994
 20
165.62660000000002
 10
40.526799999999994
 20
164.7884
 10
38.77419999999999
 20
164.78840000000002
 10
38.77419999999999
 20
162.30555
 10
40.526799999999994
 20
162.30555
 10
40.526799999999994
 20
159.0
 10
32.0
 20
159.00000000000003
 10
32.0
 20
156.00000000000003
 10
5.0
 20
156.0
 10
5.0
 20
176.0
 10
2.0000000000004547
 20
176.0
 10
2.0
 20
196.0
 10
5.000000000000455
 20
196.0
 10
5.0
 20
266.0
 10
2.0000000000004547
 20
266.0
 10
2.0
 20
286.0
 10
5.000000000000455
 20
286.0
 10
5.0
 20
306.0
 10
32.0
 20
306.0
 10
32.0
 20
303.0
 10
40.526799999999994
 20
303.0
 10
40.526799999999994
 20
299.69445
 10
38.77419999999999
 20
299.69445
 10
38.77419999999999
 20
297.2116
 10
40.526799999999994
 20
297.2116
 10
40.526799999999994
 20
296.3734
 10
43.47319999999999
 20
296.3734
 10
43.47319999999999
 20
297.2116
 10
45.22579999999999
 20
297.2116
 10
45.22579999999999
 20
299.69445
 10
43.47319999999999
 20
299.69445
 10
43.47319999999999
 20
303.0
 10
52.0
 20
303.0
 10
52.0
 20
306.0
 10
79.0
 20
306.0
 10
79.0
 20
286.0
 10
82.00000000000048
 20
286.0
 10
82.0
 20
266.0
 10
79.00000000000048
 20
266.0
 10
79.0
 20
196.0
 10
82.00000000000048
 20
196.0
 10
82.0
 20
176.0
 10
79.00000000000048
 20
176.0
 10
79.0
 20
156.0
 10
52.0
 20
156.0
  0
LWPOLYLINE
  5
48
330
17
100
AcDbEntity
  8
CORTE
100
AcDbPolyline
 90
62
 70
1
 10
2.0268000000000086
 20
186.00000000000003
 10
2.0343585127790647
 20
185.85095882804814
 10
2.056956490546824
 20
185.7034470202054
 10
2.0943620474714493
 20
185.55897824723567
 10
2.1461913519210754
 20
185.41903495424708
 10
2.211912565095801
 20
185.28505314879925
 10
2.2908512984134433
 20
185.1584076655224
 10
2.382197533648977
 20
185.04039805845366
 10
2.485013934817701
 20
184.93223526585408
 10
2.5982454665107753
 20
184.8350291843434
 10
2.720730219986322
 20
184.74977727985876
 10
2.851211335925285
 20
184.6773543523044
 10
2.988349901509011
 20
184.61850355892093
 10
3.130738689476445
 20
184.57382878848634
 10
3.27691659818025
 20
184.54378846459986
 10
3.4253836444668053
 20
184.52869084163564
 10
3.5746163555331805
 20
184.52869084163564
 10
3.7230834018197356
 20
184.54378846459986
 10
3.869261310523541
 20
184.57382878848634
 10
4.011650098490989
 20
184.61850355892093
 10
4.148788664074701
 20
184.6773543523044
 10
4.279269780013678
 20
184.74977727985876
 10
4.4017545334892105
 20
184.8350291843434
 10
4.514986065182299
 20
184.93223526585408
 10
4.617802466351009
 20
185.04039805845363
 10
4.709148701586557
 20
185.15840766552236
 10
4.788087434904199
 20
185.28505314879922
 10
4.853808648078925
 20
185.41903495424708
 10
4.905637952528551
 20
185.55897824723567
 10
4.943043509453176
 20
185.7034470202054
 10
4.965641487220935
 20
185.85095882804814
 10
4.973199999999991
 20
186.00000000000003
 10
4.965641487220935
 20
186.1490411719519
 10
4.943043509453162
 20
186.29655297979463
 10
4.905637952528551
 20
186.44102175276436
 10
4.85380864807891
 20
186.58096504575295
 10
4.788087434904199
 20
186.7149468512008
 10
4.709148701586557
 20
186.84159233447767
 10
4.617802466351009
 20
186.9596019415464
 10
4.514986065182299
 20
187.06776473414595
 10
4.4017545334892105
 20
187.16497081565663
 10
4.279269780013678
 20
187.25022272014127
 10
4.148788664074701
 20
187.32264564769562
 10
4.011650098490989
 20
187.3814964410791
 10
3.869261310523541
 20
187.4261712115137
 10
3.7230834018197356
 20
187.45621153540017
 10
3.5746163555331947
 20
187.4713091583644
 10
3.4253836444668053
 20
187.4713091583644
 10
3.27691659818025
 20
187.45621153540017
 10
3.130738689476459
 20
187.4261712115137
 10
2.988349901509011
 20
187.3814964410791
 10
2.8512113359252993
 20
187.32264564769562
 10
2.720730219986322
 20
187.25022272014127
 10
2.5982454665107895
 20
187.16497081565663
 10
2.485013934817701
 20
187.06776473414595
 10
2.3821975336489913
 20
186.9596019415464
 10
2.2908512984134433
 20
186.84159233447767
 10
2.211912565095801
 20
186.7149468512008
 10
2.1461913519210754
 20
186.58096504575295
 10
2.0943620474714493
 20
186.44102175276436
 10
2.056956490546824
 20
186.29655297979463
 10
2.0343585127790647
 20
186.1490411719519
  0
LWPOLYLINE
  5
49
330
17
100
AcDbEntity
  8
CORTE
100
AcDbPolyline
 90
62
 70
1
 10
2.0268000000000086
 20
276.0
 10
2.0343585127790647
 20
275.85095882804814
 10
2.056956490546824
 20
275.70344702020543
 10
2.0943620474714493
 20
275.5589782472357
 10
2.1461913519210754
 20
275.4190349542471
 10
2.211912565095801
 20
275.28505314879925
 10
2.2908512984134433
 20
275.15840766552236
 10
2.382197533648977
 20
275.04039805845366
 10
2.485013934817701
 20
274.9322352658541
 10
2.5982454665107753
 20
274.8350291843434
 10
2.720730219986322
 20
274.7497772798588
 10
2.851211335925285
 20
274.6773543523044
 10
2.988349901509011
 20
274.61850355892096
 10
3.130738689476445
 20
274.5738287884863
 10
3.27691659818025
 20
274.54378846459986
 10
3.4253836444668053
 20
274.52869084163564
 10
3.5746163555331805
 20
274.52869084163564
 10
3.7230834018197356
 20
274.54378846459986
 10
3.869261310523541
 20
274.5738287884863
 10
4.011650098490989
 20
274.6185035589209
 10
4.148788664074701
 20
274.6773543523044
 10
4.279269780013678
 20
274.74977727985873
 10
4.4017545334892105
 20
274.8350291843434
 10
4.514986065182299
 20
274.93223526585405
 10
4.617802466351009
 20
275.04039805845366
 10
4.709148701586557
 20
275.15840766552236
 10
4.788087434904199
 20
275.28505314879925
 10
4.853808648078925
 20
275.4190349542471
 10
4.905637952528551
 20
275.5589782472357
 10
4.943043509453176
 20
275.70344702020543
 10
4.965641487220935
 20
275.85095882804814
 10
4.973199999999991
 20
276.0
 10
4.965641487220935
 20
276.1490411719519
 10
4.943043509453162
 20
276.2965529797946
 10
4.905637952528551
 20
276.44102175276436
 10
4.85380864807891
 20
276.580965045753
 10
4.788087434904199
 20
276.7149468512008
 10
4.709148701586557
 20
276.8415923344777
 10
4.617802466351009
 20
276.9596019415464
 10
4.514986065182299
 20
277.06776473414595
 10
4.4017545334892105
 20
277.1649708156566
 10
4.279269780013678
 20
277.25022272014127
 10
4.148788664074701
 20
277.3226456476956
 10
4.011650098490989
 20
277.3814964410791
 10
3.869261310523541
 20
277.4261712115137
 10
3.7230834018197356
 20
277.4562115354002
 10
3.5746163555331947
 20
277.4713091583644
 10
3.4253836444668053
 20
277.4713091583644
 10
3.27691659818025
 20
277.4562115354002
 10
3.130738689476459
 20
277.4261712115137
 10
2.988349901509011
 20
277.3814964410791
 10
2.8512113359252993
 20
277.3226456476956
 10
2.720730219986322
 20
277.25022272014127
 10
2.5982454665107895
 20
277.1649708156566
 10
2.485013934817701
 20
277.06776473414595
 10
2.3821975336489913
 20
276.9596019415464
 10
2.2908512984134433
 20
276.84159233447764
 10
2.211912565095801
 20
276.7149468512008
 10
2.1461913519210754
 20
276.5809650457529
 10
2.0943620474714493
 20
276.44102175276436
 10
2.056956490546824
 20
276.2965529797946
 10
2.0343585127790647
 20
276.1490411719519
  0
LWPOLYLINE
  5
4A
330
17
100
AcDbEntity
  8
CORTE
100
AcDbPolyline
 90
62
 70
1
 10
79.0268
 20
276.0
 10
79.03435851277905
 20
275.85095882804814
 10
79.05695649054681
 20
275.70344702020543
 10
79.09436204747144
 20
275.5589782472357
 10
79.14619135192106
 20
275.4190349542471
 10
79.21191256509579
 20
275.28505314879925
 10
79.29085129841343
 20
275.15840766552236
 10
79.38219753364896
 20
275.04039805845366
 10
79.48501393481769
 20
274.93223526585405
 10
79.59824546651078
 20
274.8350291843434
 10
79.72073021998631
 20
274.74977727985873
 10
79.85121133592529
 20
274.6773543523044
 10
79.988349901509
 20
274.6185035589209
 10
80.13073868947643
 20
274.5738287884863
 10
80.27691659818024
 20
274.54378846459986
 10
80.42538364446679
 20
274.52869084163564
 10
80.57461635553318
 20
274.52869084163564
 10
80.72308340181974
 20
274.54378846459986
 10
80.86926131052354
 20
274.5738287884863
 10
81.01165009849097
 20
274.6185035589209
 10
81.1487886640747
 20
274.6773543523044
 10
81.27926978001366
 20
274.74977727985873
 10
81.40175453348921
 20
274.8350291843434
 10
81.51498606518228
 20
274.93223526585405
 10
81.61780246635101
 20
275.04039805845366
 10
81.70914870158654
 20
275.15840766552236
 10
81.78808743490418
 20
275.2850531487992
 10
81.85380864807891
 20
275.4190349542471
 10
81.90563795252854
 20
275.5589782472357
 10
81.94304350945316
 20
275.70344702020543
 10
81.96564148722094
 20
275.85095882804814
 10
81.97319999999999
 20
276.0
 10
81.96564148722094
 20
276.1490411719519
 10
81.94304350945316
 20
276.2965529797946
 10
81.90563795252854
 20
276.44102175276436
 10
81.85380864807891
 20
276.580965045753
 10
81.78808743490418
 20
276.7149468512008
 10
81.70914870158654
 20
276.8415923344777
 10
81.61780246635101
 20
276.9596019415464
 10
81.51498606518228
 20
277.06776473414595
 10
81.40175453348921
 20
277.1649708156566
 10
81.27926978001366
 20
277.25022272014127
 10
81.1487886640747
 20
277.32264564769565
 10
81.01165009849097
 20
277.3814964410791
 10
80.86926131052354
 20
277.4261712115137
 10
80.72308340181974
 20
277.4562115354002
 10
80.57461635553318
 20
277.4713091583644
 10
80.42538364446679
 20
277.4713091583644
 10
80.27691659818025
 20
277.4562115354002
 10
80.13073868947644
 20
277.4261712115137
 10
79.988349901509
 20
277.3814964410791
 10
79.85121133592529
 20
277.3226456476956
 10
79.72073021998631
 20
277.25022272014127
 10
79.59824546651078
 20
277.1649708156566
 10
79.48501393481769
 20
277.06776473414595
 10
79.38219753364896
 20
276.9596019415464
 10
79.29085129841343
 20
276.8415923344777
 10
79.21191256509579
 20
276.7149468512008
 10
79.14619135192106
 20
276.580965045753
 10
79.09436204747144
 20
276.44102175276436
 10
79.05695649054681
 20
276.2965529797946
 10
79.03435851277905
 20
276.1490411719519
  0
LWPOLYLINE
  5
4B
330
17
100
AcDbEntity
  8
CORTE
100
AcDbPolyline
 90
62
 70
1
 10
79.0268
 20
186.00000000000003
 10
79.03435851277905
 20
185.85095882804814
 10
79.05695649054681
 20
185.7034470202054
 10
79.09436204747144
 20
185.55897824723567
 10
79.14619135192106
 20
185.41903495424708
 10
79.21191256509579
 20
185.28505314879925
 10
79.29085129841343
 20
185.15840766552236
 10
79.38219753364896
 20
185.04039805845363
 10
79.48501393481769
 20
184.93223526585408
 10
79.59824546651078
 20
184.8350291843434
 10
79.72073021998631
 20
184.74977727985876
 10
79.85121133592529
 20
184.6773543523044
 10
79.988349901509
 20
184.61850355892093
 10
80.13073868947643
 20
184.5738287884863
 10
80.27691659818024
 20
184.54378846459986
 10
80.42538364446679
 20
184.5286908416356
 10
80.57461635553318
 20
184.5286908416356
 10
80.72308340181974
 20
184.54378846459983
 10
80.86926131052354
 20
184.5738287884863
 10
81.01165009849097
 20
184.61850355892093
 10
81.1487886640747
 20
184.6773543523044
 10
81.27926978001366
 20
184.74977727985873
 10
81.40175453348921
 20
184.8350291843434
 10
81.51498606518228
 20
184.93223526585408
 10
81.61780246635101
 20
185.04039805845363
 10
81.70914870158654
 20
185.15840766552236
 10
81.78808743490418
 20
185.28505314879922
 10
81.85380864807891
 20
185.41903495424708
 10
81.90563795252854
 20
185.55897824723567
 10
81.94304350945316
 20
185.7034470202054
 10
81.96564148722094
 20
185.85095882804814
 10
81.97319999999999
 20
186.00000000000003
 10
81.96564148722094
 20
186.1490411719519
 10
81.94304350945316
 20
186.29655297979463
 10
81.90563795252854
 20
186.44102175276436
 10
81.85380864807891
 20
186.58096504575295
 10
81.78808743490418
 20
186.7149468512008
 10
81.70914870158654
 20
186.84159233447767
 10
81.61780246635101
 20
186.9596019415464
 10
81.51498606518228
 20
187.06776473414595
 10
81.40175453348921
 20
187.16497081565663
 10
81.27926978001366
 20
187.25022272014127
 10
81.1487886640747
 20
187.32264564769562
 10
81.01165009849097
 20
187.3814964410791
 10
80.86926131052354
 20
187.42617121151372
 10
80.72308340181974
 20
187.4562115354002
 10
80.57461635553318
 20
187.47130915836442
 10
80.42538364446679
 20
187.47130915836442
 10
80.27691659818025
 20
187.4562115354002
 10
80.13073868947644
 20
187.4261712115137
 10
79.988349901509
 20
187.3814964410791
 10
79.85121133592529
 20
187.32264564769562
 10
79.72073021998631
 20
187.25022272014127
 10
79.59824546651078
 20
187.16497081565663
 10
79.48501393481769
 20
187.06776473414595
 10
79.38219753364896
 20
186.9596019415464
 10
79.29085129841343
 20
186.84159233447767
 10
79.21191256509579
 20
186.7149468512008
 10
79.14619135192106
 20
186.58096504575295
 10
79.09436204747144
 20
186.44102175276436
 10
79.05695649054681
 20
186.29655297979463
 10
79.03435851277905
 20
186.1490411719519
  0
LWPOLYLINE
  5
4C
330
17
100
AcDbEntity
  8
CORTE
100
AcDbPolyline
 90
20
 70
1
 10
72.0
 20
313.00000000000045
 10
72.0
 20
310.00000000000045
 10
51.99999999999999
 20
310.0
 10
51.99999999999999
 20
313.00000000000045
 10
4.999999999999993
 20
313.0
 10
4.999999999999993
 20
340.0
 10
2.0000000000001705
 20
340.0
 10
2.0
 20
360.0
 10
5.0000000000001705
 20
360.0
 10
4.999999999999993
 20
387.0
 10
52.00000000000001
 20
387.0
 10
51.99999999999999
 20
390.00000000000045
 10
72.0
 20
390.0
 10
72.0
 20
387.00000000000045
 10
119.0
 20
387.0
 10
119.0
 20
360.0
 10
121.99999999999983
 20
360.0
 10
121.99999999999999
 20
340.0
 10
118.99999999999983
 20
340.0
 10
119.0
 20
313.0
  0
LWPOLYLINE
  5
4D
330
17
100
AcDbEntity
  8
CORTE
100
AcDbPolyline
 90
62
 70
1
 10
61.99999999999998
 20
310.0268
 10
62.149041171951865
 20
310.0343585127791
 10
62.29655297979459
 20
310.05695649054684
 10
62.44102175276433
 20
310.09436204747146
 10
62.58096504575292
 20
310.14619135192106
 10
62.71494685120077
 20
310.2119125650958
 10
62.84159233447763
 20
310.29085129841343
 10
62.95960194154636
 20
310.382197533649
 10
63.067764734145925
 20
310.4850139348177
 10
63.1649708156566
 20
310.5982454665108
 10
63.25022272014125
 20
310.7207302199863
 10
63.3226456476956
 20
310.8512113359253
 10
63.381496441079065
 20
310.988349901509
 10
63.426171211513676
 20
311.13073868947646
 10
63.45621153540016
 20
311.27691659818026
 10
63.471309158364384
 20
311.4253836444668
 10
63.471309158364384
 20
311.5746163555332
 10
63.45621153540016
 20
311.72308340181974
 10
63.42617121151368
 20
311.86926131052354
 10
63.381496441079065
 20
312.011650098491
 10
63.3226456476956
 20
312.1487886640747
 10
63.25022272014125
 20
312.2792697800137
 10
63.16497081565661
 20
312.4017545334892
 10
63.067764734145925
 20
312.5149860651823
 10
62.95960194154637
 20
312.617802466351
 10
62.84159233447764
 20
312.70914870158657
 10
62.71494685120078
 20
312.7880874349042
 10
62.58096504575293
 20
312.85380864807894
 10
62.44102175276434
 20
312.90563795252854
 10
62.296552979794605
 20
312.94304350945316
 10
62.14904117195187
 20
312.9656414872209
 10
61.999999999999986
 20
312.9732
 10
61.85095882804811
 20
312.9656414872209
 10
61.70344702020538
 20
312.94304350945316
 10
61.55897824723564
 20
312.90563795252854
 10
61.41903495424705
 20
312.85380864807894
 10
61.28505314879921
 20
312.7880874349042
 10
61.15840766552235
 20
312.70914870158657
 10
61.04039805845362
 20
312.617802466351
 10
60.932235265854054
 20
312.5149860651823
 10
60.83502918434338
 20
312.4017545334892
 10
60.74977727985873
 20
312.2792697800137
 10
60.677354352304384
 20
312.1487886640747
 10
60.61850355892092
 20
312.011650098491
 10
60.5738287884863
 20
311.86926131052354
 10
60.54378846459983
 20
311.72308340181974
 10
60.5286908416356
 20
311.5746163555332
 10
60.5286908416356
 20
311.4253836444668
 10
60.54378846459983
 20
311.27691659818026
 10
60.57382878848631
 20
311.13073868947646
 10
60.61850355892092
 20
310.988349901509
 10
60.677354352304384
 20
310.8512113359253
 10
60.74977727985873
 20
310.7207302199863
 10
60.835029184343384
 20
310.5982454665108
 10
60.93223526585406
 20
310.4850139348177
 10
61.04039805845362
 20
310.382197533649
 10
61.15840766552235
 20
310.29085129841343
 10
61.28505314879921
 20
310.2119125650958
 10
61.41903495424705
 20
310.14619135192106
 10
61.55897824723564
 20
310.09436204747146
 10
61.70344702020538
 20
310.05695649054684
 10
61.85095882804811
 20
310.0343585127791
  0
LWPOLYLINE
  5
4E
330
17
100
AcDbEntity
  8
CORTE
100
AcDbPolyline
 90
62
 70
1
 10
4.973199999999987
 20
350.0
 10
4.965641487220928
 20
350.14904117195186
 10
4.943043509453164
 20
350.2965529797946
 10
4.905637952528542
 20
350.44102175276436
 10
4.853808648078915
 20
350.5809650457529
 10
4.78808743490419
 20
350.7149468512008
 10
4.709148701586551
 20
350.84159233447764
 10
4.617802466351012
 20
350.9596019415464
 10
4.514986065182295
 20
351.06776473414595
 10
4.40175453348921
 20
351.1649708156566
 10
4.279269780013674
 20
351.25022272014127
 10
4.148788664074699
 20
351.3226456476956
 10
4.011650098490982
 20
351.3814964410791
 10
3.8692613105235387
 20
351.4261712115137
 10
3.7230834018197334
 20
351.45621153540014
 10
3.5746163555331822
 20
351.4713091583644
 10
3.425383644466798
 20
351.4713091583644
 10
3.2769165981802466
 20
351.45621153540014
 10
3.1307386894764413
 20
351.4261712115137
 10
2.988349901508998
 20
351.3814964410791
 10
2.8512113359252798
 20
351.3226456476956
 10
2.720730219986305
 20
351.25022272014127
 10
2.5982454665107686
 20
351.1649708156566
 10
2.485013934817684
 20
351.06776473414595
 10
2.382197533648965
 20
350.9596019415464
 10
2.2908512984134246
 20
350.84159233447764
 10
2.211912565095786
 20
350.7149468512008
 10
2.1461913519210603
 20
350.5809650457529
 10
2.094362047471432
 20
350.44102175276436
 10
2.0569564905468094
 20
350.2965529797946
 10
2.0343585127790447
 20
350.14904117195186
 10
2.0267999999999846
 20
350.0
 10
2.034358512779045
 20
349.85095882804814
 10
2.0569564905468103
 20
349.7034470202054
 10
2.0943620474714333
 20
349.55897824723564
 10
2.146191351921062
 20
349.4190349542471
 10
2.211912565095788
 20
349.2850531487992
 10
2.290851298413427
 20
349.15840766552236
 10
2.3821975336489665
 20
349.0403980584536
 10
2.485013934817685
 20
348.93223526585405
 10
2.59824546651077
 20
348.8350291843434
 10
2.7207302199863057
 20
348.74977727985873
 10
2.85121133592528
 20
348.6773543523044
 10
2.988349901508998
 20
348.6185035589209
 10
3.1307386894764404
 20
348.5738287884863
 10
3.276916598180245
 20
348.54378846459986
 10
3.425383644466796
 20
348.5286908416356
 10
3.574616355533179
 20
348.5286908416356
 10
3.72308340181973
 20
348.54378846459986
 10
3.8692613105235347
 20
348.5738287884863
 10
4.011650098490977
 20
348.6185035589209
 10
4.1487886640746945
 20
348.6773543523044
 10
4.279269780013669
 20
348.74977727985873
 10
4.401754533489204
 20
348.8350291843434
 10
4.514986065182288
 20
348.93223526585405
 10
4.617802466351007
 20
349.0403980584536
 10
4.709148701586547
 20
349.15840766552236
 10
4.7880874349041855
 20
349.2850531487992
 10
4.85380864807891
 20
349.4190349542471
 10
4.905637952528538
 20
349.55897824723564
 10
4.943043509453162
 20
349.7034470202054
 10
4.9656414872209265
 20
349.85095882804814
  0
LWPOLYLINE
  5
4F
330
17
100
AcDbEntity
  8
CORTE
100
AcDbPolyline
 90
62
 70
1
 10
121.9732
 20
350.0
 10
121.96564148722094
 20
350.14904117195186
 10
121.94304350945318
 20
350.2965529797946
 10
121.90563795252855
 20
350.44102175276436
 10
121.85380864807892
 20
350.5809650457529
 10
121.7880874349042
 20
350.7149468512008
 10
121.70914870158657
 20
350.84159233447764
 10
121.61780246635102
 20
350.9596019415464
 10
121.51498606518231
 20
351.06776473414595
 10
121.40175453348922
 20
351.1649708156566
 10
121.27926978001369
 20
351.25022272014127
 10
121.14878866407471
 20
351.3226456476956
 10
121.01165009849099
 20
351.3814964410791
 10
120.86926131052356
 20
351.4261712115137
 10
120.72308340181975
 20
351.45621153540014
 10
120.5746163555332
 20
351.4713091583644
 10
120.4253836444668
 20
351.4713091583644
 10
120.27691659818026
 20
351.45621153540014
 10
120.13073868947646
 20
351.4261712115137
 10
119.98834990150901
 20
351.3814964410791
 10
119.8512113359253
 20
351.3226456476956
 10
119.72073021998632
 20
351.25022272014127
 10
119.59824546651079
 20
351.1649708156566
 10
119.4850139348177
 20
351.06776473414595
 10
119.38219753364898
 20
350.9596019415464
 10
119.29085129841344
 20
350.84159233447764
 10
119.2119125650958
 20
350.7149468512008
 10
119.14619135192108
 20
350.5809650457529
 10
119.09436204747145
 20
350.44102175276436
 10
119.05695649054682
 20
350.2965529797946
 10
119.03435851277906
 20
350.14904117195186
 10
119.0268
 20
350.0
 10
119.03435851277906
 20
349.85095882804814
 10
119.05695649054682
 20
349.7034470202054
 10
119.09436204747145
 20
349.55897824723564
 10
119.14619135192108
 20
349.4190349542471
 10
119.2119125650958
 20
349.2850531487992
 10
119.29085129841344
 20
349.15840766552236
 10
119.38219753364898
 20
349.0403980584536
 10
119.4850139348177
 20
348.93223526585405
 10
119.59824546651079
 20
348.8350291843434
 10
119.72073021998632
 20
348.74977727985873
 10
119.8512113359253
 20
348.6773543523044
 10
119.98834990150901
 20
348.6185035589209
 10
120.13073868947646
 20
348.5738287884863
 10
120.27691659818026
 20
348.54378846459986
 10
120.4253836444668
 20
348.5286908416356
 10
120.5746163555332
 20
348.5286908416356
 10
120.72308340181975
 20
348.54378846459986
 10
120.86926131052356
 20
348.5738287884863
 10
121.01165009849099
 20
348.6185035589209
 10
121.14878866407471
 20
348.6773543523044
 10
121.27926978001368
 20
348.74977727985873
 10
121.40175453348922
 20
348.8350291843434
 10
121.5149860651823
 20
348.93223526585405
 10
121.61780246635102
 20
349.0403980584536
 10
121.70914870158656
 20
349.15840766552236
 10
121.7880874349042
 20
349.2850531487992
 10
121.85380864807892
 20
349.4190349542471
 10
121.90563795252855
 20
349.55897824723564
 10
121.94304350945318
 20
349.7034470202054
 10
121.96564148722094
 20
349.85095882804814
  0
LWPOLYLINE
  5
50
330
17
100
AcDbEntity
  8
CORTE
100
AcDbPolyline
 90
62
 70
1
 10
61.99999999999998
 20
387.0268
 10
62.149041171951865
 20
387.034358512779
 10
62.2965529797946
 20
387.05695649054684
 10
62.441021752764335
 20
387.09436204747146
 10
62.580965045752926
 20
387.14619135192106
 10
62.71494685120077
 20
387.21191256509576
 10
62.84159233447763
 20
387.29085129841343
 10
62.95960194154636
 20
387.382197533649
 10
63.067764734145925
 20
387.4850139348177
 10
63.1649708156566
 20
387.5982454665108
 10
63.25022272014125
 20
387.7207302199863
 10
63.32264564769561
 20
387.8512113359253
 10
63.38149644107907
 20
387.98834990150897
 10
63.42617121151368
 20
388.13073868947646
 10
63.456211535400165
 20
388.27691659818026
 10
63.471309158364384
 20
388.4253836444668
 10
63.47130915836439
 20
388.5746163555332
 10
63.456211535400165
 20
388.72308340181974
 10
63.42617121151368
 20
388.86926131052354
 10
63.38149644107907
 20
389.011650098491
 10
63.32264564769561
 20
389.1487886640747
 10
63.25022272014126
 20
389.2792697800137
 10
63.16497081565661
 20
389.4017545334892
 10
63.06776473414593
 20
389.5149860651823
 10
62.95960194154637
 20
389.617802466351
 10
62.84159233447764
 20
389.70914870158657
 10
62.71494685120078
 20
389.7880874349042
 10
62.58096504575293
 20
389.85380864807894
 10
62.44102175276434
 20
389.90563795252854
 10
62.296552979794605
 20
389.94304350945316
 10
62.14904117195187
 20
389.965641487221
 10
61.999999999999986
 20
389.9732
 10
61.85095882804811
 20
389.965641487221
 10
61.703447020205374
 20
389.94304350945316
 10
61.55897824723564
 20
389.90563795252854
 10
61.41903495424705
 20
389.85380864807894
 10
61.2850531487992
 20
389.7880874349042
 10
61.15840766552234
 20
389.70914870158657
 10
61.04039805845361
 20
389.617802466351
 10
60.932235265854054
 20
389.5149860651823
 10
60.83502918434338
 20
389.4017545334892
 10
60.749777279858726
 20
389.2792697800137
 10
60.67735435230438
 20
389.1487886640747
 10
60.618503558920914
 20
389.011650098491
 10
60.5738287884863
 20
388.86926131052354
 10
60.54378846459982
 20
388.72308340181974
 10
60.528690841635594
 20
388.5746163555332
 10
60.5286908416356
 20
388.4253836444668
 10
60.54378846459982
 20
388.27691659818026
 10
60.5738287884863
 20
388.13073868947646
 10
60.618503558920914
 20
387.988349901509
 10
60.67735435230438
 20
387.8512113359253
 10
60.749777279858726
 20
387.7207302199863
 10
60.83502918434338
 20
387.5982454665108
 10
60.932235265854054
 20
387.4850139348177
 10
61.04039805845362
 20
387.382197533649
 10
61.15840766552235
 20
387.29085129841343
 10
61.28505314879921
 20
387.2119125650958
 10
61.41903495424705
 20
387.14619135192106
 10
61.55897824723564
 20
387.09436204747146
 10
61.70344702020538
 20
387.05695649054684
 10
61.85095882804811
 20
387.034358512779
  0
LWPOLYLINE
  5
51
330
17
100
AcDbEntity
  8
CORTE
100
AcDbPolyline
 90
20
 70
1
 10
86.00000000000048
 20
226.0
 10
89.00000000000048
 20
226.0
 10
88.99999999999997
 20
273.0
 10
115.99999999999997
 20
273.0
 10
115.99999999999997
 20
275.99999999999983
 10
135.99999999999997
 20
276.0
 10
135.99999999999997
 20
272.99999999999983
 10
162.99999999999997
 20
273.0
 10
162.99999999999997
 20
226.0
 10
166.00000000000045
 20
226.0
 10
165.99999999999997
 20
206.0
 10
163.00000000000045
 20
206.0
 10
162.99999999999997
 20
159.0
 10
135.99999999999997
 20
159.0
 10
135.99999999999997
 20
156.00000000000017
 10
115.99999999999997
 20
156.0
 10
115.99999999999997
 20
159.00000000000017
 10
88.99999999999997
 20
159.0
 10
88.99999999999997
 20
206.0
 10
86.00000000000048
 20
206.0
  0
LWPOLYLINE
  5
52
330
17
100
AcDbEntity
  8
CORTE
100
AcDbPolyline
 90
62
 70
1
 10
88.97319999999996
 20
215.99999999999997
 10
88.9656414872209
 20
216.14904117195186
 10
88.94304350945315
 20
216.2965529797946
 10
88.90563795252852
 20
216.44102175276433
 10
88.8538086480789
 20
216.58096504575292
 10
88.78808743490417
 20
216.71494685120078
 10
88.70914870158653
 20
216.84159233447764
 10
88.617802466351
 20
216.95960194154637
 10
88.51498606518227
 20
217.06776473414592
 10
88.4017545334892
 20
217.1649708156566
 10
88.27926978001365
 20
217.25022272014127
 10
88.14878866407469
 20
217.3226456476956
 10
88.01165009849096
 20
217.38149644107907
 10
87.86926131052353
 20
217.4261712115137
 10
87.72308340181972
 20
217.45621153540014
 10
87.57461635553317
 20
217.4713091583644
 10
87.42538364446679
 20
217.4713091583644
 10
87.27691659818024
 20
217.45621153540017
 10
87.13073868947643
 20
217.4261712115137
 10
86.98834990150898
 20
217.38149644107907
 10
86.85121133592527
 20
217.3226456476956
 10
86.7207302199863
 20
217.25022272014127
 10
86.59824546651076
 20
217.1649708156566
 10
86.48501393481767
 20
217.06776473414592
 10
86.38219753364896
 20
216.95960194154637
 10
86.29085129841341
 20
216.84159233447764
 10
86.21191256509577
 20
216.71494685120078
 10
86.14619135192105
 20
216.58096504575292
 10
86.09436204747142
 20
216.44102175276436
 10
86.0569564905468
 20
216.2965529797946
 10
86.03435851277904
 20
216.14904117195186
 10
86.02679999999998
 20
216.0
 10
86.03435851277904
 20
215.8509588280481
 10
86.05695649054681
 20
215.70344702020537
 10
86.09436204747142
 20
215.55897824723564
 10
86.14619135192106
 20
215.41903495424705
 10
86.21191256509577
 20
215.2850531487992
 10
86.29085129841341
 20
215.15840766552236
 10
86.38219753364896
 20
215.0403980584536
 10
86.48501393481767
 20
214.93223526585405
 10
86.59824546651076
 20
214.83502918434337
 10
86.7207302199863
 20
214.74977727985873
 10
86.85121133592527
 20
214.67735435230438
 10
86.98834990150898
 20
214.6185035589209
 10
87.13073868947643
 20
214.5738287884863
 10
87.27691659818024
 20
214.54378846459983
 10
87.42538364446678
 20
214.5286908416356
 10
87.57461635553317
 20
214.5286908416356
 10
87.72308340181972
 20
214.54378846459983
 10
87.86926131052351
 20
214.5738287884863
 10
88.01165009849096
 20
214.6185035589209
 10
88.14878866407467
 20
214.67735435230438
 10
88.27926978001365
 20
214.74977727985873
 10
88.40175453348918
 20
214.8350291843434
 10
88.51498606518227
 20
214.93223526585405
 10
88.61780246635098
 20
215.0403980584536
 10
88.70914870158653
 20
215.15840766552236
 10
88.78808743490417
 20
215.2850531487992
 10
88.8538086480789
 20
215.41903495424705
 10
88.90563795252852
 20
215.55897824723564
 10
88.94304350945315
 20
215.70344702020537
 10
88.9656414872209
 20
215.8509588280481
  0
LWPOLYLINE
  5
53
330
17
100
AcDbEntity
  8
CORTE
100
AcDbPolyline
 90
62
 70
1
 10
125.99999999999996
 20
156.02679999999998
 10
126.14904117195184
 20
156.03435851277905
 10
126.29655297979457
 20
156.0569564905468
 10
126.44102175276431
 20
156.09436204747144
 10
126.5809650457529
 20
156.14619135192106
 10
126.71494685120075
 20
156.2119125650958
 10
126.84159233447761
 20
156.29085129841343
 10
126.95960194154634
 20
156.38219753364896
 10
127.06776473414591
 20
156.4850139348177
 10
127.16497081565659
 20
156.59824546651078
 10
127.25022272014124
 20
156.7207302199863
 10
127.32264564769558
 20
156.85121133592529
 10
127.38149644107905
 20
156.988349901509
 10
127.42617121151366
 20
157.13073868947643
 10
127.45621153540014
 20
157.27691659818024
 10
127.47130915836436
 20
157.4253836444668
 10
127.47130915836436
 20
157.57461635553318
 10
127.45621153540014
 20
157.72308340181974
 10
127.42617121151366
 20
157.86926131052354
 10
127.38149644107905
 20
158.01165009849097
 10
127.3226456476956
 20
158.1487886640747
 10
127.25022272014124
 20
158.27926978001366
 10
127.16497081565659
 20
158.4017545334892
 10
127.06776473414591
 20
158.51498606518228
 10
126.95960194154635
 20
158.617802466351
 10
126.84159233447762
 20
158.70914870158654
 10
126.71494685120076
 20
158.78808743490418
 10
126.5809650457529
 20
158.8538086480789
 10
126.44102175276431
 20
158.90563795252854
 10
126.29655297979458
 20
158.94304350945316
 10
126.14904117195185
 20
158.96564148722092
 10
125.99999999999997
 20
158.9732
 10
125.85095882804808
 20
158.96564148722092
 10
125.70344702020536
 20
158.94304350945316
 10
125.55897824723561
 20
158.90563795252854
 10
125.41903495424702
 20
158.8538086480789
 10
125.28505314879918
 20
158.78808743490418
 10
125.15840766552232
 20
158.70914870158654
 10
125.04039805845359
 20
158.617802466351
 10
124.93223526585403
 20
158.51498606518228
 10
124.83502918434336
 20
158.4017545334892
 10
124.7497772798587
 20
158.27926978001366
 10
124.67735435230435
 20
158.1487886640747
 10
124.61850355892089
 20
158.01165009849097
 10
124.57382878848628
 20
157.86926131052354
 10
124.5437884645998
 20
157.72308340181974
 10
124.52869084163558
 20
157.57461635553318
 10
124.52869084163558
 20
157.4253836444668
 10
124.5437884645998
 20
157.27691659818024
 10
124.57382878848628
 20
157.13073868947643
 10
124.61850355892089
 20
156.988349901509
 10
124.67735435230435
 20
156.85121133592529
 10
124.7497772798587
 20
156.7207302199863
 10
124.83502918434336
 20
156.59824546651078
 10
124.93223526585403
 20
156.4850139348177
 10
125.04039805845359
 20
156.38219753364896
 10
125.15840766552232
 20
156.29085129841343
 10
125.28505314879918
 20
156.2119125650958
 10
125.41903495424702
 20
156.14619135192106
 10
125.55897824723561
 20
156.09436204747144
 10
125.70344702020536
 20
156.0569564905468
 10
125.85095882804809
 20
156.03435851277905
  0
LWPOLYLINE
  5
54
330
17
100
AcDbEntity
  8
CORTE
100
AcDbPolyline
 90
62
 70
1
 10
125.99999999999996
 20
273.0268
 10
126.14904117195184
 20
273.034358512779
 10
126.29655297979457
 20
273.0569564905468
 10
126.44102175276431
 20
273.09436204747146
 10
126.5809650457529
 20
273.14619135192106
 10
126.71494685120075
 20
273.21191256509576
 10
126.84159233447761
 20
273.29085129841343
 10
126.95960194154634
 20
273.382197533649
 10
127.06776473414591
 20
273.4850139348177
 10
127.16497081565659
 20
273.5982454665108
 10
127.25022272014124
 20
273.7207302199863
 10
127.32264564769558
 20
273.85121133592526
 10
127.38149644107905
 20
273.98834990150897
 10
127.42617121151366
 20
274.1307386894764
 10
127.45621153540014
 20
274.27691659818026
 10
127.47130915836436
 20
274.4253836444668
 10
127.47130915836436
 20
274.5746163555332
 10
127.45621153540014
 20
274.72308340181974
 10
127.42617121151366
 20
274.86926131052354
 10
127.38149644107905
 20
275.011650098491
 10
127.3226456476956
 20
275.1487886640747
 10
127.25022272014124
 20
275.2792697800137
 10
127.16497081565659
 20
275.4017545334892
 10
127.06776473414591
 20
275.51498606518226
 10
126.95960194154635
 20
275.617802466351
 10
126.84159233447762
 20
275.7091487015865
 10
126.71494685120076
 20
275.7880874349042
 10
126.5809650457529
 20
275.85380864807894
 10
126.44102175276431
 20
275.90563795252854
 10
126.29655297979458
 20
275.94304350945316
 10
126.14904117195185
 20
275.9656414872209
 10
125.99999999999997
 20
275.9732
 10
125.85095882804808
 20
275.9656414872209
 10
125.70344702020536
 20
275.94304350945316
 10
125.55897824723561
 20
275.90563795252854
 10
125.41903495424702
 20
275.85380864807894
 10
125.28505314879918
 20
275.7880874349042
 10
125.15840766552232
 20
275.7091487015865
 10
125.04039805845359
 20
275.617802466351
 10
124.93223526585403
 20
275.51498606518226
 10
124.83502918434336
 20
275.4017545334892
 10
124.7497772798587
 20
275.2792697800137
 10
124.67735435230435
 20
275.1487886640747
 10
124.61850355892089
 20
275.011650098491
 10
124.57382878848628
 20
274.86926131052354
 10
124.5437884645998
 20
274.72308340181974
 10
124.52869084163558
 20
274.5746163555332
 10
124.52869084163558
 20
274.4253836444668
 10
124.5437884645998
 20
274.27691659818026
 10
124.57382878848628
 20
274.1307386894764
 10
124.61850355892089
 20
273.98834990150897
 10
124.67735435230435
 20
273.85121133592526
 10
124.7497772798587
 20
273.7207302199863
 10
124.83502918434336
 20
273.5982454665108
 10
124.93223526585403
 20
273.4850139348177
 10
125.04039805845359
 20
273.382197533649
 10
125.15840766552232
 20
273.29085129841343
 10
125.28505314879918
 20
273.21191256509576
 10
125.41903495424702
 20
273.14619135192106
 10
125.55897824723561
 20
273.09436204747146
 10
125.70344702020536
 20
273.0569564905468
 10
125.85095882804809
 20
273.034358512779
  0
LWPOLYLINE
  5
55
330
17
100
AcDbEntity
  8
CORTE
100
AcDbPolyline
 90
62
 70
1
 10
165.97319999999996
 20
215.99999999999997
 10
165.96564148722092
 20
216.14904117195186
 10
165.94304350945316
 20
216.2965529797946
 10
165.90563795252854
 20
216.44102175276433
 10
165.8538086480789
 20
216.58096504575292
 10
165.78808743490418
 20
216.71494685120078
 10
165.70914870158654
 20
216.84159233447764
 10
165.617802466351
 20
216.95960194154637
 10
165.51498606518228
 20
217.06776473414592
 10
165.4017545334892
 20
217.1649708156566
 10
165.27926978001366
 20
217.25022272014127
 10
165.1487886640747
 20
217.3226456476956
 10
165.01165009849097
 20
217.38149644107907
 10
164.86926131052354
 20
217.4261712115137
 10
164.72308340181974
 20
217.45621153540017
 10
164.57461635553318
 20
217.4713091583644
 10
164.4253836444668
 20
217.4713091583644
 10
164.27691659818024
 20
217.45621153540017
 10
164.13073868947643
 20
217.4261712115137
 10
163.98834990150897
 20
217.38149644107907
 10
163.85121133592526
 20
217.3226456476956
 10
163.7207302199863
 20
217.25022272014127
 10
163.59824546651075
 20
217.1649708156566
 10
163.4850139348177
 20
217.06776473414592
 10
163.38219753364893
 20
216.95960194154637
 10
163.29085129841343
 20
216.84159233447764
 10
163.21191256509576
 20
216.71494685120078
 10
163.14619135192106
 20
216.58096504575292
 10
163.0943620474714
 20
216.44102175276436
 10
163.05695649054678
 20
216.2965529797946
 10
163.03435851277902
 20
216.14904117195186
 10
163.02679999999998
 20
216.0
 10
163.03435851277902
 20
215.8509588280481
 10
163.05695649054678
 20
215.70344702020537
 10
163.0943620474714
 20
215.55897824723564
 10
163.14619135192106
 20
215.41903495424705
 10
163.21191256509576
 20
215.2850531487992
 10
163.29085129841343
 20
215.15840766552233
 10
163.38219753364896
 20
215.0403980584536
 10
163.4850139348177
 20
214.93223526585405
 10
163.59824546651075
 20
214.83502918434337
 10
163.7207302199863
 20
214.74977727985873
 10
163.85121133592526
 20
214.67735435230438
 10
163.98834990150897
 20
214.6185035589209
 10
164.13073868947643
 20
214.5738287884863
 10
164.27691659818024
 20
214.54378846459983
 10
164.4253836444668
 20
214.5286908416356
 10
164.57461635553318
 20
214.5286908416356
 10
164.7230834018197
 20
214.54378846459983
 10
164.8692613105235
 20
214.5738287884863
 10
165.01165009849097
 20
214.6185035589209
 10
165.1487886640747
 20
214.67735435230438
 10
165.27926978001366
 20
214.74977727985873
 10
165.4017545334892
 20
214.83502918434337
 10
165.51498606518226
 20
214.93223526585405
 10
165.617802466351
 20
215.0403980584536
 10
165.7091487015865
 20
215.15840766552236
 10
165.78808743490418
 20
215.2850531487992
 10
165.85380864807888
 20
215.41903495424705
 10
165.90563795252854
 20
215.55897824723564
 10
165.94304350945316
 20
215.70344702020537
 10
165.96564148722092
 20
215.8509588280481
  0
LWPOLYLINE
  5
56
330
17
100
AcDbEntity
  8
CORTE
100
AcDbPolyline
 90
44
 70
1
 10
175.037037037037
 20
292.8667185185185
 10
171.731487037037
 20
292.8667185185185
 10
171.731487037037
 20
294.6193185185185
 10
169.248637037037
 20
294.6193185185185
 10
169.248637037037
 20
292.8667185185185
 10
168.410437037037
 20
292.8667185185185
 10
168.410437037037
 20
289.9203185185185
 10
169.248637037037
 20
289.9203185185185
 10
169.248637037037
 20
288.1677185185185
 10
171.731487037037
 20
288.1677185185185
 10
171.731487037037
 20
289.9203185185185
 10
175.037037037037
 20
289.9203185185185
 10
175.037037037037
 20
286.39351851851853
 10
178.037037037037
 20
286.3935185185185
 10
178.037037037037
 20
280.0
 10
148.037037037037
 20
280.0
 10
148.03703703703698
 20
286.3935185185185
 10
151.037037037037
 20
286.3935185185185
 10
151.037037037037
 20
289.9203185185185
 10
154.342587037037
 20
289.9203185185185
 10
154.342587037037
 20
288.16771851851854
 10
156.825437037037
 20
288.1677185185185
 10
156.825437037037
 20
289.9203185185185
 10
157.663637037037
 20
289.9203185185185
 10
157.663637037037
 20
292.8667185185185
 10
156.825437037037
 20
292.8667185185185
 10
156.825437037037
 20
294.6193185185185
 10
154.342587037037
 20
294.6193185185185
 10
154.342587037037
 20
292.86671851851855
 10
151.037037037037
 20
292.8667185185185
 10
151.037037037037
 20
296.3935185185185
 10
148.03703703703704
 20
296.3935185185185
 10
148.03703703703704
 20
302.78703703703707
 10
135.99999999999997
 20
310.75
 10
125.99999999999999
 20
310.75
 10
125.99999999999999
 20
329.25
 10
136.0
 20
329.25
 10
156.25
 20
350.0
 10
171.25
 20
350.0
 10
185.99999999999994
 20
334.8858024691358
 10
186.0
 20
310.75
 10
178.037037037037
 20
302.787037037037
 10
178.037037037037
 20
296.3935185185185
 10
175.037037037037
 20
296.3935185185185
  0
LWPOLYLINE
  5
57
330
17
100
AcDbEntity
  8
CORTE
100
AcDbPolyline
 90
62
 70
1
 10
180.25
 20
320.0
 10
180.24230398508783
 20
320.1517524829812
 10
180.21929491187873
 20
320.301947780133
 10
180.18120888460007
 20
320.44904468446003
 10
180.12843671743033
 20
320.59153378267
 10
180.06151992421687
 20
320.72795294379665
 10
179.9811451618109
 20
320.8569023226422
 10
179.88813718403918
 20
320.97705872408335
 10
179.7834503786135
 20
321.08718918084367
 10
179.66815897382148
 20
321.18616360540653
 10
179.54344601549042
 20
321.27296638624216
 10
179.41059122733643
 20
321.34670680935614
 10
179.2709578792672
 20
321.40662819822063
 10
179.12597879838808
 20
321.4521156782993
 10
178.97714166625684
 20
321.48270248649214
 10
178.82597375325804
 20
321.4980747607566
 10
178.6740262467419
 20
321.4980747607566
 10
178.5228583337431
 20
321.48270248649214
 10
178.3740212016119
 20
321.4521156782993
 10
178.22904212073274
 20
321.40662819822063
 10
178.08940877266355
 20
321.34670680935614
 10
177.95655398450953
 20
321.27296638624216
 10
177.8318410261785
 20
321.18616360540653
 10
177.71654962138646
 20
321.08718918084367
 10
177.6118628159608
 20
320.97705872408335
 10
177.51885483818907
 20
320.8569023226422
 10
177.4384800757831
 20
320.72795294379665
 10
177.37156328256964
 20
320.59153378267
 10
177.3187911153999
 20
320.44904468446003
 10
177.28070508812124
 20
320.301947780133
 10
177.25769601491214
 20
320.1517524829811
 10
177.25
 20
320.0
 10
177.25769601491214
 20
319.8482475170189
 10
177.28070508812124
 20
319.698052219867
 10
177.3187911153999
 20
319.55095531553997
 10
177.37156328256964
 20
319.40846621733004
 10
177.4384800757831
 20
319.2720470562034
 10
177.51885483818907
 20
319.14309767735784
 10
177.6118628159608
 20
319.02294127591665
 10
177.71654962138643
 20
318.91281081915633
 10
177.8318410261785
 20
318.81383639459347
 10
177.95655398450953
 20
318.7270336137579
 10
178.08940877266352
 20
318.6532931906439
 10
178.22904212073274
 20
318.59337180177937
 10
178.3740212016119
 20
318.5478843217007
 10
178.5228583337431
 20
318.51729751350786
 10
178.6740262467419
 20
318.5019252392434
 10
178.82597375325804
 20
318.5019252392434
 10
178.97714166625684
 20
318.51729751350786
 10
179.12597879838808
 20
318.5478843217007
 10
179.2709578792672
 20
318.59337180177937
 10
179.41059122733643
 20
318.6532931906439
 10
179.54344601549042
 20
318.7270336137579
 10
179.66815897382148
 20
318.81383639459347
 10
179.7834503786135
 20
318.91281081915633
 10
179.88813718403918
 20
319.02294127591665
 10
179.9811451618109
 20
319.14309767735784
 10
180.06151992421687
 20
319.2720470562034
 10
180.12843671743033
 20
319.40846621733004
 10
180.18120888460007
 20
319.55095531553997
 10
180.21929491187873
 20
319.698052219867
 10
180.24230398508783
 20
319.8482475170189
  0
LWPOLYLINE
  5
58
330
17
100
AcDbEntity
  8
CORTE
100
AcDbPolyline
 90
62
 70
1
 10
160.25
 20
347.0
 10
160.24230398508783
 20
347.1517524829811
 10
160.21929491187873
 20
347.301947780133
 10
160.18120888460007
 20
347.44904468446003
 10
160.12843671743033
 20
347.59153378267
 10
160.06151992421687
 20
347.7279529437966
 10
159.9811451618109
 20
347.8569023226422
 10
159.88813718403918
 20
347.97705872408335
 10
159.7834503786135
 20
348.08718918084367
 10
159.66815897382148
 20
348.18616360540653
 10
159.54344601549042
 20
348.27296638624216
 10
159.41059122733645
 20
348.34670680935614
 10
159.2709578792672
 20
348.40662819822063
 10
159.12597879838808
 20
348.4521156782993
 10
158.97714166625684
 20
348.48270248649214
 10
158.82597375325804
 20
348.4980747607566
 10
158.6740262467419
 20
348.4980747607566
 10
158.52285833374313
 20
348.48270248649214
 10
158.3740212016119
 20
348.4521156782993
 10
158.22904212073274
 20
348.40662819822063
 10
158.08940877266355
 20
348.3467068093561
 10
157.95655398450953
 20
348.27296638624216
 10
157.8318410261785
 20
348.18616360540653
 10
157.71654962138646
 20
348.08718918084367
 10
157.6118628159608
 20
347.97705872408335
 10
157.51885483818907
 20
347.8569023226422
 10
157.4384800757831
 20
347.7279529437966
 10
157.37156328256964
 20
347.59153378267
 10
157.3187911153999
 20
347.44904468446003
 10
157.28070508812124
 20
347.301947780133
 10
157.25769601491214
 20
347.1517524829811
 10
157.25
 20
347.0
 10
157.25769601491214
 20
346.8482475170189
 10
157.28070508812124
 20
346.698052219867
 10
157.3187911153999
 20
346.55095531553997
 10
157.37156328256964
 20
346.40846621733004
 10
157.4384800757831
 20
346.2720470562034
 10
157.51885483818907
 20
346.14309767735784
 10
157.6118628159608
 20
346.02294127591665
 10
157.71654962138643
 20
345.91281081915633
 10
157.8318410261785
 20
345.81383639459347
 10
157.95655398450953
 20
345.7270336137579
 10
158.08940877266355
 20
345.6532931906439
 10
158.22904212073274
 20
345.59337180177937
 10
158.3740212016119
 20
345.5478843217007
 10
158.5228583337431
 20
345.51729751350786
 10
158.6740262467419
 20
345.5019252392434
 10
158.82597375325804
 20
345.5019252392434
 10
158.97714166625684
 20
345.51729751350786
 10
159.12597879838808
 20
345.5478843217007
 10
159.2709578792672
 20
345.59337180177937
 10
159.41059122733645
 20
345.6532931906439
 10
159.54344601549042
 20
345.7270336137579
 10
159.66815897382148
 20
345.81383639459347
 10
159.7834503786135
 20
345.91281081915633
 10
159.88813718403918
 20
346.02294127591665
 10
159.9811451618109
 20
346.1430976773578
 10
160.06151992421687
 20
346.2720470562034
 10
160.12843671743033
 20
346.40846621733004
 10
160.18120888460007
 20
346.55095531553997
 10
160.21929491187873
 20
346.698052219867
 10
160.24230398508783
 20
346.8482475170189
  0
LWPOLYLINE
  5
59
330
17
100
AcDbEntity
  8
CORTE
100
AcDbPolyline
 90
62
 70
1
 10
170.25
 20
347.0
 10
170.24230398508783
 20
347.1517524829811
 10
170.21929491187873
 20
347.301947780133
 10
170.18120888460007
 20
347.44904468446003
 10
170.12843671743033
 20
347.59153378267
 10
170.06151992421687
 20
347.7279529437966
 10
169.9811451618109
 20
347.8569023226422
 10
169.88813718403918
 20
347.97705872408335
 10
169.7834503786135
 20
348.08718918084367
 10
169.66815897382148
 20
348.18616360540653
 10
169.54344601549042
 20
348.27296638624216
 10
169.41059122733643
 20
348.3467068093561
 10
169.2709578792672
 20
348.40662819822063
 10
169.12597879838808
 20
348.4521156782993
 10
168.97714166625684
 20
348.48270248649214
 10
168.82597375325804
 20
348.4980747607566
 10
168.6740262467419
 20
348.4980747607566
 10
168.5228583337431
 20
348.48270248649214
 10
168.3740212016119
 20
348.4521156782993
 10
168.22904212073274
 20
348.40662819822063
 10
168.08940877266355
 20
348.3467068093561
 10
167.95655398450953
 20
348.27296638624216
 10
167.8318410261785
 20
348.18616360540653
 10
167.71654962138646
 20
348.08718918084367
 10
167.6118628159608
 20
347.97705872408335
 10
167.51885483818907
 20
347.8569023226422
 10
167.4384800757831
 20
347.7279529437966
 10
167.37156328256964
 20
347.59153378267
 10
167.3187911153999
 20
347.44904468446003
 10
167.28070508812124
 20
347.301947780133
 10
167.25769601491214
 20
347.1517524829811
 10
167.25
 20
347.0
 10
167.25769601491214
 20
346.8482475170189
 10
167.28070508812124
 20
346.698052219867
 10
167.3187911153999
 20
346.55095531553997
 10
167.37156328256964
 20
346.40846621733004
 10
167.4384800757831
 20
346.2720470562034
 10
167.51885483818907
 20
346.14309767735784
 10
167.6118628159608
 20
346.02294127591665
 10
167.71654962138643
 20
345.91281081915633
 10
167.8318410261785
 20
345.81383639459347
 10
167.95655398450953
 20
345.7270336137579
 10
168.08940877266352
 20
345.6532931906439
 10
168.22904212073274
 20
345.59337180177937
 10
168.3740212016119
 20
345.5478843217007
 10
168.5228583337431
 20
345.51729751350786
 10
168.6740262467419
 20
345.5019252392434
 10
168.82597375325804
 20
345.5019252392434
 10
168.97714166625684
 20
345.51729751350786
 10
169.12597879838808
 20
345.5478843217007
 10
169.2709578792672
 20
345.59337180177937
 10
169.41059122733643
 20
345.6532931906439
 10
169.54344601549042
 20
345.7270336137579
 10
169.66815897382148
 20
345.81383639459347
 10
169.7834503786135
 20
345.91281081915633
 10
169.88813718403918
 20
346.02294127591665
 10
169.9811451618109
 20
346.1430976773578
 10
170.06151992421687
 20
346.2720470562034
 10
170.12843671743033
 20
346.40846621733004
 10
170.18120888460007
 20
346.55095531553997
 10
170.21929491187873
 20
346.698052219867
 10
170.24230398508783
 20
346.8482475170189
  0
LWPOLYLINE
  5
5A
330
17
100
AcDbEntity
  8
CORTE
100
AcDbPolyline
 90
50
 70
1
 10
127.99999999999997
 20
320.0
 10
128.0078852986855
 20
319.8746667664357
 10
128.03141683887134
 20
319.75131011283514
 10
128.07022351411172
 20
319.63187544731534
 10
128.12369331995612
 20
319.5182463258983
 10
128.19098300562504
 20
319.41221474770754
 10
128.27103137257856
 20
319.3154528940713
 10
128.3625760102513
 20
319.2294867572242
 10
128.46417320502098
 20
319.155672074498
 10
128.5742207084349
 20
319.09517294753397
 10
128.69098300562504
 20
319.0489434837049
 10
128.81261868541426
 20
319.0177127492713
 10
128.93720948047067
 20
319.0019732715717
 10
129.0627905195293
 20
319.0019732715717
 10
129.1873813145857
 20
319.0177127492713
 10
129.30901699437493
 20
319.0489434837049
 10
129.42577929156505
 20
319.09517294753397
 10
129.535826794979
 20
319.155672074498
 10
129.63742398974867
 20
319.2294867572242
 10
129.72896862742138
 20
319.3154528940713
 10
129.80901699437493
 20
319.41221474770754
 10
129.87630668004385
 20
319.5182463258983
 10
129.92977648588823
 20
319.63187544731534
 10
129.9685831611286
 20
319.75131011283514
 10
129.99211470131445
 20
319.8746667664357
 10
129.99999999999997
 20
320.0
 10
129.99211470131445
 20
320.12533323356433
 10
129.9685831611286
 20
320.24868988716486
 10
129.92977648588823
 20
320.36812455268466
 10
129.87630668004385
 20
320.4817536741017
 10
129.80901699437493
 20
320.58778525229246
 10
129.72896862742138
 20
320.6845471059287
 10
129.63742398974867
 20
320.7705132427758
 10
129.535826794979
 20
320.844327925502
 10
129.42577929156505
 20
320.90482705246603
 10
129.30901699437493
 20
320.9510565162952
 10
129.1873813145857
 20
320.9822872507287
 10
129.0627905195293
 20
320.9980267284283
 10
128.93720948047067
 20
320.9980267284283
 10
128.81261868541426
 20
320.9822872507287
 10
128.69098300562504
 20
320.9510565162952
 10
128.5742207084349
 20
320.90482705246603
 10
128.46417320502098
 20
320.844327925502
 10
128.36257601025127
 20
320.7705132427758
 10
128.27103137257856
 20
320.6845471059287
 10
128.19098300562504
 20
320.58778525229246
 10
128.12369331995612
 20
320.4817536741017
 10
128.07022351411172
 20
320.36812455268466
 10
128.03141683887134
 20
320.24868988716486
 10
128.0078852986855
 20
320.12533323356433
  0
LWPOLYLINE
  5
5B
330
17
100
AcDbEntity
  8
CORTE
100
AcDbPolyline
 90
50
 70
1
 10
157.0
 20
320.0
 10
157.0078852986855
 20
319.8746667664357
 10
157.03141683887137
 20
319.75131011283514
 10
157.07022351411175
 20
319.63187544731534
 10
157.12369331995612
 20
319.5182463258983
 10
157.19098300562504
 20
319.41221474770754
 10
157.27103137257856
 20
319.3154528940713
 10
157.3625760102513
 20
319.2294867572242
 10
157.46417320502098
 20
319.155672074498
 10
157.57422070843492
 20
319.09517294753397
 10
157.69098300562504
 20
319.0489434837049
 10
157.81261868541426
 20
319.0177127492713
 10
157.93720948047067
 20
319.0019732715717
 10
158.0627905195293
 20
319.0019732715717
 10
158.1873813145857
 20
319.0177127492713
 10
158.30901699437493
 20
319.0489434837049
 10
158.42577929156505
 20
319.09517294753397
 10
158.535826794979
 20
319.155672074498
 10
158.63742398974867
 20
319.2294867572242
 10
158.7289686274214
 20
319.3154528940713
 10
158.80901699437493
 20
319.41221474770754
 10
158.87630668004385
 20
319.5182463258983
 10
158.92977648588823
 20
319.63187544731534
 10
158.9685831611286
 20
319.75131011283514
 10
158.99211470131445
 20
319.8746667664357
 10
159.0
 20
320.0
 10
158.99211470131445
 20
320.12533323356433
 10
158.9685831611286
 20
320.24868988716486
 10
158.92977648588823
 20
320.36812455268466
 10
158.87630668004385
 20
320.4817536741017
 10
158.80901699437493
 20
320.58778525229246
 10
158.7289686274214
 20
320.6845471059287
 10
158.63742398974867
 20
320.7705132427758
 10
158.535826794979
 20
320.844327925502
 10
158.42577929156505
 20
320.90482705246603
 10
158.30901699437493
 20
320.9510565162952
 10
158.1873813145857
 20
320.9822872507287
 10
158.0627905195293
 20
320.9980267284283
 10
157.93720948047067
 20
320.9980267284283
 10
157.81261868541426
 20
320.9822872507287
 10
157.69098300562504
 20
320.9510565162952
 10
157.57422070843492
 20
320.90482705246603
 10
157.46417320502098
 20
320.844327925502
 10
157.3625760102513
 20
320.7705132427758
 10
157.27103137257856
 20
320.6845471059287
 10
157.19098300562504
 20
320.58778525229246
 10
157.12369331995612
 20
320.4817536741017
 10
157.07022351411175
 20
320.36812455268466
 10
157.03141683887137
 20
320.24868988716486
 10
157.0078852986855
 20
320.12533323356433
  0
LWPOLYLINE
  5
5C
330
17
100
AcDbEntity
  8
CORTE
100
AcDbPolyline
 90
4
 70
1
 10
155.0
 20
313.75
 10
155.0
 20
326.25
 10
132.0
 20
326.25
 10
132.0
 20
313.75
  0
LWPOLYLINE
  5
5D
330
17
100
AcDbEntity
  8
CORTE
100
AcDbPolyline
 90
436
 70
1
 10
247.4621903520208
 20
151.0879494254583
 10
247.32472112160718
 20
150.44324040860124
 10
247.17183818454205
 20
149.8020116559071
 10
247.00362938862565
 20
149.16463162272152
 10
246.8201913880236
 20
148.53146655288393
 10
246.62162958772842
 20
147.90288026828105
 10
246.40805808299302
 20
147.27923395979172
 10
246.17959959377077
 20
146.66088597974357
 10
245.9363853941994
 20
146.048191636001
 10
245.67855523716977
 20
145.4415029878021
 10
245.40625727402298
 20
144.8411686434627
 10
245.11964796942107
 20
144.24753356006306
 10
244.81889201144128
 20
143.6609388452326
 10
244.504162216945
 20
143.0817215611469
 10
244.17563943227555
 20
142.51021453084863
 10
243.83351242934256
 20
141.94674614700494
 10
243.47797779715202
 20
141.39164018321023
 10
243.10923982884458
 20
140.84521560794315
 10
242.72751040430705
 20
140.30778640128466
 10
242.33300886842443
 20
139.7796613745026
 10
241.92596190504256
 20
139.26114399260598
 10
241.5066034067137
 20
138.75253219997165
 10
241.0751743403
 20
138.25411824914292
 10
240.6319226085118
 20
137.7661885328988
 10
240.1771029074607
 20
137.28902341969047
 10
239.7109765803093
 20
136.82289709253908
 10
239.23381146710096
 20
136.36807739148801
 10
238.74588175085682
 20
135.9248256596998
 10
238.2474678000281
 20
135.4933965932861
 10
237.73885600739376
 20
135.07403809495725
 10
237.22033862549716
 20
134.6669911315754
 10
236.69221359871506
 20
134.27248959569278
 10
236.1547843920566
 20
133.89076017115525
 10
235.60835981678952
 20
133.5220222028478
 10
235.05325385299477
 20
133.16648757065727
 10
234.4897854691511
 20
132.82436056772428
 10
233.91827843885284
 20
132.49583778305487
 10
233.33906115476708
 20
132.18110798855858
 10
232.75246643993665
 20
131.88035203057882
 10
232.158831356537
 20
131.5937427259769
 10
231.55849701219762
 20
131.32144476283008
 10
230.9518083639987
 20
131.0636146058005
 10
230.33911402025612
 20
130.8204004062291
 10
229.720766040208
 20
130.59194191700686
 10
229.09711973171864
 20
130.3783704122715
 10
228.46853344711576
 20
130.1798086119763
 10
227.83536837727817
 20
129.99637061137426
 10
227.19798834409255
 20
129.8281618154579
 10
226.55675959139845
 20
129.67527887839276
 10
225.91205057454138
 20
129.53780964797917
 10
225.75201495830336
 20
129.49876686134246
 10
225.59573519472713
 20
129.44668641251974
 10
225.44427147547884
 20
129.38192161185998
 10
225.29865132049582
 20
129.30491181952323
 10
225.1598626073588
 20
129.21617946488982
 10
225.02884686959493
 20
129.11632650243394
 10
224.90649290937637
 20
129.00603032810383
 10
224.7936307679444
 20
128.8860391839122
 10
224.69102609466424
 20
128.75716708191146
 10
224.5993749529099
 20
128.62028828198922
 10
224.519299098016
 20
128.47633136094672
 10
224.39495337103386
 20
128.24626127568612
 10
224.25745249117563
 20
128.02380316280025
 10
224.10726086582252
 20
127.8097083715877
 10
223.94488576517887
 20
127.60470000434016
 10
223.77087560897365
 20
127.4094704740739
 10
223.58581811418037
 20
127.22467916591424
 10
223.39033831001055
 20
127.050950210031
 10
223.18509642688633
 20
126.88887037364731
 10
222.97078566652073
 20
126.73898707924108
 10
222.74812986063833
 20
126.60180655563296
 10
222.5178810262432
 20
126.47779212820527
 10
222.28081682569157
 20
126.36736265402665
 10
222.0377379401477
 20
126.27089110716807
 10
221.78946536529384
 20
126.18870331898772
 10
221.5368376384284
 20
126.12107687764012
 10
221.2807080063174
 20
126.0682401905257
 10
221.021941543365
 20
126.03037171284797
 10
220.7614122298361
 20
126.0075993448834
 10
220.5
 20
126.00000000000001
 10
220.2385877701639
 20
126.0075993448834
 10
219.978058456635
 20
126.03037171284797
 10
219.7192919936826
 20
126.0682401905257
 10
219.4631623615716
 20
126.12107687764012
 10
219.21053463470614
 20
126.18870331898772
 10
218.9622620598523
 20
126.27089110716807
 10
218.7191831743084
 20
126.36736265402665
 10
218.4821189737568
 20
126.47779212820527
 10
218.25187013936164
 20
126.60180655563296
 10
218.02921433347925
 20
126.73898707924108
 10
217.81490357311367
 20
126.88887037364731
 10
217.60966168998942
 20
127.050950210031
 10
217.41418188581963
 20
127.22467916591424
 10
217.22912439102632
 20
127.4094704740739
 10
217.05511423482113
 20
127.60470000434016
 10
216.89273913417748
 20
127.8097083715877
 10
216.74254750882437
 20
128.02380316280025
 10
216.60504662896614
 20
128.24626127568612
 10
216.480700901984
 20
128.47633136094674
 10
216.4006250470901
 20
128.62028828198922
 10
216.30897390533576
 20
128.75716708191146
 10
216.2063692320556
 20
128.88603918391223
 10
216.09350709062363
 20
129.00603032810383
 10
215.97115313040507
 20
129.11632650243394
 10
215.8401373926412
 20
129.21617946488982
 10
215.70134867950418
 20
129.30491181952323
 10
215.5557285245212
 20
129.38192161185998
 10
215.40426480527287
 20
129.44668641251974
 10
215.24798504169664
 20
129.49876686134246
 10
215.08794942545867
 20
129.53780964797917
 10
214.44324040860144
 20
129.67527887839276
 10
213.80201165590734
 20
129.8281618154579
 10
213.1646316227217
 20
129.99637061137426
 10
212.53146655288413
 20
130.17980861197634
 10
211.90288026828125
 20
130.37837041227152
 10
211.27923395979192
 20
130.5919419170069
 10
210.6608859797438
 20
130.8204004062291
 10
210.0481916360012
 20
131.06361460580052
 10
209.4415029878023
 20
131.32144476283014
 10
208.84116864346288
 20
131.59374272597694
 10
208.24753356006323
 20
131.88035203057885
 10
207.6609388452328
 20
132.1811079885586
 10
207.08172156114708
 20
132.4958377830549
 10
206.5102145308488
 20
132.82436056772434
 10
205.94674614700511
 20
133.16648757065732
 10
205.3916401832104
 20
133.52202220284784
 10
204.84521560794332
 20
133.89076017115528
 10
204.30778640128483
 20
134.27248959569283
 10
203.77966137450278
 20
134.66699113157546
 10
203.26114399260615
 20
135.0740380949573
 10
202.75253219997182
 20
135.49339659328612
 10
202.25411824914306
 20
135.92482565969985
 10
201.76618853289895
 20
136.36807739148807
 10
201.2890234196906
 20
136.82289709253916
 10
200.8228970925392
 20
137.28902341969058
 10
200.3680773914881
 20
137.76618853289892
 10
199.92482565969988
 20
138.25411824914303
 10
199.49339659328615
 20
138.75253219997177
 10
199.07403809495733
 20
139.26114399260612
 10
198.66699113157546
 20
139.77966137450275
 10
198.27248959569283
 20
140.30778640128483
 10
197.89076017115528
 20
140.84521560794332
 10
197.52202220284784
 20
141.39164018321043
 10
197.1664875706573
 20
141.94674614700514
 10
196.8243605677243
 20
142.51021453084883
 10
196.49583778305487
 20
143.0817215611471
 10
196.18110798855858
 20
143.66093884523286
 10
195.8803520305788
 20
144.2475335600633
 10
195.59374272597688
 20
144.84116864346296
 10
195.32144476283008
 20
145.44150298780238
 10
195.06361460580047
 20
146.0481916360013
 10
194.82040040622906
 20
146.66088597974388
 10
194.5919419170068
 20
147.27923395979204
 10
194.37837041227147
 20
147.9028802682814
 10
194.17980861197626
 20
148.5314665528843
 10
193.9963706113742
 20
149.16463162272188
 10
193.82816181545783
 20
149.8020116559075
 10
193.6752788783927
 20
150.44324040860164
 10
193.53780964797912
 20
151.0879494254587
 10
193.4987668613424
 20
151.2479850416966
 10
193.44668641251968
 20
151.40426480527285
 10
193.38192161185995
 20
151.55572852452116
 10
193.3049118195232
 20
151.70134867950415
 10
193.2161794648898
 20
151.84013739264117
 10
193.1163265024339
 20
151.971153130405
 10
193.00603032810383
 20
152.0935070906236
 10
192.88603918391223
 20
152.20636923205558
 10
192.75716708191146
 20
152.30897390533573
 10
192.62028828198925
 20
152.40062504709005
 10
192.47633136094674
 20
152.48070090198397
 10
192.24626127568612
 20
152.60504662896614
 10
192.02380316280025
 20
152.74254750882437
 10
191.8097083715877
 20
152.89273913417748
 10
191.60470000434015
 20
153.05511423482113
 10
191.40947047407388
 20
153.22912439102632
 10
191.22467916591424
 20
153.41418188581966
 10
191.050950210031
 20
153.60966168998945
 10
190.8888703736473
 20
153.81490357311367
 10
190.73898707924107
 20
154.02921433347927
 10
190.60180655563295
 20
154.25187013936167
 10
190.47779212820524
 20
154.48211897375683
 10
190.36736265402664
 20
154.71918317430843
 10
190.27089110716804
 20
154.96226205985232
 10
190.1887033189877
 20
155.21053463470616
 10
190.1210768776401
 20
155.46316236157162
 10
190.06824019052567
 20
155.71929199368262
 10
190.03037171284794
 20
155.97805845663504
 10
190.0075993448834
 20
156.23858777016392
 10
190.0
 20
156.50000000000003
 10
190.0075993448834
 20
156.76141222983614
 10
190.03037171284794
 20
157.02194154336502
 10
190.06824019052567
 20
157.28070800631744
 10
190.1210768776401
 20
157.53683763842844
 10
190.1887033189877
 20
157.7894653652939
 10
190.27089110716807
 20
158.03773794014774
 10
190.36736265402664
 20
158.2808168256916
 10
190.47779212820527
 20
158.51788102624323
 10
190.60180655563295
 20
158.74812986063836
 10
190.73898707924107
 20
158.97078566652078
 10
190.8888703736473
 20
159.18509642688636
 10
191.050950210031
 20
159.39033831001058
 10
191.22467916591424
 20
159.58581811418037
 10
191.4094704740739
 20
159.7708756089737
 10
191.60470000434015
 20
159.9448857651789
 10
191.8097083715877
 20
160.10726086582255
 10
192.02380316280025
 20
160.25745249117563
 10
192.24626127568612
 20
160.3949533710339
 10
192.47633136094674
 20
160.51929909801603
 10
192.62028828198922
 20
160.59937495290995
 10
192.75716708191143
 20
160.69102609466427
 10
192.8860391839122
 20
160.79363076794445
 10
193.0060303281038
 20
160.90649290937642
 10
193.1163265024339
 20
161.028846869595
 10
193.21617946488976
 20
161.15986260735883
 10
193.30491181952317
 20
161.29865132049588
 10
193.38192161185995
 20
161.44427147547887
 10
193.44668641251968
 20
161.59573519472718
 10
193.4987668613424
 20
161.7520149583034
 10
193.53780964797912
 20
161.91205057454135
 10
193.6752788783928
 20
162.5567595913987
 10
193.82816181545792
 20
163.1979883440928
 10
193.9963706113743
 20
163.8353683772784
 10
194.17980861197634
 20
164.468533447116
 10
194.37837041227155
 20
165.09711973171886
 10
194.59194191700692
 20
165.72076604020822
 10
194.82040040622917
 20
166.33911402025635
 10
195.06361460580055
 20
166.95180836399894
 10
195.32144476283017
 20
167.55849701219785
 10
195.59374272597697
 20
168.15883135653723
 10
195.88035203057888
 20
168.75246643993688
 10
196.18110798855867
 20
169.3390611547673
 10
196.49583778305495
 20
169.91827843885304
 10
196.8243605677244
 20
170.48978546915131
 10
197.16648757065738
 20
171.053253852995
 10
197.5220222028479
 20
171.60835981678972
 10
197.89076017115534
 20
172.1547843920568
 10
198.2724895956929
 20
172.69221359871528
 10
198.66699113157551
 20
173.22033862549733
 10
199.07403809495736
 20
173.73885600739396
 10
199.4933965932862
 20
174.2474678000283
 10
199.9248256596999
 20
174.74588175085702
 10
200.36807739148816
 20
175.23381146710113
 10
200.82289709253922
 20
175.71097658030948
 10
201.28902341969064
 20
176.1771029074609
 10
201.76618853289898
 20
176.63192260851196
 10
202.25411824914306
 20
177.07517434030018
 10
202.75253219997182
 20
177.50660340671388
 10
203.26114399260615
 20
177.9259619050427
 10
203.77966137450275
 20
178.33300886842457
 10
204.30778640128483
 20
178.7275104043072
 10
204.84521560794332
 20
179.10923982884475
 10
205.3916401832104
 20
179.47797779715216
 10
205.94674614700511
 20
179.8335124293427
 10
206.5102145308488
 20
180.1756394322757
 10
207.08172156114708
 20
180.50416221694513
 10
207.6609388452328
 20
180.81889201144142
 10
208.24753356006323
 20
181.11964796942118
 10
208.84116864346288
 20
181.4062572740231
 10
209.4415029878023
 20
181.6785552371699
 10
210.04819163600118
 20
181.9363853941995
 10
210.66088597974377
 20
182.1795995937709
 10
211.2792339597919
 20
182.40805808299314
 10
211.90288026828125
 20
182.6216295877285
 10
212.53146655288413
 20
182.8201913880237
 10
213.1646316227217
 20
183.00362938862574
 10
213.80201165590734
 20
183.17183818454214
 10
214.44324040860144
 20
183.32472112160724
 10
215.0879494254585
 20
183.46219035202085
 10
215.2479850416966
 20
183.5012331386576
 10
215.40426480527285
 20
183.55331358748032
 10
215.55572852452116
 20
183.61807838814005
 10
215.70134867950415
 20
183.6950881804768
 10
215.84013739264117
 20
183.7838205351102
 10
215.97115313040504
 20
183.8836734975661
 10
216.0935070906236
 20
183.9939696718962
 10
216.20636923205558
 20
184.1139608160878
 10
216.30897390533573
 20
184.24283291808857
 10
216.40062504709005
 20
184.3797117180108
 10
216.48070090198397
 20
184.52366863905328
 10
216.60504662896614
 20
184.75373872431388
 10
216.74254750882437
 20
184.97619683719978
 10
216.89273913417748
 20
185.1902916284123
 10
217.0551142348211
 20
185.39529999565985
 10
217.22912439102632
 20
185.59052952592612
 10
217.41418188581963
 20
185.7753208340858
 10
217.60966168998942
 20
185.94904978996902
 10
217.81490357311367
 20
186.11112962635272
 10
218.02921433347925
 20
186.26101292075896
 10
218.25187013936167
 20
186.39819344436705
 10
218.4821189737568
 20
186.52220787179476
 10
218.71918317430843
 20
186.63263734597336
 10
218.9622620598523
 20
186.72910889283196
 10
219.21053463470616
 20
186.81129668101232
 10
219.4631623615716
 20
186.8789231223599
 10
219.7192919936826
 20
186.93175980947433
 10
219.978058456635
 20
186.96962828715206
 10
220.2385877701639
 20
186.99240065511663
 10
220.5
 20
187.0
 10
220.7614122298361
 20
186.99240065511663
 10
221.021941543365
 20
186.96962828715206
 10
221.2807080063174
 20
186.93175980947433
 10
221.5368376384284
 20
186.8789231223599
 10
221.78946536529386
 20
186.8112966810123
 10
222.03773794014774
 20
186.72910889283196
 10
222.2808168256916
 20
186.63263734597336
 10
222.5178810262432
 20
186.52220787179476
 10
222.74812986063836
 20
186.39819344436705
 10
222.97078566652075
 20
186.26101292075893
 10
223.18509642688633
 20
186.1111296263527
 10
223.39033831001058
 20
185.94904978996902
 10
223.58581811418037
 20
185.7753208340858
 10
223.77087560897368
 20
185.59052952592612
 10
223.9448857651789
 20
185.39529999565985
 10
224.10726086582252
 20
185.1902916284123
 10
224.25745249117563
 20
184.97619683719978
 10
224.39495337103386
 20
184.75373872431388
 10
224.519299098016
 20
184.52366863905326
 10
224.59937495290993
 20
184.3797117180108
 10
224.69102609466424
 20
184.24283291808854
 10
224.79363076794442
 20
184.1139608160878
 10
224.90649290937637
 20
183.9939696718962
 10
225.02884686959496
 20
183.8836734975661
 10
225.1598626073588
 20
183.7838205351102
 10
225.29865132049585
 20
183.6950881804768
 10
225.44427147547884
 20
183.61807838814005
 10
225.59573519472713
 20
183.55331358748032
 10
225.7520149583034
 20
183.5012331386576
 10
225.91205057454133
 20
183.46219035202085
 10
226.55675959139833
 20
183.3247211216073
 10
227.19798834409247
 20
183.17183818454217
 10
227.8353683772781
 20
183.0036293886258
 10
228.4685334471157
 20
182.82019138802374
 10
229.09711973171858
 20
182.62162958772856
 10
229.72076604020793
 20
182.4080580829932
 10
230.3391140202561
 20
182.17959959377094
 10
230.95180836399868
 20
181.93638539419953
 10
231.5584970121976
 20
181.67855523716995
 10
232.158831356537
 20
181.40625727402312
 10
232.75246643993668
 20
181.1196479694212
 10
233.33906115476714
 20
180.81889201144145
 10
233.91827843885284
 20
180.50416221694516
 10
234.48978546915114
 20
180.17563943227572
 10
235.05325385299483
 20
179.83351242934273
 10
235.60835981678957
 20
179.4779777971522
 10
236.15478439205665
 20
179.10923982884475
 10
236.69221359871514
 20
178.7275104043072
 10
237.22033862549722
 20
178.33300886842457
 10
237.73885600739385
 20
177.9259619050427
 10
238.24746780002818
 20
177.50660340671388
 10
238.74588175085694
 20
177.07517434030015
 10
239.23381146710105
 20
176.63192260851193
 10
239.7109765803094
 20
176.17710290746084
 10
240.1771029074608
 20
175.71097658030945
 10
240.6319226085119
 20
175.23381146710108
 10
241.07517434030012
 20
174.74588175085697
 10
241.50660340671385
 20
174.24746780002823
 10
241.92596190504267
 20
173.7388560073939
 10
242.33300886842454
 20
173.22033862549728
 10
242.72751040430717
 20
172.69221359871517
 10
243.1092398288447
 20
172.1547843920567
 10
243.47797779715216
 20
171.6083598167896
 10
243.8335124293427
 20
171.05325385299489
 10
244.17563943227566
 20
170.48978546915117
 10
244.5041622169451
 20
169.9182784388529
 10
244.8188920114414
 20
169.33906115476717
 10
245.11964796942118
 20
168.75246643993674
 10
245.4062572740231
 20
168.15883135653706
 10
245.6785552371699
 20
167.55849701219765
 10
245.9363853941995
 20
166.95180836399874
 10
246.1795995937709
 20
166.33911402025615
 10
246.40805808299314
 20
165.72076604020802
 10
246.6216295877285
 20
165.09711973171866
 10
246.82019138802372
 20
164.46853344711576
 10
247.00362938862577
 20
163.83536837727817
 10
247.17183818454214
 20
163.19798834409255
 10
247.32472112160727
 20
162.55675959139842
 10
247.46219035202085
 20
161.91205057454135
 10
247.50123313865754
 20
161.7520149583034
 10
247.55331358748026
 20
161.59573519472715
 10
247.61807838814
 20
161.44427147547884
 10
247.69508818047677
 20
161.29865132049585
 10
247.78382053511018
 20
161.15986260735883
 10
247.88367349756606
 20
161.028846869595
 10
247.99396967189614
 20
160.9064929093764
 10
248.11396081608777
 20
160.79363076794442
 10
248.24283291808854
 20
160.69102609466427
 10
248.37971171801075
 20
160.59937495290995
 10
248.52366863905326
 20
160.519299098016
 10
248.7537387243139
 20
160.39495337103386
 10
248.97619683719978
 20
160.25745249117563
 10
249.19029162841233
 20
160.10726086582252
 10
249.39529999565988
 20
159.94488576517887
 10
249.59052952592612
 20
159.77087560897365
 10
249.7753208340858
 20
159.58581811418034
 10
249.94904978996902
 20
159.39033831001055
 10
250.11112962635272
 20
159.18509642688633
 10
250.26101292075896
 20
158.97078566652073
 10
250.39819344436705
 20
158.74812986063833
 10
250.52220787179476
 20
158.51788102624317
 10
250.63263734597336
 20
158.28081682569157
 10
250.72910889283196
 20
158.03773794014768
 10
250.8112966810123
 20
157.78946536529384
 10
250.8789231223599
 20
157.53683763842838
 10
250.93175980947433
 20
157.2807080063174
 10
250.96962828715203
 20
157.02194154336496
 10
250.9924006551166
 20
156.76141222983608
 10
251.0
 20
156.49999999999997
 10
250.9924006551166
 20
156.23858777016386
 10
250.96962828715203
 20
155.97805845663498
 10
250.9317598094743
 20
155.71929199368256
 10
250.87892312235988
 20
155.46316236157156
 10
250.81129668101227
 20
155.21053463470614
 10
250.72910889283193
 20
154.96226205985226
 10
250.63263734597334
 20
154.7191831743084
 10
250.52220787179473
 20
154.48211897375677
 10
250.39819344436702
 20
154.25187013936164
 10
250.2610129207589
 20
154.02921433347925
 10
250.1111296263527
 20
153.81490357311367
 10
249.949049789969
 20
153.60966168998942
 10
249.77532083408576
 20
153.41418188581963
 10
249.5905295259261
 20
153.22912439102632
 10
249.39529999565983
 20
153.05511423482113
 10
249.19029162841227
 20
152.89273913417748
 10
248.97619683719972
 20
152.74254750882437
 10
248.75373872431385
 20
152.60504662896614
 10
248.52366863905326
 20
152.480700901984
 10
248.37971171801075
 20
152.40062504709005
 10
248.24283291808854
 20
152.30897390533573
 10
248.11396081608777
 20
152.20636923205558
 10
247.99396967189614
 20
152.0935070906236
 10
247.88367349756606
 20
151.971153130405
 10
247.78382053511018
 20
151.84013739264117
 10
247.69508818047677
 20
151.70134867950415
 10
247.61807838814002
 20
151.55572852452116
 10
247.5533135874803
 20
151.40426480527285
 10
247.50123313865754
 20
151.2479850416966
  0
LWPOLYLINE
  5
5E
330
17
100
AcDbEntity
  8
CORTE
100
AcDbPolyline
 90
62
 70
1
 10
245.0
 20
156.50000000000003
 10
245.00769601491214
 20
156.34824751701888
 10
245.03070508812124
 20
156.19805221986704
 10
245.0687911153999
 20
156.05095531553997
 10
245.12156328256964
 20
155.90846621733004
 10
245.1884800757831
 20
155.7720470562034
 10
245.26885483818907
 20
155.64309767735782
 10
245.36186281596082
 20
155.52294127591668
 10
245.46654962138646
 20
155.41281081915633
 10
245.5818410261785
 20
155.31383639459347
 10
245.70655398450955
 20
155.2270336137579
 10
245.83940877266355
 20
155.1532931906439
 10
245.97904212073277
 20
155.0933718017794
 10
246.12402120161192
 20
155.0478843217007
 10
246.27285833374313
 20
155.01729751350786
 10
246.42402624674193
 20
155.00192523924343
 10
246.57597375325807
 20
155.00192523924343
 10
246.72714166625687
 20
155.01729751350786
 10
246.87597879838808
 20
155.0478843217007
 10
247.02095787926723
 20
155.0933718017794
 10
247.16059122733645
 20
155.1532931906439
 10
247.29344601549045
 20
155.2270336137579
 10
247.4181589738215
 20
155.31383639459347
 10
247.53345037861354
 20
155.41281081915633
 10
247.63813718403918
 20
155.52294127591668
 10
247.7311451618109
 20
155.64309767735784
 10
247.81151992421687
 20
155.7720470562034
 10
247.87843671743036
 20
155.90846621733004
 10
247.93120888460007
 20
156.05095531554
 10
247.96929491187873
 20
156.19805221986704
 10
247.99230398508783
 20
156.34824751701888
 10
248.0
 20
156.50000000000003
 10
247.99230398508783
 20
156.65175248298115
 10
247.96929491187873
 20
156.801947780133
 10
247.93120888460007
 20
156.94904468446006
 10
247.87843671743033
 20
157.09153378266998
 10
247.81151992421687
 20
157.22795294379665
 10
247.7311451618109
 20
157.3569023226422
 10
247.63813718403918
 20
157.47705872408335
 10
247.5334503786135
 20
157.5871891808437
 10
247.4181589738215
 20
157.68616360540656
 10
247.29344601549045
 20
157.77296638624213
 10
247.16059122733645
 20
157.84670680935614
 10
247.02095787926723
 20
157.90662819822063
 10
246.87597879838808
 20
157.95211567829932
 10
246.72714166625687
 20
157.98270248649217
 10
246.57597375325807
 20
157.9980747607566
 10
246.42402624674193
 20
157.9980747607566
 10
246.27285833374313
 20
157.98270248649217
 10
246.12402120161192
 20
157.95211567829932
 10
245.97904212073277
 20
157.90662819822063
 10
245.83940877266355
 20
157.84670680935614
 10
245.70655398450955
 20
157.77296638624213
 10
245.5818410261785
 20
157.68616360540656
 10
245.46654962138646
 20
157.5871891808437
 10
245.36186281596082
 20
157.47705872408335
 10
245.26885483818907
 20
157.3569023226422
 10
245.1884800757831
 20
157.22795294379665
 10
245.12156328256964
 20
157.09153378266998
 10
245.0687911153999
 20
156.94904468446006
 10
245.03070508812124
 20
156.801947780133
 10
245.00769601491214
 20
156.65175248298118
  0
LWPOLYLINE
  5
5F
330
17
100
AcDbEntity
  8
CORTE
100
AcDbPolyline
 90
62
 70
1
 10
219.0
 20
182.50000000000003
 10
219.00769601491214
 20
182.34824751701888
 10
219.03070508812127
 20
182.19805221986704
 10
219.06879111539993
 20
182.05095531553997
 10
219.12156328256964
 20
181.90846621733004
 10
219.18848007578313
 20
181.7720470562034
 10
219.26885483818907
 20
181.64309767735784
 10
219.36186281596082
 20
181.52294127591668
 10
219.46654962138646
 20
181.41281081915633
 10
219.5818410261785
 20
181.31383639459347
 10
219.70655398450955
 20
181.2270336137579
 10
219.83940877266355
 20
181.1532931906439
 10
219.97904212073277
 20
181.0933718017794
 10
220.12402120161192
 20
181.0478843217007
 10
220.27285833374313
 20
181.01729751350786
 10
220.42402624674193
 20
181.00192523924343
 10
220.57597375325807
 20
181.00192523924343
 10
220.72714166625687
 20
181.01729751350786
 10
220.87597879838808
 20
181.0478843217007
 10
221.02095787926723
 20
181.0933718017794
 10
221.16059122733645
 20
181.15329319064392
 10
221.29344601549045
 20
181.2270336137579
 10
221.4181589738215
 20
181.31383639459347
 10
221.53345037861354
 20
181.41281081915633
 10
221.63813718403918
 20
181.52294127591668
 10
221.73114516181093
 20
181.64309767735784
 10
221.81151992421687
 20
181.7720470562034
 10
221.87843671743036
 20
181.90846621733004
 10
221.93120888460007
 20
182.05095531554
 10
221.96929491187873
 20
182.19805221986704
 10
221.99230398508783
 20
182.34824751701888
 10
222.0
 20
182.50000000000003
 10
221.99230398508783
 20
182.65175248298115
 10
221.96929491187873
 20
182.801947780133
 10
221.93120888460007
 20
182.94904468446003
 10
221.87843671743033
 20
183.09153378266998
 10
221.81151992421687
 20
183.22795294379665
 10
221.7311451618109
 20
183.3569023226422
 10
221.63813718403918
 20
183.47705872408335
 10
221.53345037861354
 20
183.5871891808437
 10
221.4181589738215
 20
183.68616360540656
 10
221.29344601549045
 20
183.77296638624213
 10
221.16059122733645
 20
183.84670680935614
 10
221.02095787926723
 20
183.90662819822063
 10
220.87597879838808
 20
183.95211567829932
 10
220.72714166625687
 20
183.98270248649217
 10
220.57597375325807
 20
183.9980747607566
 10
220.42402624674193
 20
183.9980747607566
 10
220.27285833374313
 20
183.98270248649217
 10
220.12402120161192
 20
183.95211567829932
 10
219.97904212073277
 20
183.90662819822063
 10
219.83940877266355
 20
183.84670680935614
 10
219.70655398450955
 20
183.77296638624213
 10
219.5818410261785
 20
183.68616360540656
 10
219.46654962138646
 20
183.5871891808437
 10
219.36186281596082
 20
183.47705872408335
 10
219.26885483818907
 20
183.3569023226422
 10
219.18848007578313
 20
183.22795294379665
 10
219.12156328256964
 20
183.09153378266998
 10
219.06879111539993
 20
182.94904468446006
 10
219.03070508812127
 20
182.801947780133
 10
219.00769601491214
 20
182.65175248298118
  0
LWPOLYLINE
  5
60
330
17
100
AcDbEntity
  8
CORTE
100
AcDbPolyline
 90
62
 70
1
 10
193.0
 20
156.50000000000003
 10
193.00769601491214
 20
156.34824751701888
 10
193.03070508812127
 20
156.19805221986704
 10
193.06879111539993
 20
156.05095531553997
 10
193.12156328256964
 20
155.90846621733004
 10
193.18848007578313
 20
155.7720470562034
 10
193.26885483818907
 20
155.64309767735782
 10
193.36186281596082
 20
155.52294127591668
 10
193.46654962138646
 20
155.41281081915633
 10
193.5818410261785
 20
155.31383639459347
 10
193.70655398450955
 20
155.2270336137579
 10
193.83940877266355
 20
155.1532931906439
 10
193.97904212073277
 20
155.0933718017794
 10
194.12402120161192
 20
155.0478843217007
 10
194.27285833374313
 20
155.01729751350786
 10
194.42402624674193
 20
155.00192523924343
 10
194.57597375325807
 20
155.00192523924343
 10
194.72714166625687
 20
155.01729751350786
 10
194.87597879838808
 20
155.0478843217007
 10
195.02095787926723
 20
155.0933718017794
 10
195.16059122733645
 20
155.1532931906439
 10
195.29344601549045
 20
155.2270336137579
 10
195.4181589738215
 20
155.31383639459347
 10
195.53345037861354
 20
155.41281081915633
 10
195.63813718403918
 20
155.52294127591668
 10
195.73114516181093
 20
155.64309767735784
 10
195.81151992421687
 20
155.7720470562034
 10
195.87843671743036
 20
155.90846621733004
 10
195.93120888460007
 20
156.05095531554
 10
195.96929491187873
 20
156.19805221986704
 10
195.99230398508786
 20
156.34824751701888
 10
196.0
 20
156.50000000000003
 10
195.99230398508786
 20
156.65175248298115
 10
195.96929491187873
 20
156.801947780133
 10
195.93120888460007
 20
156.94904468446006
 10
195.87843671743036
 20
157.09153378266998
 10
195.81151992421687
 20
157.22795294379665
 10
195.73114516181093
 20
157.3569023226422
 10
195.63813718403918
 20
157.47705872408335
 10
195.53345037861354
 20
157.5871891808437
 10
195.4181589738215
 20
157.68616360540656
 10
195.29344601549045
 20
157.77296638624213
 10
195.16059122733645
 20
157.84670680935614
 10
195.02095787926723
 20
157.90662819822063
 10
194.87597879838808
 20
157.95211567829932
 10
194.72714166625687
 20
157.98270248649217
 10
194.57597375325807
 20
157.9980747607566
 10
194.42402624674193
 20
157.9980747607566
 10
194.27285833374313
 20
157.98270248649217
 10
194.12402120161192
 20
157.95211567829932
 10
193.97904212073277
 20
157.90662819822063
 10
193.83940877266355
 20
157.84670680935614
 10
193.70655398450955
 20
157.77296638624213
 10
193.5818410261785
 20
157.68616360540656
 10
193.46654962138646
 20
157.5871891808437
 10
193.36186281596082
 20
157.47705872408335
 10
193.2688548381891
 20
157.3569023226422
 10
193.18848007578313
 20
157.22795294379665
 10
193.12156328256967
 20
157.09153378266998
 10
193.06879111539993
 20
156.94904468446006
 10
193.03070508812127
 20
156.801947780133
 10
193.00769601491214
 20
156.65175248298118
  0
LWPOLYLINE
  5
61
330
17
100
AcDbEntity
  8
CORTE
100
AcDbPolyline
 90
62
 70
1
 10
219.0
 20
130.50000000000003
 10
219.00769601491214
 20
130.34824751701888
 10
219.03070508812127
 20
130.19805221986704
 10
219.06879111539993
 20
130.05095531553997
 10
219.12156328256964
 20
129.90846621733004
 10
219.18848007578313
 20
129.7720470562034
 10
219.26885483818907
 20
129.64309767735782
 10
219.36186281596082
 20
129.52294127591668
 10
219.46654962138646
 20
129.41281081915633
 10
219.5818410261785
 20
129.31383639459347
 10
219.70655398450955
 20
129.2270336137579
 10
219.83940877266355
 20
129.1532931906439
 10
219.97904212073277
 20
129.0933718017794
 10
220.12402120161192
 20
129.0478843217007
 10
220.27285833374313
 20
129.01729751350786
 10
220.42402624674193
 20
129.00192523924343
 10
220.57597375325807
 20
129.00192523924343
 10
220.72714166625687
 20
129.01729751350786
 10
220.87597879838808
 20
129.0478843217007
 10
221.02095787926723
 20
129.0933718017794
 10
221.16059122733645
 20
129.1532931906439
 10
221.29344601549045
 20
129.2270336137579
 10
221.4181589738215
 20
129.31383639459347
 10
221.53345037861354
 20
129.41281081915633
 10
221.63813718403918
 20
129.52294127591668
 10
221.73114516181093
 20
129.64309767735784
 10
221.81151992421687
 20
129.7720470562034
 10
221.87843671743036
 20
129.90846621733004
 10
221.93120888460007
 20
130.05095531554
 10
221.96929491187873
 20
130.19805221986704
 10
221.99230398508783
 20
130.34824751701888
 10
222.0
 20
130.50000000000003
 10
221.99230398508783
 20
130.65175248298115
 10
221.96929491187873
 20
130.801947780133
 10
221.93120888460007
 20
130.94904468446006
 10
221.87843671743033
 20
131.09153378266998
 10
221.81151992421687
 20
131.22795294379662
 10
221.7311451618109
 20
131.3569023226422
 10
221.63813718403918
 20
131.47705872408335
 10
221.53345037861354
 20
131.5871891808437
 10
221.4181589738215
 20
131.68616360540656
 10
221.29344601549045
 20
131.77296638624213
 10
221.16059122733645
 20
131.84670680935614
 10
221.02095787926723
 20
131.90662819822063
 10
220.87597879838808
 20
131.95211567829932
 10
220.72714166625687
 20
131.98270248649217
 10
220.57597375325807
 20
131.9980747607566
 10
220.42402624674193
 20
131.9980747607566
 10
220.27285833374313
 20
131.98270248649217
 10
220.12402120161192
 20
131.95211567829932
 10
219.97904212073277
 20
131.90662819822063
 10
219.83940877266355
 20
131.84670680935614
 10
219.70655398450955
 20
131.77296638624213
 10
219.5818410261785
 20
131.68616360540656
 10
219.46654962138646
 20
131.5871891808437
 10
219.36186281596082
 20
131.47705872408335
 10
219.26885483818907
 20
131.3569023226422
 10
219.18848007578313
 20
131.22795294379665
 10
219.12156328256964
 20
131.09153378266998
 10
219.06879111539993
 20
130.94904468446006
 10
219.03070508812127
 20
130.80194778013302
 10
219.00769601491214
 20
130.65175248298115
  0
LWPOLYLINE
  5
62
330
17
100
AcDbEntity
  8
CORTE
100
AcDbPolyline
 90
400
 70
1
 10
242.0
 20
156.50000000000003
 10
242.00796890522813
 20
156.76768758582094
 10
242.03184739715672
 20
157.03442709297423
 10
242.07155090447947
 20
157.2992738006363
 10
242.12693880786884
 20
157.561289691779
 10
242.19781493801236
 20
157.81954677537797
 10
242.2839282703927
 20
158.07313037311158
 10
242.38497381435002
 20
158.3211423589097
 10
242.50059369327835
 20
158.5627043398789
 10
242.63037841212983
 20
158.79696076733782
 10
242.77386830773793
 20
159.02308196694446
 10
242.930555176823
 20
159.24026707718338
 10
243.09988407591382
 20
159.44774688580546
 10
243.28125528681073
 20
159.64478655417443
 10
243.47402644062896
 20
159.830688219871
 10
243.6775147928994
 20
160.00479346833708
 10
243.80687029992401
 20
160.1184864175106
 10
243.92596534787853
 20
160.24288619018765
 10
244.03391687872445
 20
160.37707039520973
 10
244.12992446063265
 20
160.52004409246038
 10
244.21327622297196
 20
160.67074717008097
 10
244.28335413464012
 20
160.82806220491744
 10
244.3396385865999
 20
160.99082274791536
 10
244.38171224464134
 20
161.15782197302852
 10
244.40926314380386
 20
161.32782162551263
 10
244.4220870015132
 20
161.49956120325413
 10
244.42008873228247
 20
161.67176730305744
 10
244.4032831527453
 20
161.84316306259015
 10
244.3717948717949
 20
162.0124776279771
 10
244.22418847200947
 20
162.61660701243534
 10
244.06129583108793
 20
163.21679527453074
 10
243.8832219058844
 20
163.81265569408055
 10
243.69008143503208
 20
164.40380433946717
 10
243.48199886501376
 20
164.98986031501732
 10
243.25910826997676
 20
165.5704460064252
 10
243.02155326534498
 20
166.1451873240611
 10
242.76948691528276
 20
166.71371394400936
 10
242.5030716340709
 20
167.2756595466795
 10
242.22247908145815
 20
167.83066205283757
 10
241.92789005205526
 20
168.3783638569052
 10
241.61949435884335
 20
168.9184120573761
 10
241.29749071087156
 20
169.45045868420155
 10
240.9620865852224
 20
169.97416092299855
 10
240.61349809332785
 20
170.4891813359359
 10
240.25194984172185
 20
170.99518807915592
 10
239.8776747873194
 20
171.491855116592
 10
239.49091408731496
 20
171.97886243004382
 10
239.09191694379734
 20
172.4558962253752
 10
238.68094044318087
 20
172.92264913470146
 10
238.2582493905567
 20
173.37882041443635
 10
237.82411613907038
 20
173.82411613907044
 10
237.3788204144363
 20
174.25824939055676
 10
236.92264913470143
 20
174.6809404431809
 10
236.45589622537514
 20
175.09191694379737
 10
235.97886243004376
 20
175.49091408731502
 10
235.49185511659198
 20
175.87767478731945
 10
234.99518807915587
 20
176.2519498417219
 10
234.48918133593585
 20
176.61349809332788
 10
233.97416092299852
 20
176.96208658522244
 10
233.4504586842015
 20
177.2974907108716
 10
232.91841205737603
 20
177.61949435884338
 10
232.37836385690514
 20
177.9278900520553
 10
231.8306620528375
 20
178.22247908145818
 10
231.27565954667944
 20
178.50307163407092
 10
230.7137139440093
 20
178.76948691528276
 10
230.14518732406106
 20
179.021553265345
 10
229.57044600642513
 20
179.25910826997682
 10
228.98986031501727
 20
179.4819988650138
 10
228.40380433946711
 20
179.6900814350321
 10
227.8126556940805
 20
179.88322190588443
 10
227.21679527453068
 20
180.06129583108796
 10
226.61660701243528
 20
180.2241884720095
 10
226.01247762797703
 20
180.3717948717949
 10
225.84316306259015
 20
180.4032831527453
 10
225.67176730305744
 20
180.42008873228244
 10
225.49956120325413
 20
180.4220870015132
 10
225.32782162551263
 20
180.40926314380383
 10
225.15782197302852
 20
180.3817122446413
 10
224.99082274791536
 20
180.33963858659988
 10
224.82806220491747
 20
180.28335413464012
 10
224.67074717008097
 20
180.21327622297193
 10
224.5200440924604
 20
180.12992446063265
 10
224.37707039520973
 20
180.03391687872445
 10
224.24288619018768
 20
179.92596534787853
 10
224.11848641751067
 20
179.80687029992401
 10
224.00479346833708
 20
179.67751479289942
 10
223.83068821987098
 20
179.474026440629
 10
223.64478655417443
 20
179.28125528681076
 10
223.44774688580543
 20
179.09988407591385
 10
223.24026707718338
 20
178.93055517682302
 10
223.02308196694446
 20
178.77386830773796
 10
222.79696076733782
 20
178.63037841212986
 10
222.5627043398789
 20
178.5005936932784
 10
222.3211423589097
 20
178.38497381435008
 10
222.07313037311155
 20
178.28392827039272
 10
221.81954677537794
 20
178.19781493801236
 10
221.561289691779
 20
178.12693880786884
 10
221.29927380063629
 20
178.0715509044795
 10
221.03442709297423
 20
178.03184739715675
 10
220.7676875858209
 20
178.00796890522815
 10
220.5
 20
178.0
 10
220.23231241417906
 20
178.00796890522815
 10
219.96557290702577
 20
178.03184739715675
 10
219.70072619936371
 20
178.0715509044795
 10
219.438710308221
 20
178.12693880786884
 10
219.18045322462203
 20
178.19781493801236
 10
218.92686962688842
 20
178.28392827039272
 10
218.6788576410903
 20
178.38497381435008
 10
218.4372956601211
 20
178.5005936932784
 10
218.20303923266218
 20
178.63037841212986
 10
217.97691803305554
 20
178.77386830773796
 10
217.75973292281662
 20
178.93055517682302
 10
217.55225311419454
 20
179.09988407591385
 10
217.35521344582557
 20
179.28125528681076
 10
217.169311780129
 20
179.474026440629
 10
216.99520653166292
 20
179.67751479289942
 10
216.88151358248933
 20
179.80687029992404
 10
216.7571138098123
 20
179.92596534787853
 10
216.62292960479024
 20
180.03391687872445
 10
216.4799559075396
 20
180.12992446063265
 10
216.329252829919
 20
180.21327622297196
 10
216.1719377950825
 20
180.28335413464012
 10
216.0091772520846
 20
180.3396385865999
 10
215.84217802697145
 20
180.38171224464134
 10
215.67217837448734
 20
180.40926314380383
 10
215.50043879674584
 20
180.4220870015132
 10
215.32823269694256
 20
180.42008873228244
 10
215.15683693740982
 20
180.4032831527453
 10
214.98752237202288
 20
180.3717948717949
 10
214.38339298756475
 20
180.2241884720095
 10
213.78320472546935
 20
180.06129583108796
 10
213.18734430591954
 20
179.88322190588443
 10
212.5961956605329
 20
179.69008143503214
 10
212.01013968498276
 20
179.48199886501382
 10
211.4295539935749
 20
179.25910826997682
 10
210.85481267593897
 20
179.02155326534503
 10
210.28628605599073
 20
178.76948691528278
 10
209.7243404533206
 20
178.50307163407095
 10
209.16933794716252
 20
178.2224790814582
 10
208.62163614309486
 20
177.92789005205532
 10
208.081587942624
 20
177.6194943588434
 10
207.54954131579854
 20
177.2974907108716
 10
207.0258390770015
 20
176.96208658522247
 10
206.51081866406417
 20
176.6134980933279
 10
206.00481192084413
 20
176.2519498417219
 10
205.50814488340805
 20
175.87767478731948
 10
205.02113756995624
 20
175.49091408731505
 10
204.5441037746249
 20
175.0919169437974
 10
204.0773508652986
 20
174.68094044318093
 10
203.62117958556374
 20
174.25824939055678
 10
203.17588386092962
 20
173.82411613907047
 10
202.74175060944333
 20
173.37882041443638
 10
202.31905955681916
 20
172.9226491347015
 10
201.90808305620268
 20
172.45589622537523
 10
201.50908591268504
 20
171.97886243004385
 10
201.1223252126806
 20
171.49185511659203
 10
200.74805015827815
 20
170.99518807915595
 10
200.38650190667218
 20
170.48918133593594
 10
200.0379134147776
 20
169.97416092299858
 10
199.70250928912844
 20
169.45045868420158
 10
199.38050564115665
 20
168.91841205737612
 10
199.07210994794477
 20
168.37836385690522
 10
198.77752091854185
 20
167.8306620528376
 10
198.4969283659291
 20
167.27565954667952
 10
198.23051308471727
 20
166.71371394400938
 10
197.97844673465502
 20
166.14518732406114
 10
197.74089173002324
 20
165.57044600642521
 10
197.51800113498624
 20
164.98986031501735
 10
197.30991856496792
 20
164.4038043394672
 10
197.1167780941156
 20
163.81265569408058
 10
196.93870416891207
 20
163.21679527453077
 10
196.77581152799053
 20
162.61660701243537
 10
196.62820512820514
 20
162.01247762797715
 10
196.5997695433163
 20
161.86391585642343
 10
196.58264287253684
 20
161.71362993025886
 10
196.57692307692304
 20
161.56247945426466
 10
196.58488904156894
 20
161.3841527821405
 10
196.60872347891393
 20
161.20724665398188
 10
196.64823652467274
 20
161.03317029775138
 10
196.7031134193198
 20
160.86331039954842
 10
196.7729170154525
 20
160.69902005731683
 10
196.85709126009186
 20
160.54160800211451
 10
196.954965624181
 20
160.39232817280805
 10
197.06576044399586
 20
160.25236972724002
 10
197.18859313191882
 20
160.12284756943973
 10
197.32248520710056
 20
160.00479346833708
 10
197.52597355937104
 20
159.83068821987098
 10
197.71874471318927
 20
159.64478655417443
 10
197.90011592408618
 20
159.44774688580543
 10
198.069444823177
 20
159.24026707718335
 10
198.22613169226207
 20
159.02308196694446
 10
198.36962158787017
 20
158.79696076733782
 10
198.49940630672165
 20
158.5627043398789
 10
198.61502618564998
 20
158.3211423589097
 10
198.7160717296073
 20
158.07313037311155
 10
198.80218506198764
 20
157.81954677537794
 10
198.87306119213116
 20
157.56128969177897
 10
198.9284490955205
 20
157.29927380063629
 10
198.96815260284328
 20
157.0344270929742
 10
198.99203109477187
 20
156.7676875858209
 10
199.0
 20
156.49999999999997
 10
198.99203109477187
 20
156.23231241417906
 10
198.96815260284328
 20
155.96557290702577
 10
198.9284490955205
 20
155.7007261993637
 10
198.87306119213116
 20
155.438710308221
 10
198.80218506198764
 20
155.18045322462203
 10
198.71607172960728
 20
154.92686962688842
 10
198.61502618564995
 20
154.67885764109027
 10
198.4994063067216
 20
154.43729566012107
 10
198.36962158787014
 20
154.20303923266215
 10
198.22613169226204
 20
153.97691803305554
 10
198.06944482317695
 20
153.75973292281662
 10
197.90011592408612
 20
153.55225311419454
 10
197.7187447131892
 20
153.35521344582557
 10
197.525973559371
 20
153.169311780129
 10
197.32248520710058
 20
152.99520653166292
 10
197.18859313191888
 20
152.87715243056024
 10
197.0657604439959
 20
152.74763027275998
 10
196.95496562418106
 20
152.60767182719195
 10
196.85709126009192
 20
152.45839199788546
 10
196.77291701545255
 20
152.30097994268314
 10
196.70311341931986
 20
152.13668960045158
 10
196.6482365246728
 20
151.96682970224862
 10
196.608723478914
 20
151.79275334601812
 10
196.584889041569
 20
151.6158472178595
 10
196.5769230769231
 20
151.4375205457353
 10
196.58264287253687
 20
151.28637006974114
 10
196.59976954331637
 20
151.13608414357657
 10
196.62820512820514
 20
150.9875223720229
 10
196.77581152799053
 20
150.3833929875647
 10
196.93870416891207
 20
149.7832047254693
 10
197.1167780941156
 20
149.18734430591948
 10
197.3099185649679
 20
148.59619566053286
 10
197.51800113498624
 20
148.01013968498268
 10
197.7408917300232
 20
147.42955399357484
 10
197.97844673465502
 20
146.85481267593892
 10
198.23051308471724
 20
146.28628605599067
 10
198.49692836592908
 20
145.72434045332054
 10
198.77752091854182
 20
145.16933794716246
 10
199.07210994794474
 20
144.6216361430948
 10
199.38050564115665
 20
144.08158794262394
 10
199.70250928912841
 20
143.54954131579848
 10
200.0379134147776
 20
143.02583907700148
 10
200.38650190667215
 20
142.51081866406412
 10
200.74805015827815
 20
142.00481192084408
 10
201.12232521268058
 20
141.50814488340802
 10
201.50908591268504
 20
141.02113756995618
 10
201.90808305620266
 20
140.54410377462483
 10
202.31905955681913
 20
140.07735086529857
 10
202.7417506094433
 20
139.62117958556368
 10
203.1758838609296
 20
139.1758838609296
 10
203.6211795855637
 20
138.74175060944327
 10
204.07735086529857
 20
138.3190595568191
 10
204.54410377462483
 20
137.90808305620266
 10
205.0211375699562
 20
137.509085912685
 10
205.50814488340802
 20
137.12232521268058
 10
206.0048119208441
 20
136.74805015827812
 10
206.51081866406412
 20
136.38650190667215
 10
207.02583907700148
 20
136.0379134147776
 10
207.5495413157985
 20
135.70250928912841
 10
208.08158794262394
 20
135.38050564115665
 10
208.62163614309483
 20
135.07210994794474
 10
209.16933794716246
 20
134.77752091854185
 10
209.72434045332054
 20
134.4969283659291
 10
210.28628605599067
 20
134.23051308471724
 10
210.85481267593894
 20
133.97844673465502
 10
211.42955399357484
 20
133.7408917300232
 10
212.0101396849827
 20
133.51800113498624
 10
212.59619566053289
 20
133.30991856496792
 10
213.1873443059195
 20
133.1167780941156
 10
213.78320472546932
 20
132.93870416891207
 10
214.38339298756472
 20
132.77581152799053
 10
214.98752237202294
 20
132.62820512820514
 10
215.15683693740982
 20
132.5967168472547
 10
215.32823269694256
 20
132.57991126771756
 10
215.50043879674587
 20
132.5779129984868
 10
215.67217837448737
 20
132.59073685619617
 10
215.84217802697148
 20
132.6182877553587
 10
216.00917725208464
 20
132.66036141340012
 10
216.17193779508253
 20
132.71664586535988
 10
216.32925282991903
 20
132.78672377702807
 10
216.4799559075396
 20
132.87007553936735
 10
216.62292960479027
 20
132.96608312127555
 10
216.75711380981232
 20
133.07403465212147
 10
216.88151358248936
 20
133.19312970007599
 10
216.99520653166292
 20
133.32248520710058
 10
217.169311780129
 20
133.52597355937104
 10
217.35521344582557
 20
133.71874471318924
 10
217.55225311419454
 20
133.90011592408615
 10
217.75973292281662
 20
134.06944482317698
 10
217.97691803305554
 20
134.22613169226207
 10
218.20303923266215
 20
134.36962158787017
 10
218.43729566012107
 20
134.49940630672162
 10
218.67885764109027
 20
134.61502618564995
 10
218.92686962688842
 20
134.7160717296073
 10
219.18045322462203
 20
134.80218506198764
 10
219.438710308221
 20
134.8730611921312
 10
219.7007261993637
 20
134.92844909552053
 10
219.96557290702577
 20
134.96815260284328
 10
220.23231241417906
 20
134.99203109477187
 10
220.5
 20
135.0
 10
220.7676875858209
 20
134.99203109477187
 10
221.03442709297423
 20
134.96815260284328
 10
221.29927380063629
 20
134.92844909552053
 10
221.561289691779
 20
134.8730611921312
 10
221.81954677537794
 20
134.80218506198764
 10
222.07313037311155
 20
134.7160717296073
 10
222.3211423589097
 20
134.61502618564998
 10
222.5627043398789
 20
134.49940630672165
 10
222.79696076733782
 20
134.36962158787017
 10
223.02308196694446
 20
134.22613169226207
 10
223.24026707718338
 20
134.06944482317698
 10
223.44774688580546
 20
133.90011592408618
 10
223.64478655417443
 20
133.71874471318927
 10
223.830688219871
 20
133.52597355937104
 10
224.00479346833708
 20
133.3224852071006
 10
224.11848641751064
 20
133.19312970007599
 10
224.24288619018768
 20
133.0740346521215
 10
224.37707039520973
 20
132.96608312127557
 10
224.52004409246038
 20
132.87007553936738
 10
224.67074717008097
 20
132.78672377702807
 10
224.82806220491747
 20
132.71664586535988
 10
224.99082274791536
 20
132.66036141340012
 10
225.15782197302852
 20
132.6182877553587
 10
225.32782162551263
 20
132.59073685619617
 10
225.49956120325413
 20
132.5779129984868
 10
225.67176730305744
 20
132.57991126771756
 10
225.84316306259015
 20
132.5967168472547
 10
226.0124776279771
 20
132.6282051282051
 10
226.6166070124354
 20
132.77581152799056
 10
227.2167952745308
 20
132.9387041689121
 10
227.8126556940806
 20
133.11677809411566
 10
228.40380433946723
 20
133.30991856496794
 10
228.98986031501738
 20
133.51800113498626
 10
229.57044600642524
 20
133.74089173002326
 10
230.14518732406117
 20
133.97844673465505
 10
230.7137139440094
 20
134.2305130847173
 10
231.27565954667955
 20
134.49692836592914
 10
231.83066205283762
 20
134.7775209185419
 10
232.37836385690525
 20
135.0721099479448
 10
232.91841205737614
 20
135.3805056411567
 10
233.45045868420158
 20
135.7025092891285
 10
233.9741609229986
 20
136.03791341477765
 10
234.48918133593594
 20
136.3865019066722
 10
234.99518807915598
 20
136.7480501582782
 10
235.49185511659203
 20
137.12232521268066
 10
235.97886243004388
 20
137.5090859126851
 10
236.45589622537523
 20
137.90808305620274
 10
236.9226491347015
 20
138.31905955681918
 10
237.37882041443638
 20
138.74175060944336
 10
237.8241161390705
 20
139.17588386092967
 10
238.25824939055678
 20
139.62117958556377
 10
238.68094044318093
 20
140.07735086529865
 10
239.0919169437974
 20
140.54410377462494
 10
239.49091408731505
 20
141.0211375699563
 10
239.87767478731948
 20
141.5081448834081
 10
240.2519498417219
 20
142.0048119208442
 10
240.6134980933279
 20
142.51081866406423
 10
240.9620865852225
 20
143.02583907700156
 10
241.2974907108716
 20
143.5495413157986
 10
241.6194943588434
 20
144.08158794262405
 10
241.92789005205532
 20
144.62163614309492
 10
242.2224790814582
 20
145.16933794716257
 10
242.50307163407095
 20
145.72434045332065
 10
242.76948691528278
 20
146.2862860559908
 10
243.021553265345
 20
146.85481267593903
 10
243.25910826997682
 20
147.42955399357496
 10
243.4819988650138
 20
148.01013968498282
 10
243.69008143503214
 20
148.59619566053297
 10
243.88322190588443
 20
149.1873443059196
 10
244.06129583108796
 20
149.78320472546943
 10
244.2241884720095
 20
150.38339298756483
 10
244.3717948717949
 20
150.98752237202305
 10
244.40328315274525
 20
151.15683693740985
 10
244.4200887322824
 20
151.3282326969426
 10
244.42208700151315
 20
151.50043879674587
 10
244.4092631438038
 20
151.67217837448737
 10
244.38171224464128
 20
151.84217802697148
 10
244.33963858659985
 20
152.0091772520846
 10
244.2833541346401
 20
152.1719377950825
 10
244.2132762229719
 20
152.329252829919
 10
244.1299244606326
 20
152.4799559075396
 10
244.03391687872443
 20
152.62292960479024
 10
243.9259653478785
 20
152.7571138098123
 10
243.80687029992401
 20
152.88151358248933
 10
243.6775147928994
 20
152.9952065316629
 10
243.47402644062896
 20
153.16931178012902
 10
243.28125528681073
 20
153.3552134458256
 10
243.09988407591382
 20
153.55225311419457
 10
242.93055517682302
 20
153.75973292281665
 10
242.77386830773793
 20
153.97691803305557
 10
242.63037841212983
 20
154.2030392326622
 10
242.50059369327835
 20
154.43729566012112
 10
242.38497381435002
 20
154.67885764109033
 10
242.2839282703927
 20
154.92686962688845
 10
242.19781493801236
 20
155.18045322462206
 10
242.12693880786884
 20
155.43871030822103
 10
242.07155090447947
 20
155.70072619936374
 10
242.03184739715672
 20
155.9655729070258
 10
242.00796890522813
 20
156.2323124141791
  0
LWPOLYLINE
  5
63
330
17
100
AcDbEntity
  8
CORTE
100
AcDbPolyline
 90
436
 70
1
 10
227.46219035202125
 20
216.0879494254583
 10
227.32472112160764
 20
215.44324040860124
 10
227.1718381845425
 20
214.8020116559071
 10
227.0036293886261
 20
214.16463162272152
 10
226.82019138802406
 20
213.53146655288393
 10
226.62162958772888
 20
212.90288026828105
 10
226.40805808299348
 20
212.2792339597917
 10
226.17959959377123
 20
211.66088597974357
 10
225.93638539419985
 20
211.04819163600098
 10
225.67855523717023
 20
210.4415029878021
 10
225.40625727402343
 20
209.84116864346268
 10
225.11964796942152
 20
209.24753356006303
 10
224.81889201144173
 20
208.6609388452326
 10
224.50416221694545
 20
208.08172156114688
 10
224.175639432276
 20
207.5102145308486
 10
223.83351242934302
 20
206.94674614700494
 10
223.47797779715248
 20
206.3916401832102
 10
223.10923982884503
 20
205.84521560794312
 10
222.7275104043075
 20
205.30778640128466
 10
222.33300886842488
 20
204.77966137450258
 10
221.925961905043
 20
204.26114399260598
 10
221.50660340671416
 20
203.75253219997165
 10
221.07517434030046
 20
203.2541182491429
 10
220.63192260851224
 20
202.7661885328988
 10
220.17710290746115
 20
202.28902341969047
 10
219.71097658030976
 20
201.82289709253905
 10
219.23381146710142
 20
201.368077391488
 10
218.74588175085728
 20
200.92482565969976
 10
218.24746780002855
 20
200.49339659328606
 10
217.73885600739422
 20
200.07403809495725
 10
217.22033862549762
 20
199.66699113157537
 10
216.6922135987155
 20
199.27248959569278
 10
216.15478439205705
 20
198.89076017115522
 10
215.60835981678997
 20
198.52202220284778
 10
215.05325385299523
 20
198.16648757065727
 10
214.48978546915154
 20
197.82436056772428
 10
213.9182784388533
 20
197.49583778305484
 10
213.33906115476753
 20
197.18110798855855
 10
212.7524664399371
 20
196.8803520305788
 10
212.15883135653746
 20
196.59374272597688
 10
211.55849701219807
 20
196.32144476283008
 10
210.95180836399916
 20
196.06361460580047
 10
210.33911402025657
 20
195.82040040622908
 10
209.72076604020845
 20
195.59194191700684
 10
209.0971197317191
 20
195.37837041227147
 10
208.46853344711622
 20
195.17980861197628
 10
207.83536837727863
 20
194.99637061137423
 10
207.197988344093
 20
194.82816181545786
 10
206.5567595913989
 20
194.67527887839273
 10
205.91205057454184
 20
194.53780964797915
 10
205.75201495830382
 20
194.49876686134246
 10
205.59573519472758
 20
194.4466864125197
 10
205.4442714754793
 20
194.38192161185998
 10
205.29865132049628
 20
194.30491181952323
 10
205.15986260735926
 20
194.2161794648898
 10
205.02884686959538
 20
194.1163265024339
 10
204.90649290937682
 20
194.0060303281038
 10
204.79363076794485
 20
193.8860391839122
 10
204.6910260946647
 20
193.75716708191143
 10
204.59937495291035
 20
193.6202882819892
 10
204.51929909801646
 20
193.47633136094672
 10
204.39495337103432
 20
193.24626127568612
 10
204.25745249117608
 20
193.02380316280022
 10
204.10726086582298
 20
192.8097083715877
 10
203.94488576517932
 20
192.60470000434015
 10
203.7708756089741
 20
192.40947047407388
 10
203.58581811418082
 20
192.2246791659142
 10
203.390338310011
 20
192.05095021003098
 10
203.1850964268868
 20
191.8888703736473
 10
202.97078566652118
 20
191.73898707924107
 10
202.74812986063878
 20
191.60180655563295
 10
202.51788102624366
 20
191.47779212820524
 10
202.28081682569203
 20
191.36736265402664
 10
202.03773794014816
 20
191.27089110716804
 10
201.7894653652943
 20
191.1887033189877
 10
201.53683763842886
 20
191.1210768776401
 10
201.28070800631787
 20
191.06824019052567
 10
201.02194154336544
 20
191.03037171284794
 10
200.76141222983657
 20
191.0075993448834
 10
200.50000000000045
 20
191.0
 10
200.23858777016434
 20
191.0075993448834
 10
199.97805845663547
 20
191.03037171284794
 10
199.71929199368304
 20
191.06824019052567
 10
199.46316236157205
 20
191.1210768776401
 10
199.2105346347066
 20
191.1887033189877
 10
198.96226205985275
 20
191.27089110716804
 10
198.71918317430885
 20
191.36736265402664
 10
198.48211897375725
 20
191.47779212820524
 10
198.2518701393621
 20
191.60180655563295
 10
198.0292143334797
 20
191.73898707924107
 10
197.81490357311412
 20
191.8888703736473
 10
197.60966168998988
 20
192.05095021003098
 10
197.41418188582008
 20
192.2246791659142
 10
197.22912439102677
 20
192.40947047407388
 10
197.0551142348216
 20
192.60470000434015
 10
196.89273913417793
 20
192.8097083715877
 10
196.74254750882483
 20
193.02380316280022
 10
196.6050466289666
 20
193.24626127568612
 10
196.48070090198445
 20
193.47633136094672
 10
196.40062504709056
 20
193.6202882819892
 10
196.30897390533622
 20
193.75716708191143
 10
196.20636923205606
 20
193.8860391839122
 10
196.0935070906241
 20
194.0060303281038
 10
195.97115313040553
 20
194.1163265024339
 10
195.84013739264165
 20
194.2161794648898
 10
195.70134867950463
 20
194.3049118195232
 10
195.55572852452164
 20
194.38192161185998
 10
195.40426480527333
 20
194.4466864125197
 10
195.2479850416971
 20
194.49876686134243
 10
195.08794942545913
 20
194.53780964797915
 10
194.4432404086019
 20
194.67527887839276
 10
193.8020116559078
 20
194.8281618154579
 10
193.16463162272217
 20
194.99637061137426
 10
192.53146655288458
 20
195.1798086119763
 10
191.9028802682817
 20
195.37837041227152
 10
191.27923395979238
 20
195.59194191700686
 10
190.66088597974425
 20
195.8204004062291
 10
190.04819163600166
 20
196.06361460580052
 10
189.44150298780275
 20
196.3214447628301
 10
188.84116864346333
 20
196.5937427259769
 10
188.2475335600637
 20
196.88035203057882
 10
187.66093884523326
 20
197.1811079885586
 10
187.08172156114753
 20
197.4958377830549
 10
186.51021453084925
 20
197.82436056772434
 10
185.94674614700557
 20
198.1664875706573
 10
185.39164018321085
 20
198.52202220284784
 10
184.84521560794377
 20
198.89076017115528
 10
184.30778640128528
 20
199.2724895956928
 10
183.77966137450323
 20
199.66699113157543
 10
183.2611439926066
 20
200.0740380949573
 10
182.75253219997228
 20
200.49339659328612
 10
182.25411824914352
 20
200.92482565969982
 10
181.7661885328994
 20
201.36807739148807
 10
181.28902341969106
 20
201.82289709253914
 10
180.82289709253965
 20
202.28902341969055
 10
180.36807739148855
 20
202.7661885328989
 10
179.92482565970033
 20
203.254118249143
 10
179.4933965932866
 20
203.75253219997177
 10
179.07403809495779
 20
204.2611439926061
 10
178.6669911315759
 20
204.77966137450272
 10
178.2724895956933
 20
205.30778640128483
 10
177.89076017115573
 20
205.8452156079433
 10
177.5220222028483
 20
206.3916401832104
 10
177.16648757065775
 20
206.94674614700511
 10
176.82436056772477
 20
207.51021453084883
 10
176.49583778305532
 20
208.0817215611471
 10
176.18110798855903
 20
208.66093884523283
 10
175.88035203057925
 20
209.2475335600633
 10
175.59374272597734
 20
209.84116864346296
 10
175.32144476283054
 20
210.44150298780238
 10
175.06361460580092
 20
211.04819163600126
 10
174.8204004062295
 20
211.66088597974388
 10
174.59194191700726
 20
212.279233959792
 10
174.37837041227192
 20
212.90288026828136
 10
174.1798086119767
 20
213.53146655288427
 10
173.99637061137466
 20
214.16463162272186
 10
173.8281618154583
 20
214.80201165590748
 10
173.67527887839316
 20
215.4432404086016
 10
173.53780964797957
 20
216.0879494254587
 10
173.49876686134286
 20
216.2479850416966
 10
173.44668641252014
 20
216.40426480527285
 10
173.3819216118604
 20
216.55572852452113
 10
173.30491181952365
 20
216.70134867950412
 10
173.21617946489025
 20
216.84013739264117
 10
173.11632650243436
 20
216.971153130405
 10
173.0060303281043
 20
217.09350709062358
 10
172.8860391839127
 20
217.20636923205555
 10
172.75716708191192
 20
217.30897390533573
 10
172.6202882819897
 20
217.40062504709005
 10
172.4763313609472
 20
217.48070090198397
 10
172.24626127568658
 20
217.60504662896614
 10
172.0238031628007
 20
217.74254750882437
 10
171.80970837158816
 20
217.89273913417748
 10
171.6047000043406
 20
218.0551142348211
 10
171.40947047407434
 20
218.22912439102632
 10
171.2246791659147
 20
218.41418188581963
 10
171.05095021003146
 20
218.60966168998942
 10
170.88887037364776
 20
218.81490357311367
 10
170.73898707924153
 20
219.02921433347925
 10
170.6018065556334
 20
219.25187013936164
 10
170.4777921282057
 20
219.4821189737568
 10
170.3673626540271
 20
219.71918317430843
 10
170.2708911071685
 20
219.9622620598523
 10
170.18870331898816
 20
220.21053463470616
 10
170.12107687764055
 20
220.4631623615716
 10
170.06824019052613
 20
220.7192919936826
 10
170.0303717128484
 20
220.97805845663504
 10
170.00759934488386
 20
221.23858777016392
 10
170.00000000000045
 20
221.5
 10
170.00759934488386
 20
221.76141222983614
 10
170.0303717128484
 20
222.02194154336502
 10
170.06824019052613
 20
222.28070800631744
 10
170.12107687764055
 20
222.53683763842844
 10
170.18870331898816
 20
222.78946536529386
 10
170.27089110716852
 20
223.03773794014774
 10
170.3673626540271
 20
223.2808168256916
 10
170.47779212820572
 20
223.51788102624323
 10
170.6018065556334
 20
223.74812986063836
 10
170.73898707924153
 20
223.97078566652075
 10
170.88887037364776
 20
224.18509642688636
 10
171.05095021003146
 20
224.39033831001058
 10
171.2246791659147
 20
224.58581811418037
 10
171.40947047407437
 20
224.77087560897368
 10
171.6047000043406
 20
224.9448857651789
 10
171.80970837158816
 20
225.10726086582252
 10
172.0238031628007
 20
225.25745249117563
 10
172.24626127568658
 20
225.39495337103386
 10
172.4763313609472
 20
225.519299098016
 10
172.62028828198967
 20
225.59937495290995
 10
172.7571670819119
 20
225.69102609466427
 10
172.88603918391266
 20
225.79363076794442
 10
173.00603032810426
 20
225.9064929093764
 10
173.11632650243436
 20
226.028846869595
 10
173.21617946489022
 20
226.15986260735883
 10
173.30491181952362
 20
226.29865132049588
 10
173.3819216118604
 20
226.44427147547884
 10
173.44668641252014
 20
226.59573519472715
 10
173.49876686134286
 20
226.7520149583034
 10
173.53780964797957
 20
226.91205057454135
 10
173.67527887839324
 20
227.55675959139867
 10
173.82816181545837
 20
228.19798834409278
 10
173.99637061137474
 20
228.8353683772784
 10
174.1798086119768
 20
229.468533447116
 10
174.378370412272
 20
230.09711973171886
 10
174.59194191700738
 20
230.72076604020822
 10
174.82040040622962
 20
231.33911402025635
 10
175.063614605801
 20
231.9518083639989
 10
175.32144476283062
 20
232.55849701219782
 10
175.59374272597742
 20
233.15883135653723
 10
175.88035203057933
 20
233.75246643993688
 10
176.18110798855912
 20
234.3390611547673
 10
176.4958377830554
 20
234.91827843885304
 10
176.82436056772485
 20
235.4897854691513
 10
177.16648757065784
 20
236.053253852995
 10
177.52202220284835
 20
236.6083598167897
 10
177.8907601711558
 20
237.1547843920568
 10
178.27248959569334
 20
237.69221359871526
 10
178.66699113157597
 20
238.22033862549733
 10
179.0740380949578
 20
238.73885600739396
 10
179.49339659328666
 20
239.2474678000283
 10
179.92482565970036
 20
239.74588175085702
 10
180.3680773914886
 20
240.23381146710113
 10
180.82289709253968
 20
240.71097658030948
 10
181.2890234196911
 20
241.17710290746086
 10
181.76618853289943
 20
241.63192260851193
 10
182.25411824914352
 20
242.07517434030018
 10
182.75253219997228
 20
242.50660340671388
 10
183.2611439926066
 20
242.9259619050427
 10
183.7796613745032
 20
243.33300886842454
 10
184.30778640128528
 20
243.72751040430717
 10
184.84521560794377
 20
244.10923982884472
 10
185.39164018321085
 20
244.47797779715216
 10
185.94674614700557
 20
244.83351242934268
 10
186.51021453084925
 20
245.17563943227566
 10
187.08172156114753
 20
245.5041622169451
 10
187.66093884523326
 20
245.8188920114414
 10
188.2475335600637
 20
246.11964796942115
 10
188.84116864346333
 20
246.40625727402306
 10
189.44150298780275
 20
246.67855523716986
 10
190.04819163600163
 20
246.93638539419948
 10
190.66088597974422
 20
247.1795995937709
 10
191.27923395979235
 20
247.40805808299314
 10
191.9028802682817
 20
247.62162958772848
 10
192.53146655288458
 20
247.8201913880237
 10
193.16463162272217
 20
248.00362938862574
 10
193.8020116559078
 20
248.1718381845421
 10
194.4432404086019
 20
248.32472112160724
 10
195.08794942545896
 20
248.46219035202083
 10
195.24798504169706
 20
248.50123313865757
 10
195.4042648052733
 20
248.5533135874803
 10
195.5557285245216
 20
248.61807838814002
 10
195.7013486795046
 20
248.6950881804768
 10
195.84013739264162
 20
248.7838205351102
 10
195.9711531304055
 20
248.8836734975661
 10
196.09350709062406
 20
248.99396967189617
 10
196.20636923205603
 20
249.1139608160878
 10
196.3089739053362
 20
249.24283291808854
 10
196.4006250470905
 20
249.37971171801078
 10
196.48070090198442
 20
249.52366863905326
 10
196.6050466289666
 20
249.75373872431388
 10
196.74254750882483
 20
249.97619683719975
 10
196.89273913417793
 20
250.1902916284123
 10
197.05511423482156
 20
250.39529999565985
 10
197.22912439102677
 20
250.59052952592612
 10
197.41418188582008
 20
250.7753208340858
 10
197.60966168998988
 20
250.94904978996902
 10
197.81490357311412
 20
251.1111296263527
 10
198.0292143334797
 20
251.26101292075893
 10
198.25187013936213
 20
251.39819344436705
 10
198.48211897375725
 20
251.52220787179476
 10
198.71918317430888
 20
251.63263734597336
 10
198.96226205985275
 20
251.72910889283196
 10
199.21053463470662
 20
251.8112966810123
 10
199.46316236157205
 20
251.8789231223599
 10
199.71929199368304
 20
251.93175980947433
 10
199.97805845663547
 20
251.96962828715206
 10
200.23858777016434
 20
251.9924006551166
 10
200.50000000000045
 20
252.0
 10
200.76141222983657
 20
251.9924006551166
 10
201.02194154336544
 20
251.96962828715203
 10
201.28070800631787
 20
251.93175980947433
 10
201.53683763842886
 20
251.8789231223599
 10
201.78946536529432
 20
251.8112966810123
 10
202.0377379401482
 20
251.72910889283196
 10
202.28081682569206
 20
251.63263734597336
 10
202.51788102624366
 20
251.52220787179476
 10
202.7481298606388
 20
251.39819344436705
 10
202.9707856665212
 20
251.26101292075893
 10
203.1850964268868
 20
251.1111296263527
 10
203.39033831001103
 20
250.949049789969
 10
203.58581811418082
 20
250.77532083408576
 10
203.77087560897414
 20
250.5905295259261
 10
203.94488576517935
 20
250.39529999565983
 10
204.10726086582298
 20
250.1902916284123
 10
204.25745249117608
 20
249.97619683719975
 10
204.39495337103432
 20
249.75373872431385
 10
204.51929909801646
 20
249.52366863905326
 10
204.59937495291038
 20
249.37971171801078
 10
204.6910260946647
 20
249.24283291808854
 10
204.79363076794488
 20
249.1139608160878
 10
204.90649290937682
 20
248.99396967189617
 10
205.0288468695954
 20
248.8836734975661
 10
205.15986260735926
 20
248.7838205351102
 10
205.2986513204963
 20
248.6950881804768
 10
205.4442714754793
 20
248.61807838814002
 10
205.59573519472758
 20
248.5533135874803
 10
205.75201495830385
 20
248.50123313865757
 10
205.91205057454178
 20
248.46219035202085
 10
206.5567595913988
 20
248.3247211216073
 10
207.19798834409292
 20
248.17183818454217
 10
207.83536837727854
 20
248.0036293886258
 10
208.46853344711616
 20
247.82019138802372
 10
209.09711973171903
 20
247.62162958772853
 10
209.7207660402084
 20
247.40805808299316
 10
210.33911402025655
 20
247.17959959377094
 10
210.95180836399913
 20
246.93638539419953
 10
211.55849701219805
 20
246.67855523716992
 10
212.15883135653746
 20
246.40625727402312
 10
212.75246643993714
 20
246.11964796942118
 10
213.3390611547676
 20
245.81889201144142
 10
213.9182784388533
 20
245.50416221694513
 10
214.4897854691516
 20
245.1756394322757
 10
215.05325385299528
 20
244.8335124293427
 10
215.60835981679003
 20
244.47797779715216
 10
216.1547843920571
 20
244.10923982884472
 10
216.6922135987156
 20
243.7275104043072
 10
217.22033862549767
 20
243.33300886842454
 10
217.7388560073943
 20
242.9259619050427
 10
218.24746780002863
 20
242.50660340671385
 10
218.7458817508574
 20
242.07517434030015
 10
219.2338114671015
 20
241.6319226085119
 10
219.71097658030985
 20
241.17710290746084
 10
220.17710290746126
 20
240.71097658030942
 10
220.63192260851235
 20
240.23381146710108
 10
221.07517434030058
 20
239.74588175085697
 10
221.5066034067143
 20
239.24746780002823
 10
221.92596190504312
 20
238.73885600739388
 10
222.333008868425
 20
238.22033862549725
 10
222.72751040430762
 20
237.69221359871517
 10
223.10923982884515
 20
237.15478439205668
 10
223.47797779715262
 20
236.6083598167896
 10
223.83351242934316
 20
236.05325385299489
 10
224.1756394322761
 20
235.48978546915117
 10
224.50416221694556
 20
234.9182784388529
 10
224.81889201144185
 20
234.33906115476717
 10
225.11964796942164
 20
233.7524664399367
 10
225.40625727402355
 20
233.15883135653706
 10
225.67855523717034
 20
232.55849701219765
 10
225.93638539419996
 20
231.95180836399874
 10
226.17959959377134
 20
231.33911402025615
 10
226.4080580829936
 20
230.720766040208
 10
226.62162958772896
 20
230.09711973171864
 10
226.82019138802417
 20
229.46853344711576
 10
227.00362938862622
 20
228.83536837727814
 10
227.1718381845426
 20
228.19798834409255
 10
227.32472112160772
 20
227.55675959139842
 10
227.4621903520213
 20
226.91205057454133
 10
227.501233138658
 20
226.7520149583034
 10
227.55331358748072
 20
226.59573519472713
 10
227.61807838814045
 20
226.44427147547884
 10
227.69508818047723
 20
226.29865132049585
 10
227.78382053511064
 20
226.1598626073588
 10
227.88367349756652
 20
226.02884686959496
 10
227.9939696718966
 20
225.90649290937637
 10
228.11396081608822
 20
225.7936307679444
 10
228.242832918089
 20
225.69102609466424
 10
228.3797117180112
 20
225.59937495290993
 10
228.5236686390537
 20
225.519299098016
 10
228.75373872431436
 20
225.39495337103384
 10
228.97619683720023
 20
225.2574524911756
 10
229.19029162841278
 20
225.1072608658225
 10
229.39529999566034
 20
224.94488576517887
 10
229.59052952592657
 20
224.77087560897365
 10
229.77532083408624
 20
224.58581811418034
 10
229.94904978996948
 20
224.39033831001052
 10
230.11112962635318
 20
224.1850964268863
 10
230.2610129207594
 20
223.97078566652073
 10
230.3981934443675
 20
223.7481298606383
 10
230.52220787179522
 20
223.51788102624317
 10
230.63263734597382
 20
223.28081682569155
 10
230.72910889283241
 20
223.03773794014768
 10
230.81129668101275
 20
222.7894653652938
 10
230.87892312236036
 20
222.53683763842838
 10
230.93175980947478
 20
222.28070800631738
 10
230.9696282871525
 20
222.02194154336496
 10
230.99240065511705
 20
221.76141222983608
 10
231.00000000000045
 20
221.49999999999997
 10
230.99240065511705
 20
221.23858777016386
 10
230.9696282871525
 20
220.97805845663498
 10
230.93175980947476
 20
220.71929199368256
 10
230.87892312236033
 20
220.46316236157156
 10
230.81129668101272
 20
220.2105346347061
 10
230.7291088928324
 20
219.96226205985226
 10
230.6326373459738
 20
219.7191831743084
 10
230.5222078717952
 20
219.48211897375677
 10
230.39819344436748
 20
219.25187013936164
 10
230.26101292075936
 20
219.02921433347922
 10
230.11112962635315
 20
218.81490357311364
 10
229.94904978996945
 20
218.60966168998942
 10
229.77532083408622
 20
218.41418188581963
 10
229.59052952592654
 20
218.2291243910263
 10
229.39529999566028
 20
218.0551142348211
 10
229.19029162841272
 20
217.89273913417745
 10
228.97619683720018
 20
217.74254750882437
 10
228.7537387243143
 20
217.60504662896614
 10
228.5236686390537
 20
217.480700901984
 10
228.3797117180112
 20
217.40062504709005
 10
228.242832918089
 20
217.3089739053357
 10
228.11396081608822
 20
217.20636923205555
 10
227.9939696718966
 20
217.09350709062358
 10
227.88367349756652
 20
216.971153130405
 10
227.78382053511064
 20
216.84013739264117
 10
227.69508818047723
 20
216.70134867950412
 10
227.61807838814047
 20
216.55572852452113
 10
227.55331358748074
 20
216.40426480527285
 10
227.501233138658
 20
216.2479850416966
  0
LWPOLYLINE
  5
64
330
17
100
AcDbEntity
  8
CORTE
100
AcDbPolyline
 90
62
 70
1
 10
225.00000000000045
 20
221.5
 10
225.0076960149126
 20
221.34824751701885
 10
225.0307050881217
 20
221.198052219867
 10
225.06879111540036
 20
221.05095531553997
 10
225.1215632825701
 20
220.90846621733002
 10
225.18848007578356
 20
220.77204705620338
 10
225.26885483818953
 20
220.64309767735782
 10
225.36186281596127
 20
220.52294127591665
 10
225.46654962138692
 20
220.41281081915633
 10
225.58184102617895
 20
220.31383639459347
 10
225.70655398451
 20
220.22703361375787
 10
225.839408772664
 20
220.1532931906439
 10
225.97904212073323
 20
220.09337180177937
 10
226.12402120161238
 20
220.04788432170068
 10
226.27285833374359
 20
220.01729751350783
 10
226.4240262467424
 20
220.0019252392434
 10
226.57597375325852
 20
220.0019252392434
 10
226.72714166625732
 20
220.01729751350783
 10
226.87597879838853
 20
220.04788432170068
 10
227.02095787926768
 20
220.09337180177937
 10
227.1605912273369
 20
220.1532931906439
 10
227.2934460154909
 20
220.22703361375787
 10
227.41815897382196
 20
220.31383639459347
 10
227.533450378614
 20
220.41281081915633
 10
227.63813718403964
 20
220.52294127591668
 10
227.73114516181136
 20
220.64309767735782
 10
227.81151992421732
 20
220.77204705620338
 10
227.87843671743082
 20
220.90846621733004
 10
227.93120888460052
 20
221.05095531553997
 10
227.9692949118792
 20
221.198052219867
 10
227.99230398508828
 20
221.34824751701888
 10
228.00000000000045
 20
221.5
 10
227.99230398508828
 20
221.65175248298115
 10
227.9692949118792
 20
221.801947780133
 10
227.93120888460052
 20
221.94904468446003
 10
227.8784367174308
 20
222.09153378266998
 10
227.81151992421732
 20
222.22795294379662
 10
227.73114516181136
 20
222.35690232264218
 10
227.63813718403964
 20
222.47705872408335
 10
227.53345037861396
 20
222.58718918084367
 10
227.41815897382196
 20
222.68616360540653
 10
227.2934460154909
 20
222.77296638624213
 10
227.1605912273369
 20
222.8467068093561
 10
227.02095787926768
 20
222.90662819822063
 10
226.87597879838853
 20
222.95211567829932
 10
226.72714166625732
 20
222.98270248649217
 10
226.57597375325852
 20
222.9980747607566
 10
226.4240262467424
 20
222.9980747607566
 10
226.27285833374359
 20
222.98270248649217
 10
226.12402120161238
 20
222.95211567829932
 10
225.97904212073323
 20
222.90662819822063
 10
225.839408772664
 20
222.8467068093561
 10
225.70655398451
 20
222.77296638624213
 10
225.58184102617895
 20
222.68616360540653
 10
225.46654962138692
 20
222.58718918084367
 10
225.36186281596127
 20
222.47705872408335
 10
225.26885483818953
 20
222.35690232264218
 10
225.18848007578356
 20
222.22795294379662
 10
225.1215632825701
 20
222.09153378266998
 10
225.06879111540036
 20
221.94904468446003
 10
225.0307050881217
 20
221.801947780133
 10
225.0076960149126
 20
221.65175248298115
  0
LWPOLYLINE
  5
65
330
17
100
AcDbEntity
  8
CORTE
100
AcDbPolyline
 90
62
 70
1
 10
199.00000000000045
 20
247.5
 10
199.0076960149126
 20
247.34824751701885
 10
199.03070508812172
 20
247.198052219867
 10
199.0687911154004
 20
247.05095531553997
 10
199.1215632825701
 20
246.90846621733002
 10
199.1884800757836
 20
246.77204705620338
 10
199.26885483818953
 20
246.64309767735782
 10
199.36186281596127
 20
246.52294127591665
 10
199.46654962138692
 20
246.41281081915633
 10
199.58184102617895
 20
246.31383639459347
 10
199.70655398451
 20
246.22703361375787
 10
199.839408772664
 20
246.1532931906439
 10
199.97904212073323
 20
246.09337180177937
 10
200.12402120161238
 20
246.04788432170068
 10
200.27285833374359
 20
246.01729751350783
 10
200.4240262467424
 20
246.0019252392434
 10
200.57597375325852
 20
246.0019252392434
 10
200.72714166625732
 20
246.01729751350783
 10
200.87597879838853
 20
246.04788432170068
 10
201.02095787926768
 20
246.09337180177937
 10
201.1605912273369
 20
246.1532931906439
 10
201.2934460154909
 20
246.22703361375787
 10
201.41815897382196
 20
246.31383639459347
 10
201.533450378614
 20
246.41281081915633
 10
201.63813718403964
 20
246.52294127591668
 10
201.73114516181138
 20
246.64309767735782
 10
201.81151992421732
 20
246.7720470562034
 10
201.87843671743082
 20
246.90846621733004
 10
201.93120888460052
 20
247.05095531553997
 10
201.9692949118792
 20
247.198052219867
 10
201.99230398508828
 20
247.34824751701888
 10
202.00000000000045
 20
247.5
 10
201.99230398508828
 20
247.65175248298115
 10
201.9692949118792
 20
247.801947780133
 10
201.93120888460052
 20
247.94904468446003
 10
201.8784367174308
 20
248.09153378266998
 10
201.81151992421732
 20
248.22795294379662
 10
201.73114516181136
 20
248.35690232264218
 10
201.63813718403964
 20
248.47705872408335
 10
201.533450378614
 20
248.58718918084367
 10
201.41815897382196
 20
248.68616360540653
 10
201.2934460154909
 20
248.77296638624213
 10
201.1605912273369
 20
248.8467068093561
 10
201.02095787926768
 20
248.90662819822063
 10
200.87597879838853
 20
248.95211567829932
 10
200.72714166625732
 20
248.98270248649217
 10
200.57597375325852
 20
248.9980747607566
 10
200.4240262467424
 20
248.9980747607566
 10
200.27285833374359
 20
248.98270248649217
 10
200.12402120161238
 20
248.95211567829932
 10
199.97904212073323
 20
248.90662819822063
 10
199.839408772664
 20
248.8467068093561
 10
199.70655398451
 20
248.77296638624213
 10
199.58184102617895
 20
248.68616360540653
 10
199.46654962138692
 20
248.58718918084367
 10
199.36186281596127
 20
248.47705872408335
 10
199.26885483818953
 20
248.35690232264218
 10
199.1884800757836
 20
248.22795294379662
 10
199.1215632825701
 20
248.09153378266998
 10
199.0687911154004
 20
247.94904468446003
 10
199.03070508812172
 20
247.801947780133
 10
199.0076960149126
 20
247.65175248298115
  0
LWPOLYLINE
  5
66
330
17
100
AcDbEntity
  8
CORTE
100
AcDbPolyline
 90
62
 70
1
 10
173.00000000000045
 20
221.5
 10
173.0076960149126
 20
221.34824751701885
 10
173.03070508812172
 20
221.198052219867
 10
173.0687911154004
 20
221.05095531553997
 10
173.1215632825701
 20
220.90846621733002
 10
173.1884800757836
 20
220.77204705620338
 10
173.26885483818953
 20
220.64309767735782
 10
173.36186281596127
 20
220.52294127591665
 10
173.46654962138692
 20
220.41281081915633
 10
173.58184102617895
 20
220.31383639459347
 10
173.70655398451
 20
220.22703361375787
 10
173.839408772664
 20
220.1532931906439
 10
173.97904212073323
 20
220.09337180177937
 10
174.12402120161238
 20
220.04788432170068
 10
174.27285833374359
 20
220.01729751350783
 10
174.4240262467424
 20
220.0019252392434
 10
174.57597375325852
 20
220.0019252392434
 10
174.72714166625732
 20
220.01729751350783
 10
174.87597879838853
 20
220.04788432170068
 10
175.02095787926768
 20
220.09337180177937
 10
175.1605912273369
 20
220.1532931906439
 10
175.2934460154909
 20
220.22703361375787
 10
175.41815897382196
 20
220.31383639459347
 10
175.533450378614
 20
220.41281081915633
 10
175.63813718403964
 20
220.52294127591668
 10
175.73114516181138
 20
220.64309767735782
 10
175.81151992421732
 20
220.77204705620338
 10
175.87843671743082
 20
220.90846621733004
 10
175.93120888460052
 20
221.05095531553997
 10
175.9692949118792
 20
221.198052219867
 10
175.9923039850883
 20
221.34824751701888
 10
176.00000000000045
 20
221.5
 10
175.9923039850883
 20
221.65175248298115
 10
175.9692949118792
 20
221.801947780133
 10
175.93120888460052
 20
221.94904468446003
 10
175.87843671743082
 20
222.09153378266998
 10
175.81151992421732
 20
222.22795294379662
 10
175.73114516181138
 20
222.35690232264218
 10
175.63813718403964
 20
222.47705872408335
 10
175.533450378614
 20
222.58718918084367
 10
175.41815897382196
 20
222.68616360540653
 10
175.2934460154909
 20
222.77296638624213
 10
175.1605912273369
 20
222.8467068093561
 10
175.02095787926768
 20
222.90662819822063
 10
174.87597879838853
 20
222.95211567829932
 10
174.72714166625732
 20
222.98270248649217
 10
174.57597375325852
 20
222.9980747607566
 10
174.4240262467424
 20
222.9980747607566
 10
174.27285833374359
 20
222.98270248649217
 10
174.12402120161238
 20
222.95211567829932
 10
173.97904212073323
 20
222.90662819822063
 10
173.839408772664
 20
222.8467068093561
 10
173.70655398451
 20
222.77296638624213
 10
173.58184102617895
 20
222.68616360540653
 10
173.46654962138692
 20
222.58718918084367
 10
173.36186281596127
 20
222.47705872408335
 10
173.26885483818955
 20
222.35690232264218
 10
173.1884800757836
 20
222.22795294379662
 10
173.12156328257012
 20
222.09153378266998
 10
173.0687911154004
 20
221.94904468446003
 10
173.03070508812172
 20
221.801947780133
 10
173.0076960149126
 20
221.65175248298115
  0
LWPOLYLINE
  5
67
330
17
100
AcDbEntity
  8
CORTE
100
AcDbPolyline
 90
62
 70
1
 10
199.00000000000045
 20
195.5
 10
199.0076960149126
 20
195.34824751701885
 10
199.03070508812172
 20
195.198052219867
 10
199.0687911154004
 20
195.05095531553997
 10
199.1215632825701
 20
194.90846621733002
 10
199.1884800757836
 20
194.77204705620338
 10
199.26885483818953
 20
194.64309767735782
 10
199.36186281596127
 20
194.52294127591668
 10
199.46654962138692
 20
194.41281081915633
 10
199.58184102617895
 20
194.31383639459347
 10
199.70655398451
 20
194.22703361375787
 10
199.839408772664
 20
194.1532931906439
 10
199.97904212073323
 20
194.09337180177937
 10
200.12402120161238
 20
194.04788432170068
 10
200.27285833374359
 20
194.01729751350783
 10
200.4240262467424
 20
194.0019252392434
 10
200.57597375325852
 20
194.0019252392434
 10
200.72714166625732
 20
194.01729751350783
 10
200.87597879838853
 20
194.0478843217007
 10
201.02095787926768
 20
194.09337180177937
 10
201.1605912273369
 20
194.1532931906439
 10
201.2934460154909
 20
194.22703361375787
 10
201.41815897382196
 20
194.31383639459347
 10
201.533450378614
 20
194.41281081915633
 10
201.63813718403964
 20
194.52294127591668
 10
201.73114516181138
 20
194.64309767735782
 10
201.81151992421732
 20
194.77204705620338
 10
201.87843671743082
 20
194.90846621733004
 10
201.93120888460052
 20
195.05095531553997
 10
201.9692949118792
 20
195.198052219867
 10
201.99230398508828
 20
195.34824751701888
 10
202.00000000000045
 20
195.5
 10
201.99230398508828
 20
195.65175248298115
 10
201.9692949118792
 20
195.801947780133
 10
201.93120888460052
 20
195.94904468446003
 10
201.8784367174308
 20
196.09153378266998
 10
201.81151992421732
 20
196.22795294379662
 10
201.73114516181136
 20
196.35690232264218
 10
201.63813718403964
 20
196.47705872408332
 10
201.533450378614
 20
196.58718918084367
 10
201.41815897382196
 20
196.68616360540653
 10
201.2934460154909
 20
196.77296638624213
 10
201.1605912273369
 20
196.8467068093561
 10
201.02095787926768
 20
196.90662819822063
 10
200.87597879838853
 20
196.9521156782993
 10
200.72714166625732
 20
196.98270248649217
 10
200.57597375325852
 20
196.99807476075657
 10
200.4240262467424
 20
196.9980747607566
 10
200.27285833374359
 20
196.98270248649217
 10
200.12402120161238
 20
196.95211567829932
 10
199.97904212073323
 20
196.90662819822063
 10
199.839408772664
 20
196.8467068093561
 10
199.70655398451
 20
196.77296638624213
 10
199.58184102617895
 20
196.68616360540653
 10
199.46654962138692
 20
196.5871891808437
 10
199.36186281596127
 20
196.47705872408335
 10
199.26885483818953
 20
196.35690232264218
 10
199.1884800757836
 20
196.22795294379662
 10
199.1215632825701
 20
196.09153378266998
 10
199.0687911154004
 20
195.94904468446003
 10
199.03070508812172
 20
195.801947780133
 10
199.0076960149126
 20
195.65175248298115
  0
LWPOLYLINE
  5
68
330
17
100
AcDbEntity
  8
CORTE
100
AcDbPolyline
 90
400
 70
1
 10
222.00000000000045
 20
221.5
 10
222.00796890522858
 20
221.7676875858209
 10
222.03184739715718
 20
222.03442709297423
 10
222.07155090447992
 20
222.29927380063629
 10
222.1269388078693
 20
222.561289691779
 10
222.1978149380128
 20
222.81954677537794
 10
222.28392827039315
 20
223.07313037311155
 10
222.38497381435047
 20
223.3211423589097
 10
222.5005936932788
 20
223.5627043398789
 10
222.63037841213028
 20
223.79696076733782
 10
222.77386830773838
 20
224.02308196694446
 10
222.93055517682345
 20
224.24026707718335
 10
223.09988407591428
 20
224.44774688580543
 10
223.2812552868112
 20
224.6447865541744
 10
223.47402644062942
 20
224.83068821987098
 10
223.67751479289984
 20
225.00479346833706
 10
223.80687029992447
 20
225.1184864175106
 10
223.92596534787899
 20
225.24288619018765
 10
224.0339168787249
 20
225.3770703952097
 10
224.1299244606331
 20
225.52004409246035
 10
224.2132762229724
 20
225.67074717008094
 10
224.28335413464058
 20
225.82806220491744
 10
224.33963858660036
 20
225.99082274791533
 10
224.3817122446418
 20
226.1578219730285
 10
224.4092631438043
 20
226.3278216255126
 10
224.42208700151366
 20
226.4995612032541
 10
224.42008873228292
 20
226.6717673030574
 10
224.40328315274576
 20
226.84316306259015
 10
224.37179487179534
 20
227.0124776279771
 10
224.22418847200993
 20
227.61660701243534
 10
224.0612958310884
 20
228.21679527453074
 10
223.88322190588485
 20
228.81265569408055
 10
223.69008143503254
 20
229.40380433946717
 10
223.48199886501422
 20
229.98986031501732
 10
223.25910826997722
 20
230.5704460064252
 10
223.02155326534543
 20
231.14518732406108
 10
222.7694869152832
 20
231.71371394400933
 10
222.50307163407135
 20
232.2756595466795
 10
222.2224790814586
 20
232.83066205283757
 10
221.92789005205572
 20
233.3783638569052
 10
221.6194943588438
 20
233.91841205737606
 10
221.297490710872
 20
234.45045868420152
 10
220.96208658522286
 20
234.97416092299855
 10
220.6134980933283
 20
235.48918133593588
 10
220.2519498417223
 20
235.99518807915592
 10
219.87767478731985
 20
236.49185511659198
 10
219.49091408731542
 20
236.97886243004382
 10
219.0919169437978
 20
237.45589622537517
 10
218.68094044318133
 20
237.92264913470143
 10
218.25824939055715
 20
238.37882041443632
 10
217.82411613907084
 20
238.82411613907044
 10
217.37882041443675
 20
239.25824939055673
 10
216.92264913470189
 20
239.6809404431809
 10
216.4558962253756
 20
240.09191694379734
 10
215.97886243004422
 20
240.490914087315
 10
215.49185511659243
 20
240.87767478731945
 10
214.99518807915632
 20
241.25194984172188
 10
214.4891813359363
 20
241.61349809332788
 10
213.97416092299898
 20
241.96208658522244
 10
213.45045868420195
 20
242.29749071087159
 10
212.9184120573765
 20
242.61949435884338
 10
212.3783638569056
 20
242.92789005205526
 10
211.83066205283797
 20
243.22247908145818
 10
211.2756595466799
 20
243.50307163407092
 10
210.71371394400975
 20
243.76948691528276
 10
210.1451873240615
 20
244.021553265345
 10
209.57044600642558
 20
244.2591082699768
 10
208.98986031501772
 20
244.4819988650138
 10
208.40380433946757
 20
244.6900814350321
 10
207.81265569408095
 20
244.8832219058844
 10
207.21679527453114
 20
245.06129583108793
 10
206.61660701243574
 20
245.22418847200947
 10
206.0124776279775
 20
245.3717948717949
 10
205.8431630625906
 20
245.40328315274527
 10
205.6717673030579
 20
245.42008873228244
 10
205.4995612032546
 20
245.4220870015132
 10
205.32782162551308
 20
245.4092631438038
 10
205.15782197302897
 20
245.3817122446413
 10
204.99082274791581
 20
245.33963858659988
 10
204.82806220491793
 20
245.2833541346401
 10
204.67074717008143
 20
245.2132762229719
 10
204.52004409246086
 20
245.12992446063262
 10
204.37707039521018
 20
245.03391687872443
 10
204.24288619018813
 20
244.9259653478785
 10
204.11848641751112
 20
244.80687029992401
 10
204.00479346833754
 20
244.6775147928994
 10
203.83068821987143
 20
244.47402644062896
 10
203.64478655417489
 20
244.28125528681076
 10
203.44774688580588
 20
244.09988407591385
 10
203.24026707718383
 20
243.93055517682302
 10
203.02308196694491
 20
243.77386830773796
 10
202.79696076733828
 20
243.63037841212983
 10
202.56270433987936
 20
243.50059369327838
 10
202.32114235891015
 20
243.38497381435005
 10
202.073130373112
 20
243.28392827039272
 10
201.8195467753784
 20
243.19781493801236
 10
201.56128969177945
 20
243.12693880786884
 10
201.29927380063674
 20
243.0715509044795
 10
201.03442709297468
 20
243.03184739715672
 10
200.76768758582136
 20
243.00796890522813
 10
200.50000000000045
 20
243.0
 10
200.23231241417952
 20
243.00796890522813
 10
199.96557290702623
 20
243.03184739715672
 10
199.70072619936417
 20
243.0715509044795
 10
199.43871030822146
 20
243.12693880786884
 10
199.18045322462248
 20
243.19781493801236
 10
198.92686962688887
 20
243.28392827039272
 10
198.67885764109076
 20
243.38497381435005
 10
198.43729566012155
 20
243.50059369327838
 10
198.20303923266263
 20
243.63037841212983
 10
197.976918033056
 20
243.77386830773796
 10
197.75973292281708
 20
243.93055517682302
 10
197.552253114195
 20
244.09988407591385
 10
197.35521344582602
 20
244.28125528681076
 10
197.16931178012945
 20
244.47402644062896
 10
196.99520653166337
 20
244.6775147928994
 10
196.8815135824898
 20
244.80687029992401
 10
196.75711380981275
 20
244.92596534787853
 10
196.6229296047907
 20
245.03391687872445
 10
196.47995590754005
 20
245.12992446063265
 10
196.32925282991945
 20
245.21327622297193
 10
196.17193779508295
 20
245.28335413464012
 10
196.00917725208507
 20
245.33963858659988
 10
195.8421780269719
 20
245.3817122446413
 10
195.6721783744878
 20
245.40926314380383
 10
195.5004387967463
 20
245.4220870015132
 10
195.32823269694302
 20
245.42008873228244
 10
195.15683693741028
 20
245.4032831527453
 10
194.98752237202334
 20
245.37179487179486
 10
194.3833929875652
 20
245.2241884720095
 10
193.7832047254698
 20
245.06129583108796
 10
193.18734430592
 20
244.8832219058844
 10
192.59619566053337
 20
244.6900814350321
 10
192.01013968498322
 20
244.4819988650138
 10
191.42955399357535
 20
244.25910826997682
 10
190.85481267593943
 20
244.021553265345
 10
190.28628605599118
 20
243.76948691528278
 10
189.72434045332105
 20
243.50307163407092
 10
189.16933794716297
 20
243.22247908145818
 10
188.62163614309532
 20
242.9278900520553
 10
188.08158794262445
 20
242.6194943588434
 10
187.549541315799
 20
242.2974907108716
 10
187.02583907700196
 20
241.96208658522247
 10
186.51081866406463
 20
241.6134980933279
 10
186.0048119208446
 20
241.2519498417219
 10
185.5081448834085
 20
240.87767478731945
 10
185.0211375699567
 20
240.49091408731502
 10
184.54410377462534
 20
240.09191694379737
 10
184.07735086529905
 20
239.68094044318093
 10
183.6211795855642
 20
239.25824939055676
 10
183.17588386093007
 20
238.82411613907044
 10
182.74175060944378
 20
238.37882041443635
 10
182.3190595568196
 20
237.92264913470146
 10
181.90808305620314
 20
237.4558962253752
 10
181.5090859126855
 20
236.97886243004385
 10
181.12232521268106
 20
236.49185511659203
 10
180.7480501582786
 20
235.99518807915595
 10
180.38650190667263
 20
235.4891813359359
 10
180.03791341477805
 20
234.97416092299858
 10
179.7025092891289
 20
234.45045868420155
 10
179.3805056411571
 20
233.91841205737612
 10
179.07210994794522
 20
233.37836385690522
 10
178.7775209185423
 20
232.8306620528376
 10
178.49692836592956
 20
232.2756595466795
 10
178.23051308471773
 20
231.71371394400938
 10
177.97844673465548
 20
231.1451873240611
 10
177.7408917300237
 20
230.57044600642521
 10
177.5180011349867
 20
229.98986031501735
 10
177.30991856496837
 20
229.40380433946717
 10
177.11677809411606
 20
228.81265569408058
 10
176.93870416891252
 20
228.21679527453074
 10
176.77581152799098
 20
227.61660701243534
 10
176.6282051282056
 20
227.01247762797712
 10
176.59976954331677
 20
226.86391585642343
 10
176.5826428725373
 20
226.71362993025883
 10
176.5769230769235
 20
226.56247945426466
 10
176.5848890415694
 20
226.38415278214046
 10
176.60872347891438
 20
226.20724665398185
 10
176.6482365246732
 20
226.03317029775135
 10
176.70311341932026
 20
225.8633103995484
 10
176.77291701545295
 20
225.69902005731683
 10
176.85709126009232
 20
225.54160800211451
 10
176.95496562418145
 20
225.39232817280805
 10
177.0657604439963
 20
225.25236972724002
 10
177.18859313191928
 20
225.12284756943973
 10
177.322485207101
 20
225.00479346833706
 10
177.5259735593715
 20
224.83068821987098
 10
177.71874471318972
 20
224.6447865541744
 10
177.90011592408663
 20
224.44774688580543
 10
178.06944482317746
 20
224.24026707718335
 10
178.22613169226253
 20
224.02308196694443
 10
178.36962158787063
 20
223.7969607673378
 10
178.4994063067221
 20
223.56270433987888
 10
178.61502618565044
 20
223.32114235890967
 10
178.71607172960776
 20
223.07313037311155
 10
178.8021850619881
 20
222.81954677537794
 10
178.87306119213162
 20
222.56128969177897
 10
178.92844909552096
 20
222.29927380063626
 10
178.96815260284373
 20
222.0344270929742
 10
178.99203109477233
 20
221.76768758582088
 10
179.00000000000045
 20
221.49999999999997
 10
178.99203109477233
 20
221.23231241417903
 10
178.96815260284373
 20
220.96557290702575
 10
178.92844909552096
 20
220.7007261993637
 10
178.87306119213162
 20
220.43871030822098
 10
178.8021850619881
 20
220.180453224622
 10
178.71607172960773
 20
219.9268696268884
 10
178.6150261856504
 20
219.67885764109027
 10
178.49940630672205
 20
219.43729566012107
 10
178.3696215878706
 20
219.20303923266215
 10
178.2261316922625
 20
218.9769180330555
 10
178.0694448231774
 20
218.75973292281662
 10
177.90011592408658
 20
218.5522531141945
 10
177.71874471318966
 20
218.35521344582554
 10
177.52597355937147
 20
218.16931178012896
 10
177.32248520710104
 20
217.9952065316629
 10
177.18859313191933
 20
217.87715243056024
 10
177.06576044399637
 20
217.74763027275995
 10
176.9549656241815
 20
217.60767182719192
 10
176.85709126009237
 20
217.45839199788546
 10
176.772917015453
 20
217.30097994268314
 10
176.70311341932032
 20
217.13668960045158
 10
176.64823652467325
 20
216.96682970224862
 10
176.60872347891444
 20
216.79275334601812
 10
176.58488904156945
 20
216.61584721785948
 10
176.57692307692355
 20
216.4375205457353
 10
176.58264287253732
 20
216.28637006974114
 10
176.59976954331682
 20
216.13608414357657
 10
176.6282051282056
 20
215.9875223720229
 10
176.77581152799098
 20
215.38339298756466
 10
176.93870416891252
 20
214.78320472546926
 10
177.11677809411606
 20
214.18734430591945
 10
177.30991856496834
 20
213.59619566053283
 10
177.5180011349867
 20
213.01013968498268
 10
177.74089173002366
 20
212.4295539935748
 10
177.97844673465548
 20
211.8548126759389
 10
178.2305130847177
 20
211.28628605599064
 10
178.49692836592953
 20
210.7243404533205
 10
178.77752091854228
 20
210.16933794716243
 10
179.0721099479452
 20
209.6216361430948
 10
179.3805056411571
 20
209.0815879426239
 10
179.70250928912887
 20
208.54954131579848
 10
180.03791341477805
 20
208.02583907700145
 10
180.3865019066726
 20
207.51081866406412
 10
180.7480501582786
 20
207.00481192084408
 10
181.12232521268103
 20
206.508144883408
 10
181.5090859126855
 20
206.02113756995618
 10
181.9080830562031
 20
205.54410377462483
 10
182.31905955681958
 20
205.07735086529854
 10
182.74175060944376
 20
204.62117958556368
 10
183.17588386093004
 20
204.17588386092956
 10
183.62117958556416
 20
203.74175060944327
 10
184.07735086529902
 20
203.3190595568191
 10
184.54410377462528
 20
202.90808305620266
 10
185.02113756995666
 20
202.509085912685
 10
185.50814488340848
 20
202.12232521268055
 10
186.00481192084456
 20
201.74805015827812
 10
186.51081866406457
 20
201.38650190667212
 10
187.02583907700193
 20
201.03791341477756
 10
187.54954131579896
 20
200.70250928912841
 10
188.0815879426244
 20
200.38050564115662
 10
188.6216361430953
 20
200.07210994794474
 10
189.16933794716292
 20
199.77752091854182
 10
189.724340453321
 20
199.49692836592908
 10
190.28628605599113
 20
199.23051308471724
 10
190.8548126759394
 20
198.978446734655
 10
191.4295539935753
 20
198.7408917300232
 10
192.01013968498316
 20
198.5180011349862
 10
192.59619566053334
 20
198.3099185649679
 10
193.18734430591996
 20
198.1167780941156
 10
193.78320472546977
 20
197.93870416891207
 10
194.38339298756517
 20
197.77581152799053
 10
194.9875223720234
 20
197.6282051282051
 10
195.15683693741028
 20
197.5967168472547
 10
195.32823269694302
 20
197.57991126771753
 10
195.50043879674632
 20
197.5779129984868
 10
195.67217837448783
 20
197.59073685619617
 10
195.84217802697194
 20
197.61828775535866
 10
196.0091772520851
 20
197.6603614134001
 10
196.17193779508298
 20
197.71664586535988
 10
196.32925282991948
 20
197.78672377702807
 10
196.47995590754005
 20
197.87007553936735
 10
196.62292960479073
 20
197.96608312127555
 10
196.75711380981278
 20
198.07403465212147
 10
196.88151358248982
 20
198.19312970007596
 10
196.99520653166337
 20
198.32248520710058
 10
197.16931178012945
 20
198.525973559371
 10
197.35521344582602
 20
198.71874471318924
 10
197.552253114195
 20
198.90011592408615
 10
197.75973292281708
 20
199.06944482317698
 10
197.976918033056
 20
199.22613169226204
 10
198.2030392326626
 20
199.36962158787014
 10
198.43729566012152
 20
199.49940630672162
 10
198.67885764109073
 20
199.61502618564995
 10
198.92686962688887
 20
199.71607172960728
 10
199.18045322462248
 20
199.80218506198764
 10
199.43871030822146
 20
199.87306119213116
 10
199.70072619936414
 20
199.9284490955205
 10
199.96557290702623
 20
199.96815260284328
 10
200.23231241417952
 20
199.99203109477187
 10
200.50000000000045
 20
200.0
 10
200.76768758582136
 20
199.99203109477187
 10
201.03442709297468
 20
199.96815260284328
 10
201.29927380063674
 20
199.9284490955205
 10
201.56128969177945
 20
199.87306119213116
 10
201.8195467753784
 20
199.80218506198764
 10
202.073130373112
 20
199.7160717296073
 10
202.32114235891015
 20
199.61502618564995
 10
202.56270433987936
 20
199.49940630672162
 10
202.79696076733828
 20
199.36962158787017
 10
203.02308196694491
 20
199.22613169226204
 10
203.24026707718383
 20
199.06944482317698
 10
203.4477468858059
 20
198.90011592408615
 10
203.64478655417489
 20
198.71874471318924
 10
203.83068821987146
 20
198.525973559371
 10
204.00479346833754
 20
198.32248520710058
 10
204.1184864175111
 20
198.19312970007599
 10
204.24288619018813
 20
198.07403465212147
 10
204.37707039521018
 20
197.96608312127555
 10
204.52004409246084
 20
197.87007553936735
 10
204.67074717008143
 20
197.78672377702807
 10
204.82806220491793
 20
197.71664586535988
 10
204.99082274791581
 20
197.6603614134001
 10
205.15782197302897
 20
197.61828775535866
 10
205.32782162551308
 20
197.59073685619617
 10
205.4995612032546
 20
197.5779129984868
 10
205.6717673030579
 20
197.57991126771753
 10
205.8431630625906
 20
197.5967168472547
 10
206.01247762797755
 20
197.6282051282051
 10
206.61660701243585
 20
197.77581152799056
 10
207.21679527453125
 20
197.9387041689121
 10
207.81265569408106
 20
198.11677809411563
 10
208.40380433946768
 20
198.30991856496792
 10
208.98986031501784
 20
198.51800113498626
 10
209.5704460064257
 20
198.74089173002324
 10
210.14518732406162
 20
198.97844673465505
 10
210.71371394400987
 20
199.2305130847173
 10
211.27565954668
 20
199.49692836592914
 10
211.83066205283808
 20
199.77752091854188
 10
212.3783638569057
 20
200.0721099479448
 10
212.9184120573766
 20
200.38050564115667
 10
213.45045868420203
 20
200.70250928912847
 10
213.97416092299906
 20
201.03791341477762
 10
214.4891813359364
 20
201.3865019066722
 10
214.99518807915643
 20
201.7480501582782
 10
215.4918551165925
 20
202.12232521268064
 10
215.97886243004433
 20
202.5090859126851
 10
216.45589622537568
 20
202.9080830562027
 10
216.92264913470194
 20
203.31905955681918
 10
217.37882041443683
 20
203.74175060944336
 10
217.82411613907095
 20
204.17588386092967
 10
218.25824939055724
 20
204.62117958556377
 10
218.68094044318138
 20
205.07735086529865
 10
219.09191694379786
 20
205.54410377462492
 10
219.4909140873155
 20
206.0211375699563
 10
219.87767478731993
 20
206.5081448834081
 10
220.25194984172236
 20
207.0048119208442
 10
220.61349809332836
 20
207.5108186640642
 10
220.96208658522295
 20
208.02583907700156
 10
221.29749071087207
 20
208.5495413157986
 10
221.61949435884387
 20
209.08158794262403
 10
221.92789005205577
 20
209.62163614309492
 10
222.22247908145866
 20
210.16933794716255
 10
222.5030716340714
 20
210.72434045332062
 10
222.76948691528324
 20
211.2862860559908
 10
223.02155326534546
 20
211.85481267593903
 10
223.25910826997728
 20
212.42955399357493
 10
223.48199886501425
 20
213.0101396849828
 10
223.6900814350326
 20
213.59619566053297
 10
223.88322190588488
 20
214.1873443059196
 10
224.06129583108842
 20
214.7832047254694
 10
224.22418847200996
 20
215.3833929875648
 10
224.37179487179534
 20
215.98752237202302
 10
224.4032831527457
 20
216.15683693740985
 10
224.42008873228286
 20
216.32823269694256
 10
224.4220870015136
 20
216.50043879674587
 10
224.40926314380425
 20
216.67217837448737
 10
224.38171224464173
 20
216.84217802697145
 10
224.3396385866003
 20
217.0091772520846
 10
224.28335413464055
 20
217.1719377950825
 10
224.21327622297235
 20
217.32925282991897
 10
224.12992446063305
 20
217.47995590753956
 10
224.03391687872488
 20
217.62292960479022
 10
223.92596534787896
 20
217.75711380981227
 10
223.80687029992447
 20
217.8815135824893
 10
223.67751479289984
 20
217.9952065316629
 10
223.47402644062942
 20
218.16931178012902
 10
223.2812552868112
 20
218.3552134458256
 10
223.09988407591428
 20
218.55225311419457
 10
222.93055517682347
 20
218.75973292281665
 10
222.77386830773838
 20
218.97691803305554
 10
222.63037841213028
 20
219.20303923266218
 10
222.5005936932788
 20
219.4372956601211
 10
222.38497381435047
 20
219.6788576410903
 10
222.28392827039315
 20
219.92686962688845
 10
222.1978149380128
 20
220.18045322462206
 10
222.1269388078693
 20
220.43871030822103
 10
222.07155090447992
 20
220.70072619936371
 10
222.03184739715718
 20
220.9655729070258
 10
222.00796890522858
 20
221.2323124141791
  0
LWPOLYLINE
  5
69
330
17
100
AcDbEntity
  8
CORTE
100
AcDbPolyline
 90
436
 70
1
 10
247.4621903520208
 20
281.0879494254583
 10
247.32472112160718
 20
280.44324040860124
 10
247.17183818454205
 20
279.8020116559071
 10
247.00362938862565
 20
279.1646316227215
 10
246.8201913880236
 20
278.5314665528839
 10
246.62162958772842
 20
277.902880268281
 10
246.40805808299302
 20
277.2792339597917
 10
246.17959959377077
 20
276.66088597974357
 10
245.9363853941994
 20
276.048191636001
 10
245.67855523716977
 20
275.4415029878021
 10
245.40625727402298
 20
274.8411686434627
 10
245.11964796942107
 20
274.24753356006306
 10
244.81889201144128
 20
273.6609388452326
 10
244.504162216945
 20
273.0817215611469
 10
244.17563943227555
 20
272.5102145308486
 10
243.83351242934256
 20
271.94674614700494
 10
243.47797779715202
 20
271.3916401832102
 10
243.10923982884458
 20
270.84521560794315
 10
242.72751040430705
 20
270.30778640128466
 10
242.33300886842443
 20
269.7796613745026
 10
241.92596190504256
 20
269.261143992606
 10
241.5066034067137
 20
268.75253219997165
 10
241.0751743403
 20
268.2541182491429
 10
240.6319226085118
 20
267.7661885328988
 10
240.1771029074607
 20
267.28902341969047
 10
239.7109765803093
 20
266.82289709253905
 10
239.23381146710096
 20
266.368077391488
 10
238.74588175085682
 20
265.92482565969976
 10
238.2474678000281
 20
265.4933965932861
 10
237.73885600739376
 20
265.07403809495725
 10
237.22033862549716
 20
264.6669911315754
 10
236.69221359871506
 20
264.2724895956928
 10
236.1547843920566
 20
263.8907601711552
 10
235.60835981678952
 20
263.5220222028478
 10
235.05325385299477
 20
263.16648757065724
 10
234.4897854691511
 20
262.8243605677243
 10
233.91827843885284
 20
262.49583778305487
 10
233.33906115476708
 20
262.18110798855855
 10
232.75246643993665
 20
261.8803520305788
 10
232.158831356537
 20
261.5937427259769
 10
231.55849701219762
 20
261.3214447628301
 10
230.9518083639987
 20
261.06361460580047
 10
230.33911402025612
 20
260.82040040622906
 10
229.720766040208
 20
260.59194191700686
 10
229.09711973171864
 20
260.37837041227147
 10
228.46853344711576
 20
260.1798086119763
 10
227.83536837727817
 20
259.99637061137423
 10
227.19798834409255
 20
259.82816181545786
 10
226.55675959139845
 20
259.67527887839276
 10
225.91205057454138
 20
259.53780964797915
 10
225.75201495830336
 20
259.49876686134246
 10
225.59573519472713
 20
259.44668641251974
 10
225.44427147547884
 20
259.38192161186
 10
225.29865132049582
 20
259.3049118195232
 10
225.1598626073588
 20
259.2161794648898
 10
225.02884686959493
 20
259.11632650243394
 10
224.90649290937637
 20
259.0060303281038
 10
224.7936307679444
 20
258.8860391839122
 10
224.69102609466424
 20
258.75716708191146
 10
224.5993749529099
 20
258.6202882819892
 10
224.519299098016
 20
258.4763313609467
 10
224.39495337103386
 20
258.2462612756861
 10
224.25745249117563
 20
258.0238031628002
 10
224.10726086582252
 20
257.8097083715877
 10
223.94488576517887
 20
257.60470000434015
 10
223.77087560897365
 20
257.4094704740739
 10
223.58581811418037
 20
257.2246791659142
 10
223.39033831001055
 20
257.050950210031
 10
223.18509642688633
 20
256.8888703736473
 10
222.97078566652073
 20
256.73898707924104
 10
222.74812986063833
 20
256.60180655563295
 10
222.5178810262432
 20
256.47779212820524
 10
222.28081682569157
 20
256.36736265402664
 10
222.0377379401477
 20
256.27089110716804
 10
221.78946536529384
 20
256.18870331898773
 10
221.5368376384284
 20
256.1210768776401
 10
221.2807080063174
 20
256.06824019052567
 10
221.021941543365
 20
256.03037171284797
 10
220.7614122298361
 20
256.0075993448834
 10
220.5
 20
256.0
 10
220.2385877701639
 20
256.0075993448834
 10
219.978058456635
 20
256.03037171284797
 10
219.7192919936826
 20
256.06824019052567
 10
219.4631623615716
 20
256.1210768776401
 10
219.21053463470614
 20
256.18870331898773
 10
218.9622620598523
 20
256.27089110716804
 10
218.7191831743084
 20
256.36736265402664
 10
218.4821189737568
 20
256.47779212820524
 10
218.25187013936164
 20
256.60180655563295
 10
218.02921433347925
 20
256.73898707924104
 10
217.81490357311367
 20
256.8888703736473
 10
217.60966168998942
 20
257.050950210031
 10
217.41418188581963
 20
257.2246791659142
 10
217.22912439102632
 20
257.4094704740739
 10
217.05511423482113
 20
257.60470000434015
 10
216.89273913417748
 20
257.8097083715877
 10
216.74254750882437
 20
258.0238031628002
 10
216.60504662896614
 20
258.2462612756861
 10
216.480700901984
 20
258.47633136094674
 10
216.4006250470901
 20
258.6202882819892
 10
216.30897390533576
 20
258.75716708191146
 10
216.2063692320556
 20
258.8860391839122
 10
216.09350709062363
 20
259.0060303281038
 10
215.97115313040507
 20
259.11632650243394
 10
215.8401373926412
 20
259.2161794648898
 10
215.70134867950418
 20
259.3049118195232
 10
215.5557285245212
 20
259.38192161186
 10
215.40426480527287
 20
259.44668641251974
 10
215.24798504169664
 20
259.49876686134246
 10
215.08794942545867
 20
259.53780964797915
 10
214.44324040860144
 20
259.67527887839276
 10
213.80201165590734
 20
259.82816181545786
 10
213.1646316227217
 20
259.99637061137423
 10
212.53146655288413
 20
260.17980861197634
 10
211.90288026828125
 20
260.3783704122715
 10
211.27923395979192
 20
260.59194191700686
 10
210.6608859797438
 20
260.8204004062291
 10
210.0481916360012
 20
261.0636146058005
 10
209.4415029878023
 20
261.32144476283014
 10
208.84116864346288
 20
261.59374272597694
 10
208.24753356006323
 20
261.8803520305788
 10
207.6609388452328
 20
262.1811079885586
 10
207.08172156114708
 20
262.49583778305487
 10
206.5102145308488
 20
262.82436056772434
 10
205.94674614700511
 20
263.1664875706573
 10
205.3916401832104
 20
263.52202220284784
 10
204.84521560794332
 20
263.89076017115525
 10
204.30778640128483
 20
264.27248959569283
 10
203.77966137450278
 20
264.66699113157546
 10
203.26114399260615
 20
265.0740380949573
 10
202.75253219997182
 20
265.4933965932861
 10
202.25411824914306
 20
265.9248256596998
 10
201.76618853289895
 20
266.36807739148804
 10
201.2890234196906
 20
266.82289709253916
 10
200.8228970925392
 20
267.2890234196906
 10
200.3680773914881
 20
267.7661885328989
 10
199.92482565969988
 20
268.254118249143
 10
199.49339659328615
 20
268.75253219997177
 10
199.07403809495733
 20
269.2611439926061
 10
198.66699113157546
 20
269.7796613745027
 10
198.27248959569283
 20
270.30778640128483
 10
197.89076017115528
 20
270.8452156079433
 10
197.52202220284784
 20
271.39164018321037
 10
197.1664875706573
 20
271.9467461470051
 10
196.8243605677243
 20
272.5102145308488
 10
196.49583778305487
 20
273.0817215611471
 10
196.18110798855858
 20
273.66093884523286
 10
195.8803520305788
 20
274.2475335600633
 10
195.59374272597688
 20
274.84116864346294
 10
195.32144476283008
 20
275.4415029878024
 10
195.06361460580047
 20
276.04819163600126
 10
194.82040040622906
 20
276.66088597974385
 10
194.5919419170068
 20
277.279233959792
 10
194.37837041227147
 20
277.90288026828136
 10
194.17980861197626
 20
278.5314665528843
 10
193.9963706113742
 20
279.16463162272186
 10
193.82816181545783
 20
279.8020116559075
 10
193.6752788783927
 20
280.44324040860164
 10
193.53780964797912
 20
281.0879494254587
 10
193.4987668613424
 20
281.2479850416966
 10
193.44668641251968
 20
281.4042648052728
 10
193.38192161185995
 20
281.55572852452116
 10
193.3049118195232
 20
281.7013486795041
 10
193.2161794648898
 20
281.84013739264117
 10
193.1163265024339
 20
281.971153130405
 10
193.00603032810383
 20
282.0935070906236
 10
192.88603918391223
 20
282.2063692320556
 10
192.75716708191146
 20
282.30897390533573
 10
192.62028828198925
 20
282.40062504709005
 10
192.47633136094674
 20
282.48070090198394
 10
192.24626127568612
 20
282.60504662896614
 10
192.02380316280025
 20
282.7425475088244
 10
191.8097083715877
 20
282.8927391341775
 10
191.60470000434015
 20
283.05511423482113
 10
191.40947047407388
 20
283.2291243910263
 10
191.22467916591424
 20
283.41418188581963
 10
191.050950210031
 20
283.6096616899894
 10
190.8888703736473
 20
283.81490357311367
 10
190.73898707924107
 20
284.0292143334793
 10
190.60180655563295
 20
284.25187013936164
 10
190.47779212820524
 20
284.48211897375677
 10
190.36736265402664
 20
284.7191831743084
 10
190.27089110716804
 20
284.96226205985226
 10
190.1887033189877
 20
285.21053463470616
 10
190.1210768776401
 20
285.4631623615716
 10
190.06824019052567
 20
285.7192919936826
 10
190.03037171284794
 20
285.97805845663504
 10
190.0075993448834
 20
286.2385877701639
 10
190.0
 20
286.5
 10
190.0075993448834
 20
286.76141222983614
 10
190.03037171284794
 20
287.021941543365
 10
190.06824019052567
 20
287.2807080063174
 10
190.1210768776401
 20
287.53683763842844
 10
190.1887033189877
 20
287.7894653652939
 10
190.27089110716807
 20
288.03773794014774
 10
190.36736265402664
 20
288.2808168256916
 10
190.47779212820527
 20
288.51788102624323
 10
190.60180655563295
 20
288.74812986063836
 10
190.73898707924107
 20
288.9707856665208
 10
190.8888703736473
 20
289.18509642688633
 10
191.050950210031
 20
289.3903383100106
 10
191.22467916591424
 20
289.58581811418037
 10
191.4094704740739
 20
289.7708756089737
 10
191.60470000434015
 20
289.94488576517887
 10
191.8097083715877
 20
290.1072608658225
 10
192.02380316280025
 20
290.2574524911756
 10
192.24626127568612
 20
290.39495337103386
 10
192.47633136094674
 20
290.519299098016
 10
192.62028828198922
 20
290.59937495290995
 10
192.75716708191143
 20
290.69102609466427
 10
192.8860391839122
 20
290.7936307679444
 10
193.0060303281038
 20
290.9064929093764
 10
193.1163265024339
 20
291.028846869595
 10
193.21617946488976
 20
291.15986260735883
 10
193.30491181952317
 20
291.2986513204959
 10
193.38192161185995
 20
291.44427147547884
 10
193.44668641251968
 20
291.5957351947271
 10
193.4987668613424
 20
291.7520149583034
 10
193.53780964797912
 20
291.91205057454135
 10
193.6752788783928
 20
292.55675959139865
 10
193.82816181545792
 20
293.1979883440928
 10
193.9963706113743
 20
293.83536837727837
 10
194.17980861197634
 20
294.468533447116
 10
194.37837041227155
 20
295.09711973171886
 10
194.59194191700692
 20
295.7207660402082
 10
194.82040040622917
 20
296.3391140202563
 10
195.06361460580055
 20
296.9518083639989
 10
195.32144476283017
 20
297.5584970121978
 10
195.59374272597697
 20
298.15883135653723
 10
195.88035203057888
 20
298.7524664399369
 10
196.18110798855867
 20
299.3390611547673
 10
196.49583778305495
 20
299.918278438853
 10
196.8243605677244
 20
300.4897854691513
 10
197.16648757065738
 20
301.053253852995
 10
197.5220222028479
 20
301.6083598167897
 10
197.89076017115534
 20
302.1547843920568
 10
198.2724895956929
 20
302.6922135987153
 10
198.66699113157551
 20
303.22033862549733
 10
199.07403809495736
 20
303.73885600739396
 10
199.4933965932862
 20
304.2474678000283
 10
199.9248256596999
 20
304.745881750857
 10
200.36807739148816
 20
305.23381146710113
 10
200.82289709253922
 20
305.7109765803095
 10
201.28902341969064
 20
306.1771029074609
 10
201.76618853289898
 20
306.63192260851196
 10
202.25411824914306
 20
307.0751743403002
 10
202.75253219997182
 20
307.50660340671385
 10
203.26114399260615
 20
307.9259619050427
 10
203.77966137450275
 20
308.33300886842454
 10
204.30778640128483
 20
308.72751040430717
 10
204.84521560794332
 20
309.1092398288447
 10
205.3916401832104
 20
309.47797779715216
 10
205.94674614700511
 20
309.8335124293427
 10
206.5102145308488
 20
310.17563943227566
 10
207.08172156114708
 20
310.50416221694513
 10
207.6609388452328
 20
310.8188920114414
 10
208.24753356006323
 20
311.1196479694212
 10
208.84116864346288
 20
311.40625727402306
 10
209.4415029878023
 20
311.67855523716986
 10
210.04819163600118
 20
311.9363853941995
 10
210.66088597974377
 20
312.1795995937709
 10
211.2792339597919
 20
312.40805808299314
 10
211.90288026828125
 20
312.6216295877285
 10
212.53146655288413
 20
312.82019138802366
 10
213.1646316227217
 20
313.0036293886257
 10
213.80201165590734
 20
313.17183818454214
 10
214.44324040860144
 20
313.32472112160724
 10
215.0879494254585
 20
313.46219035202085
 10
215.2479850416966
 20
313.50123313865754
 10
215.40426480527285
 20
313.5533135874803
 10
215.55572852452116
 20
313.61807838814
 10
215.70134867950415
 20
313.6950881804768
 10
215.84013739264117
 20
313.7838205351102
 10
215.97115313040504
 20
313.88367349756606
 10
216.0935070906236
 20
313.9939696718962
 10
216.20636923205558
 20
314.1139608160878
 10
216.30897390533573
 20
314.24283291808854
 10
216.40062504709005
 20
314.37971171801075
 10
216.48070090198397
 20
314.52366863905326
 10
216.60504662896614
 20
314.75373872431385
 10
216.74254750882437
 20
314.9761968371998
 10
216.89273913417748
 20
315.1902916284123
 10
217.0551142348211
 20
315.39529999565985
 10
217.22912439102632
 20
315.5905295259261
 10
217.41418188581963
 20
315.7753208340858
 10
217.60966168998942
 20
315.949049789969
 10
217.81490357311367
 20
316.1111296263527
 10
218.02921433347925
 20
316.26101292075896
 10
218.25187013936167
 20
316.39819344436705
 10
218.4821189737568
 20
316.52220787179476
 10
218.71918317430843
 20
316.63263734597336
 10
218.9622620598523
 20
316.72910889283196
 10
219.21053463470616
 20
316.8112966810123
 10
219.4631623615716
 20
316.8789231223599
 10
219.7192919936826
 20
316.93175980947433
 10
219.978058456635
 20
316.96962828715203
 10
220.2385877701639
 20
316.9924006551166
 10
220.5
 20
317.0
 10
220.7614122298361
 20
316.9924006551166
 10
221.021941543365
 20
316.96962828715203
 10
221.2807080063174
 20
316.93175980947433
 10
221.5368376384284
 20
316.8789231223599
 10
221.78946536529386
 20
316.81129668101227
 10
222.03773794014774
 20
316.72910889283196
 10
222.2808168256916
 20
316.63263734597336
 10
222.5178810262432
 20
316.52220787179476
 10
222.74812986063836
 20
316.39819344436705
 10
222.97078566652075
 20
316.2610129207589
 10
223.18509642688633
 20
316.1111296263527
 10
223.39033831001058
 20
315.949049789969
 10
223.58581811418037
 20
315.7753208340858
 10
223.77087560897368
 20
315.5905295259261
 10
223.9448857651789
 20
315.39529999565985
 10
224.10726086582252
 20
315.1902916284123
 10
224.25745249117563
 20
314.9761968371997
 10
224.39495337103386
 20
314.75373872431385
 10
224.519299098016
 20
314.52366863905326
 10
224.59937495290993
 20
314.37971171801075
 10
224.69102609466424
 20
314.24283291808854
 10
224.79363076794442
 20
314.1139608160878
 10
224.90649290937637
 20
313.9939696718962
 10
225.02884686959496
 20
313.88367349756606
 10
225.1598626073588
 20
313.7838205351102
 10
225.29865132049585
 20
313.6950881804768
 10
225.44427147547884
 20
313.61807838814
 10
225.59573519472713
 20
313.5533135874803
 10
225.7520149583034
 20
313.50123313865754
 10
225.91205057454133
 20
313.46219035202085
 10
226.55675959139833
 20
313.3247211216073
 10
227.19798834409247
 20
313.17183818454214
 10
227.8353683772781
 20
313.00362938862577
 10
228.4685334471157
 20
312.8201913880237
 10
229.09711973171858
 20
312.62162958772853
 10
229.72076604020793
 20
312.4080580829932
 10
230.3391140202561
 20
312.17959959377094
 10
230.95180836399868
 20
311.93638539419953
 10
231.5584970121976
 20
311.6785552371699
 10
232.158831356537
 20
311.4062572740231
 10
232.75246643993668
 20
311.1196479694212
 10
233.33906115476714
 20
310.81889201144145
 10
233.91827843885284
 20
310.50416221694513
 10
234.48978546915114
 20
310.1756394322757
 10
235.05325385299483
 20
309.8335124293427
 10
235.60835981678957
 20
309.47797779715216
 10
236.15478439205665
 20
309.10923982884475
 10
236.69221359871514
 20
308.72751040430717
 10
237.22033862549722
 20
308.33300886842454
 10
237.73885600739385
 20
307.9259619050427
 10
238.24746780002818
 20
307.50660340671385
 10
238.74588175085694
 20
307.0751743403001
 10
239.23381146710105
 20
306.6319226085119
 10
239.7109765803094
 20
306.17710290746084
 10
240.1771029074608
 20
305.7109765803094
 10
240.6319226085119
 20
305.2338114671011
 10
241.07517434030012
 20
304.74588175085694
 10
241.50660340671385
 20
304.24746780002823
 10
241.92596190504267
 20
303.7388560073939
 10
242.33300886842454
 20
303.2203386254973
 10
242.72751040430717
 20
302.69221359871517
 10
243.1092398288447
 20
302.1547843920567
 10
243.47797779715216
 20
301.6083598167896
 10
243.8335124293427
 20
301.0532538529949
 10
244.17563943227566
 20
300.4897854691512
 10
244.5041622169451
 20
299.9182784388529
 10
244.8188920114414
 20
299.33906115476714
 10
245.11964796942118
 20
298.7524664399367
 10
245.4062572740231
 20
298.15883135653706
 10
245.6785552371699
 20
297.5584970121976
 10
245.9363853941995
 20
296.95180836399874
 10
246.1795995937709
 20
296.33911402025615
 10
246.40805808299314
 20
295.720766040208
 10
246.6216295877285
 20
295.09711973171864
 10
246.82019138802372
 20
294.46853344711576
 10
247.00362938862577
 20
293.83536837727814
 10
247.17183818454214
 20
293.19798834409255
 10
247.32472112160727
 20
292.5567595913984
 10
247.46219035202085
 20
291.91205057454135
 10
247.50123313865754
 20
291.7520149583034
 10
247.55331358748026
 20
291.5957351947271
 10
247.61807838814
 20
291.44427147547884
 10
247.69508818047677
 20
291.2986513204958
 10
247.78382053511018
 20
291.15986260735883
 10
247.88367349756606
 20
291.028846869595
 10
247.99396967189614
 20
290.90649290937637
 10
248.11396081608777
 20
290.7936307679444
 10
248.24283291808854
 20
290.69102609466427
 10
248.37971171801075
 20
290.5993749529099
 10
248.52366863905326
 20
290.519299098016
 10
248.7537387243139
 20
290.39495337103386
 10
248.97619683719978
 20
290.2574524911756
 10
249.19029162841233
 20
290.1072608658225
 10
249.39529999565988
 20
289.94488576517887
 10
249.59052952592612
 20
289.77087560897365
 10
249.7753208340858
 20
289.5858181141803
 10
249.94904978996902
 20
289.3903383100105
 10
250.11112962635272
 20
289.18509642688633
 10
250.26101292075896
 20
288.9707856665207
 10
250.39819344436705
 20
288.7481298606383
 10
250.52220787179476
 20
288.5178810262432
 10
250.63263734597336
 20
288.28081682569155
 10
250.72910889283196
 20
288.0377379401477
 10
250.8112966810123
 20
287.78946536529384
 10
250.8789231223599
 20
287.5368376384284
 10
250.93175980947433
 20
287.28070800631735
 10
250.96962828715203
 20
287.02194154336496
 10
250.9924006551166
 20
286.7614122298361
 10
251.0
 20
286.49999999999994
 10
250.9924006551166
 20
286.23858777016386
 10
250.96962828715203
 20
285.978058456635
 10
250.9317598094743
 20
285.71929199368253
 10
250.87892312235988
 20
285.46316236157156
 10
250.81129668101227
 20
285.2105346347061
 10
250.72910889283193
 20
284.96226205985226
 10
250.63263734597334
 20
284.7191831743084
 10
250.52220787179473
 20
284.48211897375677
 10
250.39819344436702
 20
284.25187013936164
 10
250.2610129207589
 20
284.0292143334792
 10
250.1111296263527
 20
283.8149035731136
 10
249.949049789969
 20
283.6096616899894
 10
249.77532083408576
 20
283.41418188581963
 10
249.5905295259261
 20
283.2291243910263
 10
249.39529999565983
 20
283.0551142348211
 10
249.19029162841227
 20
282.8927391341775
 10
248.97619683719972
 20
282.7425475088244
 10
248.75373872431385
 20
282.60504662896614
 10
248.52366863905326
 20
282.480700901984
 10
248.37971171801075
 20
282.40062504709005
 10
248.24283291808854
 20
282.30897390533573
 10
248.11396081608777
 20
282.2063692320556
 10
247.99396967189614
 20
282.0935070906236
 10
247.88367349756606
 20
281.971153130405
 10
247.78382053511018
 20
281.84013739264117
 10
247.69508818047677
 20
281.7013486795041
 10
247.61807838814002
 20
281.55572852452116
 10
247.5533135874803
 20
281.4042648052728
 10
247.50123313865754
 20
281.2479850416966
  0
LWPOLYLINE
  5
6A
330
17
100
AcDbEntity
  8
CORTE
100
AcDbPolyline
 90
62
 70
1
 10
245.0
 20
286.5
 10
245.00769601491214
 20
286.3482475170189
 10
245.03070508812124
 20
286.198052219867
 10
245.0687911153999
 20
286.05095531553997
 10
245.12156328256964
 20
285.90846621733004
 10
245.1884800757831
 20
285.7720470562034
 10
245.26885483818907
 20
285.6430976773578
 10
245.36186281596082
 20
285.52294127591665
 10
245.46654962138646
 20
285.41281081915633
 10
245.5818410261785
 20
285.31383639459347
 10
245.70655398450955
 20
285.2270336137579
 10
245.83940877266355
 20
285.15329319064386
 10
245.97904212073277
 20
285.09337180177937
 10
246.12402120161192
 20
285.0478843217007
 10
246.27285833374313
 20
285.01729751350786
 10
246.42402624674193
 20
285.0019252392434
 10
246.57597375325807
 20
285.0019252392434
 10
246.72714166625687
 20
285.01729751350786
 10
246.87597879838808
 20
285.0478843217007
 10
247.02095787926723
 20
285.09337180177937
 10
247.16059122733645
 20
285.15329319064386
 10
247.29344601549045
 20
285.2270336137579
 10
247.4181589738215
 20
285.31383639459347
 10
247.53345037861354
 20
285.41281081915633
 10
247.63813718403918
 20
285.52294127591665
 10
247.7311451618109
 20
285.64309767735784
 10
247.81151992421687
 20
285.7720470562034
 10
247.87843671743036
 20
285.90846621733004
 10
247.93120888460007
 20
286.05095531553997
 10
247.96929491187873
 20
286.198052219867
 10
247.99230398508783
 20
286.3482475170189
 10
248.0
 20
286.5
 10
247.99230398508783
 20
286.6517524829811
 10
247.96929491187873
 20
286.801947780133
 10
247.93120888460007
 20
286.94904468446003
 10
247.87843671743033
 20
287.09153378266996
 10
247.81151992421687
 20
287.2279529437966
 10
247.7311451618109
 20
287.3569023226422
 10
247.63813718403918
 20
287.47705872408335
 10
247.5334503786135
 20
287.58718918084367
 10
247.4181589738215
 20
287.68616360540653
 10
247.29344601549045
 20
287.7729663862421
 10
247.16059122733645
 20
287.84670680935614
 10
247.02095787926723
 20
287.90662819822063
 10
246.87597879838808
 20
287.9521156782993
 10
246.72714166625687
 20
287.98270248649214
 10
246.57597375325807
 20
287.9980747607566
 10
246.42402624674193
 20
287.9980747607566
 10
246.27285833374313
 20
287.98270248649214
 10
246.12402120161192
 20
287.9521156782993
 10
245.97904212073277
 20
287.90662819822063
 10
245.83940877266355
 20
287.84670680935614
 10
245.70655398450955
 20
287.7729663862421
 10
245.5818410261785
 20
287.68616360540653
 10
245.46654962138646
 20
287.58718918084367
 10
245.36186281596082
 20
287.47705872408335
 10
245.26885483818907
 20
287.3569023226422
 10
245.1884800757831
 20
287.2279529437966
 10
245.12156328256964
 20
287.09153378266996
 10
245.0687911153999
 20
286.94904468446003
 10
245.03070508812124
 20
286.801947780133
 10
245.00769601491214
 20
286.6517524829811
  0
LWPOLYLINE
  5
6B
330
17
100
AcDbEntity
  8
CORTE
100
AcDbPolyline
 90
62
 70
1
 10
219.0
 20
312.5
 10
219.00769601491214
 20
312.3482475170189
 10
219.03070508812127
 20
312.198052219867
 10
219.06879111539993
 20
312.05095531553997
 10
219.12156328256964
 20
311.90846621733004
 10
219.18848007578313
 20
311.7720470562034
 10
219.26885483818907
 20
311.6430976773578
 10
219.36186281596082
 20
311.52294127591665
 10
219.46654962138646
 20
311.41281081915633
 10
219.5818410261785
 20
311.31383639459347
 10
219.70655398450955
 20
311.2270336137579
 10
219.83940877266355
 20
311.15329319064386
 10
219.97904212073277
 20
311.09337180177937
 10
220.12402120161192
 20
311.0478843217007
 10
220.27285833374313
 20
311.01729751350786
 10
220.42402624674193
 20
311.0019252392434
 10
220.57597375325807
 20
311.0019252392434
 10
220.72714166625687
 20
311.01729751350786
 10
220.87597879838808
 20
311.0478843217007
 10
221.02095787926723
 20
311.09337180177937
 10
221.16059122733645
 20
311.1532931906439
 10
221.29344601549045
 20
311.2270336137579
 10
221.4181589738215
 20
311.31383639459347
 10
221.53345037861354
 20
311.41281081915633
 10
221.63813718403918
 20
311.52294127591665
 10
221.73114516181093
 20
311.64309767735784
 10
221.81151992421687
 20
311.7720470562034
 10
221.87843671743036
 20
311.90846621733004
 10
221.93120888460007
 20
312.05095531553997
 10
221.96929491187873
 20
312.198052219867
 10
221.99230398508783
 20
312.3482475170189
 10
222.0
 20
312.5
 10
221.99230398508783
 20
312.6517524829811
 10
221.96929491187873
 20
312.801947780133
 10
221.93120888460007
 20
312.94904468446003
 10
221.87843671743033
 20
313.09153378266996
 10
221.81151992421687
 20
313.2279529437966
 10
221.7311451618109
 20
313.3569023226422
 10
221.63813718403918
 20
313.47705872408335
 10
221.53345037861354
 20
313.58718918084367
 10
221.4181589738215
 20
313.68616360540653
 10
221.29344601549045
 20
313.7729663862421
 10
221.16059122733645
 20
313.84670680935614
 10
221.02095787926723
 20
313.90662819822063
 10
220.87597879838808
 20
313.9521156782993
 10
220.72714166625687
 20
313.98270248649214
 10
220.57597375325807
 20
313.9980747607566
 10
220.42402624674193
 20
313.9980747607566
 10
220.27285833374313
 20
313.98270248649214
 10
220.12402120161192
 20
313.9521156782993
 10
219.97904212073277
 20
313.90662819822063
 10
219.83940877266355
 20
313.84670680935614
 10
219.70655398450955
 20
313.7729663862421
 10
219.5818410261785
 20
313.68616360540653
 10
219.46654962138646
 20
313.58718918084367
 10
219.36186281596082
 20
313.47705872408335
 10
219.26885483818907
 20
313.3569023226422
 10
219.18848007578313
 20
313.2279529437966
 10
219.12156328256964
 20
313.09153378266996
 10
219.06879111539993
 20
312.94904468446003
 10
219.03070508812127
 20
312.801947780133
 10
219.00769601491214
 20
312.6517524829811
  0
LWPOLYLINE
  5
6C
330
17
100
AcDbEntity
  8
CORTE
100
AcDbPolyline
 90
62
 70
1
 10
193.0
 20
286.5
 10
193.00769601491214
 20
286.3482475170189
 10
193.03070508812127
 20
286.198052219867
 10
193.06879111539993
 20
286.05095531553997
 10
193.12156328256964
 20
285.90846621733004
 10
193.18848007578313
 20
285.7720470562034
 10
193.26885483818907
 20
285.6430976773578
 10
193.36186281596082
 20
285.52294127591665
 10
193.46654962138646
 20
285.41281081915633
 10
193.5818410261785
 20
285.31383639459347
 10
193.70655398450955
 20
285.2270336137579
 10
193.83940877266355
 20
285.15329319064386
 10
193.97904212073277
 20
285.09337180177937
 10
194.12402120161192
 20
285.0478843217007
 10
194.27285833374313
 20
285.01729751350786
 10
194.42402624674193
 20
285.0019252392434
 10
194.57597375325807
 20
285.0019252392434
 10
194.72714166625687
 20
285.01729751350786
 10
194.87597879838808
 20
285.0478843217007
 10
195.02095787926723
 20
285.09337180177937
 10
195.16059122733645
 20
285.15329319064386
 10
195.29344601549045
 20
285.2270336137579
 10
195.4181589738215
 20
285.31383639459347
 10
195.53345037861354
 20
285.41281081915633
 10
195.63813718403918
 20
285.52294127591665
 10
195.73114516181093
 20
285.64309767735784
 10
195.81151992421687
 20
285.7720470562034
 10
195.87843671743036
 20
285.90846621733004
 10
195.93120888460007
 20
286.05095531553997
 10
195.96929491187873
 20
286.198052219867
 10
195.99230398508786
 20
286.3482475170189
 10
196.0
 20
286.5
 10
195.99230398508786
 20
286.6517524829811
 10
195.96929491187873
 20
286.801947780133
 10
195.93120888460007
 20
286.94904468446003
 10
195.87843671743036
 20
287.09153378266996
 10
195.81151992421687
 20
287.2279529437966
 10
195.73114516181093
 20
287.3569023226422
 10
195.63813718403918
 20
287.47705872408335
 10
195.53345037861354
 20
287.58718918084367
 10
195.4181589738215
 20
287.68616360540653
 10
195.29344601549045
 20
287.7729663862421
 10
195.16059122733645
 20
287.84670680935614
 10
195.02095787926723
 20
287.90662819822063
 10
194.87597879838808
 20
287.9521156782993
 10
194.72714166625687
 20
287.98270248649214
 10
194.57597375325807
 20
287.9980747607566
 10
194.42402624674193
 20
287.9980747607566
 10
194.27285833374313
 20
287.98270248649214
 10
194.12402120161192
 20
287.9521156782993
 10
193.97904212073277
 20
287.90662819822063
 10
193.83940877266355
 20
287.84670680935614
 10
193.70655398450955
 20
287.7729663862421
 10
193.5818410261785
 20
287.68616360540653
 10
193.46654962138646
 20
287.58718918084367
 10
193.36186281596082
 20
287.47705872408335
 10
193.2688548381891
 20
287.3569023226422
 10
193.18848007578313
 20
287.2279529437966
 10
193.12156328256967
 20
287.09153378266996
 10
193.06879111539993
 20
286.94904468446003
 10
193.03070508812127
 20
286.801947780133
 10
193.00769601491214
 20
286.6517524829811
  0
LWPOLYLINE
  5
6D
330
17
100
AcDbEntity
  8
CORTE
100
AcDbPolyline
 90
62
 70
1
 10
219.0
 20
260.5
 10
219.00769601491214
 20
260.3482475170189
 10
219.03070508812127
 20
260.198052219867
 10
219.06879111539993
 20
260.05095531553997
 10
219.12156328256964
 20
259.90846621733004
 10
219.18848007578313
 20
259.7720470562034
 10
219.26885483818907
 20
259.6430976773578
 10
219.36186281596082
 20
259.52294127591665
 10
219.46654962138646
 20
259.41281081915633
 10
219.5818410261785
 20
259.31383639459347
 10
219.70655398450955
 20
259.2270336137579
 10
219.83940877266355
 20
259.15329319064386
 10
219.97904212073277
 20
259.09337180177937
 10
220.12402120161192
 20
259.0478843217007
 10
220.27285833374313
 20
259.01729751350786
 10
220.42402624674193
 20
259.0019252392434
 10
220.57597375325807
 20
259.0019252392434
 10
220.72714166625687
 20
259.01729751350786
 10
220.87597879838808
 20
259.0478843217007
 10
221.02095787926723
 20
259.09337180177937
 10
221.16059122733645
 20
259.15329319064386
 10
221.29344601549045
 20
259.2270336137579
 10
221.4181589738215
 20
259.31383639459347
 10
221.53345037861354
 20
259.41281081915633
 10
221.63813718403918
 20
259.52294127591665
 10
221.73114516181093
 20
259.64309767735784
 10
221.81151992421687
 20
259.7720470562034
 10
221.87843671743036
 20
259.90846621733004
 10
221.93120888460007
 20
260.05095531553997
 10
221.96929491187873
 20
260.198052219867
 10
221.99230398508783
 20
260.3482475170189
 10
222.0
 20
260.5
 10
221.99230398508783
 20
260.6517524829811
 10
221.96929491187873
 20
260.801947780133
 10
221.93120888460007
 20
260.94904468446003
 10
221.87843671743033
 20
261.09153378266996
 10
221.81151992421687
 20
261.2279529437966
 10
221.7311451618109
 20
261.3569023226422
 10
221.63813718403918
 20
261.47705872408335
 10
221.53345037861354
 20
261.58718918084367
 10
221.4181589738215
 20
261.68616360540653
 10
221.29344601549045
 20
261.7729663862421
 10
221.16059122733645
 20
261.84670680935614
 10
221.02095787926723
 20
261.90662819822063
 10
220.87597879838808
 20
261.9521156782993
 10
220.72714166625687
 20
261.98270248649214
 10
220.57597375325807
 20
261.9980747607566
 10
220.42402624674193
 20
261.9980747607566
 10
220.27285833374313
 20
261.98270248649214
 10
220.12402120161192
 20
261.9521156782993
 10
219.97904212073277
 20
261.90662819822063
 10
219.83940877266355
 20
261.84670680935614
 10
219.70655398450955
 20
261.7729663862421
 10
219.5818410261785
 20
261.68616360540653
 10
219.46654962138646
 20
261.58718918084367
 10
219.36186281596082
 20
261.47705872408335
 10
219.26885483818907
 20
261.3569023226422
 10
219.18848007578313
 20
261.2279529437966
 10
219.12156328256964
 20
261.09153378266996
 10
219.06879111539993
 20
260.94904468446003
 10
219.03070508812127
 20
260.801947780133
 10
219.00769601491214
 20
260.6517524829811
  0
LWPOLYLINE
  5
6E
330
17
100
AcDbEntity
  8
CORTE
100
AcDbPolyline
 90
400
 70
1
 10
242.0
 20
286.5
 10
242.00796890522813
 20
286.7676875858209
 10
242.03184739715672
 20
287.0344270929742
 10
242.07155090447947
 20
287.2992738006363
 10
242.12693880786884
 20
287.561289691779
 10
242.19781493801236
 20
287.81954677537794
 10
242.2839282703927
 20
288.07313037311155
 10
242.38497381435002
 20
288.3211423589097
 10
242.50059369327835
 20
288.5627043398789
 10
242.63037841212983
 20
288.7969607673378
 10
242.77386830773793
 20
289.02308196694446
 10
242.930555176823
 20
289.2402670771834
 10
243.09988407591382
 20
289.44774688580543
 10
243.28125528681073
 20
289.6447865541744
 10
243.47402644062896
 20
289.830688219871
 10
243.6775147928994
 20
290.0047934683371
 10
243.80687029992401
 20
290.1184864175106
 10
243.92596534787853
 20
290.2428861901876
 10
244.03391687872445
 20
290.3770703952097
 10
244.12992446063265
 20
290.52004409246035
 10
244.21327622297196
 20
290.670747170081
 10
244.28335413464012
 20
290.82806220491744
 10
244.3396385865999
 20
290.99082274791533
 10
244.38171224464134
 20
291.1578219730285
 10
244.40926314380386
 20
291.3278216255126
 10
244.4220870015132
 20
291.49956120325413
 10
244.42008873228247
 20
291.67176730305744
 10
244.4032831527453
 20
291.8431630625901
 10
244.3717948717949
 20
292.0124776279771
 10
244.22418847200947
 20
292.61660701243534
 10
244.06129583108793
 20
293.21679527453074
 10
243.8832219058844
 20
293.81265569408055
 10
243.69008143503208
 20
294.4038043394672
 10
243.48199886501376
 20
294.9898603150173
 10
243.25910826997676
 20
295.5704460064252
 10
243.02155326534498
 20
296.1451873240611
 10
242.76948691528276
 20
296.7137139440093
 10
242.5030716340709
 20
297.2756595466795
 10
242.22247908145815
 20
297.83066205283757
 10
241.92789005205526
 20
298.3783638569052
 10
241.61949435884335
 20
298.9184120573761
 10
241.29749071087156
 20
299.4504586842015
 10
240.9620865852224
 20
299.9741609229985
 10
240.61349809332785
 20
300.4891813359359
 10
240.25194984172185
 20
300.9951880791559
 10
239.8776747873194
 20
301.491855116592
 10
239.49091408731496
 20
301.9788624300438
 10
239.09191694379734
 20
302.45589622537517
 10
238.68094044318087
 20
302.92264913470143
 10
238.2582493905567
 20
303.37882041443635
 10
237.82411613907038
 20
303.82411613907044
 10
237.3788204144363
 20
304.2582493905567
 10
236.92264913470143
 20
304.6809404431809
 10
236.45589622537514
 20
305.09191694379734
 10
235.97886243004376
 20
305.490914087315
 10
235.49185511659198
 20
305.87767478731945
 10
234.99518807915587
 20
306.2519498417219
 10
234.48918133593585
 20
306.61349809332785
 10
233.97416092299852
 20
306.96208658522244
 10
233.4504586842015
 20
307.2974907108716
 10
232.91841205737603
 20
307.6194943588434
 10
232.37836385690514
 20
307.92789005205526
 10
231.8306620528375
 20
308.2224790814582
 10
231.27565954667944
 20
308.5030716340709
 10
230.7137139440093
 20
308.76948691528276
 10
230.14518732406106
 20
309.021553265345
 10
229.57044600642513
 20
309.2591082699768
 10
228.98986031501727
 20
309.4819988650138
 10
228.40380433946711
 20
309.6900814350321
 10
227.8126556940805
 20
309.8832219058844
 10
227.21679527453068
 20
310.06129583108793
 10
226.61660701243528
 20
310.2241884720095
 10
226.01247762797703
 20
310.37179487179486
 10
225.84316306259015
 20
310.4032831527453
 10
225.67176730305744
 20
310.4200887322824
 10
225.49956120325413
 20
310.4220870015132
 10
225.32782162551263
 20
310.4092631438038
 10
225.15782197302852
 20
310.3817122446413
 10
224.99082274791536
 20
310.33963858659985
 10
224.82806220491747
 20
310.2833541346401
 10
224.67074717008097
 20
310.2132762229719
 10
224.5200440924604
 20
310.12992446063265
 10
224.37707039520973
 20
310.0339168787244
 10
224.24288619018768
 20
309.9259653478785
 10
224.11848641751067
 20
309.806870299924
 10
224.00479346833708
 20
309.6775147928994
 10
223.83068821987098
 20
309.47402644062896
 10
223.64478655417443
 20
309.28125528681073
 10
223.44774688580543
 20
309.09988407591385
 10
223.24026707718338
 20
308.930555176823
 10
223.02308196694446
 20
308.7738683077379
 10
222.79696076733782
 20
308.63037841212986
 10
222.5627043398789
 20
308.50059369327835
 10
222.3211423589097
 20
308.38497381435
 10
222.07313037311155
 20
308.2839282703927
 10
221.81954677537794
 20
308.19781493801236
 10
221.561289691779
 20
308.12693880786884
 10
221.29927380063629
 20
308.07155090447947
 10
221.03442709297423
 20
308.03184739715675
 10
220.7676875858209
 20
308.00796890522815
 10
220.5
 20
308.0
 10
220.23231241417906
 20
308.00796890522815
 10
219.96557290702577
 20
308.03184739715675
 10
219.70072619936371
 20
308.07155090447947
 10
219.438710308221
 20
308.12693880786884
 10
219.18045322462203
 20
308.19781493801236
 10
218.92686962688842
 20
308.2839282703927
 10
218.6788576410903
 20
308.38497381435
 10
218.4372956601211
 20
308.50059369327835
 10
218.20303923266218
 20
308.63037841212986
 10
217.97691803305554
 20
308.7738683077379
 10
217.75973292281662
 20
308.930555176823
 10
217.55225311419454
 20
309.09988407591385
 10
217.35521344582557
 20
309.28125528681073
 10
217.169311780129
 20
309.47402644062896
 10
216.99520653166292
 20
309.6775147928994
 10
216.88151358248933
 20
309.806870299924
 10
216.7571138098123
 20
309.9259653478785
 10
216.62292960479024
 20
310.0339168787244
 10
216.4799559075396
 20
310.12992446063265
 10
216.329252829919
 20
310.2132762229719
 10
216.1719377950825
 20
310.2833541346401
 10
216.0091772520846
 20
310.3396385865999
 10
215.84217802697145
 20
310.38171224464134
 10
215.67217837448734
 20
310.4092631438038
 10
215.50043879674584
 20
310.4220870015132
 10
215.32823269694256
 20
310.4200887322824
 10
215.15683693740982
 20
310.4032831527453
 10
214.98752237202288
 20
310.37179487179486
 10
214.38339298756475
 20
310.2241884720095
 10
213.78320472546935
 20
310.06129583108793
 10
213.18734430591954
 20
309.8832219058844
 10
212.5961956605329
 20
309.69008143503214
 10
212.01013968498276
 20
309.4819988650138
 10
211.4295539935749
 20
309.2591082699768
 10
210.85481267593897
 20
309.021553265345
 10
210.28628605599073
 20
308.76948691528276
 10
209.7243404533206
 20
308.5030716340709
 10
209.16933794716252
 20
308.2224790814582
 10
208.62163614309486
 20
307.9278900520553
 10
208.081587942624
 20
307.6194943588434
 10
207.54954131579854
 20
307.2974907108716
 10
207.0258390770015
 20
306.96208658522244
 10
206.51081866406417
 20
306.6134980933279
 10
206.00481192084413
 20
306.2519498417219
 10
205.50814488340805
 20
305.87767478731945
 10
205.02113756995624
 20
305.490914087315
 10
204.5441037746249
 20
305.0919169437974
 10
204.0773508652986
 20
304.68094044318093
 10
203.62117958556374
 20
304.2582493905568
 10
203.17588386092962
 20
303.82411613907044
 10
202.74175060944333
 20
303.37882041443635
 10
202.31905955681916
 20
302.9226491347015
 10
201.90808305620268
 20
302.4558962253752
 10
201.50908591268504
 20
301.9788624300438
 10
201.1223252126806
 20
301.49185511659203
 10
200.74805015827815
 20
300.9951880791559
 10
200.38650190667218
 20
300.48918133593594
 10
200.0379134147776
 20
299.9741609229986
 10
199.70250928912844
 20
299.4504586842016
 10
199.38050564115665
 20
298.9184120573761
 10
199.07210994794477
 20
298.3783638569052
 10
198.77752091854185
 20
297.83066205283757
 10
198.4969283659291
 20
297.2756595466795
 10
198.23051308471727
 20
296.7137139440094
 10
197.97844673465502
 20
296.1451873240611
 10
197.74089173002324
 20
295.5704460064252
 10
197.51800113498624
 20
294.9898603150173
 10
197.30991856496792
 20
294.4038043394672
 10
197.1167780941156
 20
293.81265569408055
 10
196.93870416891207
 20
293.21679527453074
 10
196.77581152799053
 20
292.61660701243534
 10
196.62820512820514
 20
292.01247762797715
 10
196.5997695433163
 20
291.86391585642343
 10
196.58264287253684
 20
291.71362993025883
 10
196.57692307692304
 20
291.56247945426463
 10
196.58488904156894
 20
291.38415278214046
 10
196.60872347891393
 20
291.2072466539819
 10
196.64823652467274
 20
291.0331702977514
 10
196.7031134193198
 20
290.8633103995484
 10
196.7729170154525
 20
290.69902005731683
 10
196.85709126009186
 20
290.5416080021145
 10
196.954965624181
 20
290.39232817280805
 10
197.06576044399586
 20
290.25236972724
 10
197.18859313191882
 20
290.1228475694397
 10
197.32248520710056
 20
290.0047934683371
 10
197.52597355937104
 20
289.830688219871
 10
197.71874471318927
 20
289.6447865541744
 10
197.90011592408618
 20
289.44774688580543
 10
198.069444823177
 20
289.2402670771833
 10
198.22613169226207
 20
289.02308196694446
 10
198.36962158787017
 20
288.7969607673378
 10
198.49940630672165
 20
288.5627043398789
 10
198.61502618564998
 20
288.3211423589097
 10
198.7160717296073
 20
288.07313037311155
 10
198.80218506198764
 20
287.81954677537794
 10
198.87306119213116
 20
287.56128969177894
 10
198.9284490955205
 20
287.2992738006363
 10
198.96815260284328
 20
287.03442709297417
 10
198.99203109477187
 20
286.7676875858209
 10
199.0
 20
286.49999999999994
 10
198.99203109477187
 20
286.23231241417903
 10
198.96815260284328
 20
285.9655729070257
 10
198.9284490955205
 20
285.70072619936366
 10
198.87306119213116
 20
285.438710308221
 10
198.80218506198764
 20
285.180453224622
 10
198.71607172960728
 20
284.9268696268884
 10
198.61502618564995
 20
284.67885764109025
 10
198.4994063067216
 20
284.43729566012104
 10
198.36962158787014
 20
284.20303923266215
 10
198.22613169226204
 20
283.97691803305554
 10
198.06944482317695
 20
283.7597329228166
 10
197.90011592408612
 20
283.5522531141945
 10
197.7187447131892
 20
283.35521344582554
 10
197.525973559371
 20
283.16931178012896
 10
197.32248520710058
 20
282.9952065316629
 10
197.18859313191888
 20
282.8771524305602
 10
197.0657604439959
 20
282.7476302727599
 10
196.95496562418106
 20
282.6076718271919
 10
196.85709126009192
 20
282.4583919978854
 10
196.77291701545255
 20
282.3009799426831
 10
196.70311341931986
 20
282.1366896004516
 10
196.6482365246728
 20
281.9668297022486
 10
196.608723478914
 20
281.7927533460181
 10
196.584889041569
 20
281.6158472178595
 10
196.5769230769231
 20
281.4375205457353
 10
196.58264287253687
 20
281.2863700697411
 10
196.59976954331637
 20
281.13608414357657
 10
196.62820512820514
 20
280.9875223720229
 10
196.77581152799053
 20
280.38339298756466
 10
196.93870416891207
 20
279.78320472546926
 10
197.1167780941156
 20
279.18734430591945
 10
197.3099185649679
 20
278.5961956605328
 10
197.51800113498624
 20
278.0101396849827
 10
197.7408917300232
 20
277.4295539935748
 10
197.97844673465502
 20
276.8548126759389
 10
198.23051308471724
 20
276.2862860559907
 10
198.49692836592908
 20
275.7243404533205
 10
198.77752091854182
 20
275.16933794716243
 10
199.07210994794474
 20
274.6216361430948
 10
199.38050564115665
 20
274.0815879426239
 10
199.70250928912841
 20
273.5495413157985
 10
200.0379134147776
 20
273.0258390770015
 10
200.38650190667215
 20
272.5108186640641
 10
200.74805015827815
 20
272.0048119208441
 10
201.12232521268058
 20
271.508144883408
 10
201.50908591268504
 20
271.0211375699562
 10
201.90808305620266
 20
270.54410377462483
 10
202.31905955681913
 20
270.07735086529857
 10
202.7417506094433
 20
269.62117958556365
 10
203.1758838609296
 20
269.17588386092956
 10
203.6211795855637
 20
268.7417506094433
 10
204.07735086529857
 20
268.31905955681907
 10
204.54410377462483
 20
267.90808305620266
 10
205.0211375699562
 20
267.509085912685
 10
205.50814488340802
 20
267.12232521268055
 10
206.0048119208441
 20
266.7480501582781
 10
206.51081866406412
 20
266.38650190667215
 10
207.02583907700148
 20
266.03791341477756
 10
207.5495413157985
 20
265.7025092891284
 10
208.08158794262394
 20
265.3805056411566
 10
208.62163614309483
 20
265.07210994794474
 10
209.16933794716246
 20
264.7775209185418
 10
209.72434045332054
 20
264.4969283659291
 10
210.28628605599067
 20
264.23051308471724
 10
210.85481267593894
 20
263.978446734655
 10
211.42955399357484
 20
263.7408917300232
 10
212.0101396849827
 20
263.5180011349862
 10
212.59619566053289
 20
263.3099185649679
 10
213.1873443059195
 20
263.1167780941156
 10
213.78320472546932
 20
262.93870416891207
 10
214.38339298756472
 20
262.7758115279905
 10
214.98752237202294
 20
262.62820512820514
 10
215.15683693740982
 20
262.5967168472547
 10
215.32823269694256
 20
262.57991126771753
 10
215.50043879674587
 20
262.5779129984868
 10
215.67217837448737
 20
262.59073685619614
 10
215.84217802697148
 20
262.61828775535866
 10
216.00917725208464
 20
262.6603614134001
 10
216.17193779508253
 20
262.71664586535985
 10
216.32925282991903
 20
262.78672377702804
 10
216.4799559075396
 20
262.87007553936735
 10
216.62292960479027
 20
262.9660831212755
 10
216.75711380981232
 20
263.07403465212144
 10
216.88151358248936
 20
263.193129700076
 10
216.99520653166292
 20
263.32248520710056
 10
217.169311780129
 20
263.52597355937104
 10
217.35521344582557
 20
263.7187447131892
 10
217.55225311419454
 20
263.90011592408615
 10
217.75973292281662
 20
264.069444823177
 10
217.97691803305554
 20
264.2261316922621
 10
218.20303923266215
 20
264.36962158787014
 10
218.43729566012107
 20
264.4994063067216
 10
218.67885764109027
 20
264.6150261856499
 10
218.92686962688842
 20
264.7160717296073
 10
219.18045322462203
 20
264.80218506198764
 10
219.438710308221
 20
264.87306119213116
 10
219.7007261993637
 20
264.9284490955205
 10
219.96557290702577
 20
264.96815260284325
 10
220.23231241417906
 20
264.99203109477185
 10
220.5
 20
265.0
 10
220.7676875858209
 20
264.99203109477185
 10
221.03442709297423
 20
264.96815260284325
 10
221.29927380063629
 20
264.92844909552053
 10
221.561289691779
 20
264.87306119213116
 10
221.81954677537794
 20
264.80218506198764
 10
222.07313037311155
 20
264.7160717296073
 10
222.3211423589097
 20
264.61502618565
 10
222.5627043398789
 20
264.49940630672165
 10
222.79696076733782
 20
264.36962158787014
 10
223.02308196694446
 20
264.2261316922621
 10
223.24026707718338
 20
264.069444823177
 10
223.44774688580546
 20
263.90011592408615
 10
223.64478655417443
 20
263.71874471318927
 10
223.830688219871
 20
263.52597355937104
 10
224.00479346833708
 20
263.3224852071006
 10
224.11848641751064
 20
263.193129700076
 10
224.24288619018768
 20
263.0740346521215
 10
224.37707039520973
 20
262.9660831212756
 10
224.52004409246038
 20
262.87007553936735
 10
224.67074717008097
 20
262.78672377702804
 10
224.82806220491747
 20
262.71664586535985
 10
224.99082274791536
 20
262.6603614134001
 10
225.15782197302852
 20
262.61828775535866
 10
225.32782162551263
 20
262.59073685619614
 10
225.49956120325413
 20
262.5779129984868
 10
225.67176730305744
 20
262.57991126771753
 10
225.84316306259015
 20
262.5967168472547
 10
226.0124776279771
 20
262.6282051282051
 10
226.6166070124354
 20
262.7758115279905
 10
227.2167952745308
 20
262.93870416891207
 10
227.8126556940806
 20
263.11677809411566
 10
228.40380433946723
 20
263.3099185649679
 10
228.98986031501738
 20
263.51800113498626
 10
229.57044600642524
 20
263.74089173002324
 10
230.14518732406117
 20
263.97844673465505
 10
230.7137139440094
 20
264.2305130847173
 10
231.27565954667955
 20
264.49692836592914
 10
231.83066205283762
 20
264.7775209185419
 10
232.37836385690525
 20
265.0721099479448
 10
232.91841205737614
 20
265.3805056411567
 10
233.45045868420158
 20
265.70250928912844
 10
233.9741609229986
 20
266.0379134147776
 10
234.48918133593594
 20
266.3865019066722
 10
234.99518807915598
 20
266.7480501582782
 10
235.49185511659203
 20
267.12232521268066
 10
235.97886243004388
 20
267.50908591268507
 10
236.45589622537523
 20
267.9080830562027
 10
236.9226491347015
 20
268.3190595568192
 10
237.37882041443638
 20
268.74175060944333
 10
237.8241161390705
 20
269.1758838609297
 10
238.25824939055678
 20
269.62117958556377
 10
238.68094044318093
 20
270.0773508652986
 10
239.0919169437974
 20
270.54410377462494
 10
239.49091408731505
 20
271.0211375699563
 10
239.87767478731948
 20
271.5081448834081
 10
240.2519498417219
 20
272.0048119208442
 10
240.6134980933279
 20
272.51081866406423
 10
240.9620865852225
 20
273.02583907700154
 10
241.2974907108716
 20
273.5495413157986
 10
241.6194943588434
 20
274.081587942624
 10
241.92789005205532
 20
274.6216361430949
 10
242.2224790814582
 20
275.16933794716255
 10
242.50307163407095
 20
275.7243404533206
 10
242.76948691528278
 20
276.2862860559908
 10
243.021553265345
 20
276.854812675939
 10
243.25910826997682
 20
277.4295539935749
 10
243.4819988650138
 20
278.0101396849828
 10
243.69008143503214
 20
278.59619566053294
 10
243.88322190588443
 20
279.18734430591957
 10
244.06129583108796
 20
279.78320472546943
 10
244.2241884720095
 20
280.3833929875648
 10
244.3717948717949
 20
280.987522372023
 10
244.40328315274525
 20
281.1568369374098
 10
244.4200887322824
 20
281.32823269694256
 10
244.42208700151315
 20
281.50043879674587
 10
244.4092631438038
 20
281.6721783744874
 10
244.38171224464128
 20
281.84217802697145
 10
244.33963858659985
 20
282.0091772520846
 10
244.2833541346401
 20
282.1719377950825
 10
244.2132762229719
 20
282.32925282991897
 10
244.1299244606326
 20
282.4799559075396
 10
244.03391687872443
 20
282.6229296047902
 10
243.9259653478785
 20
282.75711380981227
 10
243.80687029992401
 20
282.88151358248933
 10
243.6775147928994
 20
282.99520653166286
 10
243.47402644062896
 20
283.169311780129
 10
243.28125528681073
 20
283.3552134458256
 10
243.09988407591382
 20
283.55225311419457
 10
242.93055517682302
 20
283.7597329228166
 10
242.77386830773793
 20
283.97691803305554
 10
242.63037841212983
 20
284.2030392326622
 10
242.50059369327835
 20
284.4372956601211
 10
242.38497381435002
 20
284.6788576410903
 10
242.2839282703927
 20
284.92686962688845
 10
242.19781493801236
 20
285.18045322462206
 10
242.12693880786884
 20
285.438710308221
 10
242.07155090447947
 20
285.7007261993637
 10
242.03184739715672
 20
285.9655729070258
 10
242.00796890522813
 20
286.2323124141791
  0
LWPOLYLINE
  5
6F
330
17
100
AcDbEntity
  8
CORTE
100
AcDbPolyline
 90
20
 70
1
 10
270.0
 20
129.00000000000003
 10
270.0
 20
126.00000000000001
 10
260.0
 20
126.00000000000001
 10
260.0
 20
129.00000000000003
 10
255.0
 20
129.00000000000003
 10
255.0
 20
189.00000000000003
 10
260.0
 20
189.00000000000003
 10
260.0
 20
192.0
 10
270.0
 20
192.0
 10
270.0
 20
189.00000000000003
 10
290.0
 20
189.0
 10
290.0
 20
192.0
 10
300.0
 20
192.0
 10
300.0
 20
189.0
 10
305.0
 20
189.0
 10
305.0
 20
129.00000000000003
 10
300.0
 20
129.00000000000003
 10
300.0
 20
126.00000000000001
 10
290.0
 20
126.00000000000001
 10
290.0
 20
129.00000000000003
  0
LWPOLYLINE
  5
70
330
17
100
AcDbEntity
  8
CORTE
100
AcDbPolyline
 90
50
 70
1
 10
277.75
 20
158.00000000000003
 10
277.87533323356433
 20
158.00788529868555
 10
277.99868988716486
 20
158.0314168388714
 10
278.11812455268466
 20
158.07022351411177
 10
278.2317536741017
 20
158.12369331995615
 10
278.33778525229246
 20
158.19098300562507
 10
278.4345471059287
 20
158.2710313725786
 10
278.5205132427758
 20
158.36257601025133
 10
278.594327925502
 20
158.464173205021
 10
278.65482705246603
 20
158.57422070843495
 10
278.7010565162952
 20
158.69098300562507
 10
278.7322872507287
 20
158.8126186854143
 10
278.7480267284283
 20
158.9372094804707
 10
278.7480267284283
 20
159.06279051952933
 10
278.7322872507287
 20
159.18738131458574
 10
278.7010565162952
 20
159.30901699437496
 10
278.65482705246603
 20
159.42577929156508
 10
278.594327925502
 20
159.53582679497902
 10
278.5205132427758
 20
159.6374239897487
 10
278.4345471059287
 20
159.7289686274214
 10
278.33778525229246
 20
159.80901699437496
 10
278.2317536741017
 20
159.87630668004388
 10
278.11812455268466
 20
159.92977648588828
 10
277.99868988716486
 20
159.96858316112866
 10
277.87533323356433
 20
159.9921147013145
 10
277.75
 20
160.0
 10
277.6246667664357
 20
159.9921147013145
 10
277.50131011283514
 20
159.96858316112866
 10
277.38187544731534
 20
159.92977648588828
 10
277.2682463258983
 20
159.87630668004388
 10
277.16221474770754
 20
159.80901699437496
 10
277.0654528940713
 20
159.7289686274214
 10
276.9794867572242
 20
159.6374239897487
 10
276.905672074498
 20
159.53582679497902
 10
276.84517294753397
 20
159.42577929156508
 10
276.7989434837049
 20
159.30901699437496
 10
276.7677127492713
 20
159.18738131458574
 10
276.7519732715717
 20
159.06279051952933
 10
276.7519732715717
 20
158.9372094804707
 10
276.7677127492713
 20
158.8126186854143
 10
276.7989434837049
 20
158.69098300562507
 10
276.84517294753397
 20
158.57422070843495
 10
276.905672074498
 20
158.464173205021
 10
276.9794867572242
 20
158.36257601025133
 10
277.0654528940713
 20
158.2710313725786
 10
277.16221474770754
 20
158.19098300562507
 10
277.2682463258983
 20
158.12369331995615
 10
277.38187544731534
 20
158.07022351411177
 10
277.50131011283514
 20
158.0314168388714
 10
277.6246667664357
 20
158.00788529868555
  0
LWPOLYLINE
  5
71
330
17
100
AcDbEntity
  8
CORTE
100
AcDbPolyline
 90
50
 70
1
 10
292.75
 20
158.0
 10
292.87533323356433
 20
158.00788529868555
 10
292.99868988716486
 20
158.0314168388714
 10
293.11812455268466
 20
158.07022351411177
 10
293.2317536741017
 20
158.12369331995615
 10
293.33778525229246
 20
158.19098300562507
 10
293.4345471059287
 20
158.2710313725786
 10
293.5205132427758
 20
158.36257601025133
 10
293.594327925502
 20
158.464173205021
 10
293.65482705246603
 20
158.57422070843495
 10
293.7010565162951
 20
158.69098300562507
 10
293.7322872507287
 20
158.8126186854143
 10
293.7480267284283
 20
158.9372094804707
 10
293.7480267284283
 20
159.06279051952933
 10
293.7322872507287
 20
159.18738131458574
 10
293.7010565162951
 20
159.30901699437496
 10
293.65482705246603
 20
159.42577929156508
 10
293.594327925502
 20
159.53582679497902
 10
293.5205132427758
 20
159.6374239897487
 10
293.4345471059287
 20
159.7289686274214
 10
293.33778525229246
 20
159.80901699437496
 10
293.2317536741017
 20
159.87630668004388
 10
293.11812455268466
 20
159.92977648588828
 10
292.99868988716486
 20
159.96858316112866
 10
292.87533323356433
 20
159.9921147013145
 10
292.75
 20
160.0
 10
292.6246667664357
 20
159.9921147013145
 10
292.50131011283514
 20
159.96858316112866
 10
292.38187544731534
 20
159.92977648588828
 10
292.2682463258983
 20
159.87630668004388
 10
292.16221474770754
 20
159.80901699437496
 10
292.0654528940713
 20
159.7289686274214
 10
291.9794867572242
 20
159.6374239897487
 10
291.905672074498
 20
159.53582679497902
 10
291.84517294753397
 20
159.42577929156508
 10
291.7989434837049
 20
159.30901699437496
 10
291.7677127492713
 20
159.18738131458574
 10
291.7519732715717
 20
159.06279051952933
 10
291.7519732715717
 20
158.9372094804707
 10
291.7677127492713
 20
158.8126186854143
 10
291.7989434837049
 20
158.69098300562507
 10
291.84517294753397
 20
158.57422070843495
 10
291.905672074498
 20
158.464173205021
 10
291.9794867572242
 20
158.36257601025133
 10
292.0654528940713
 20
158.2710313725786
 10
292.16221474770754
 20
158.19098300562507
 10
292.2682463258983
 20
158.12369331995615
 10
292.38187544731534
 20
158.07022351411177
 10
292.50131011283514
 20
158.0314168388714
 10
292.6246667664357
 20
158.00788529868555
  0
LWPOLYLINE
  5
72
330
17
100
AcDbEntity
  8
CORTE
100
AcDbPolyline
 90
98
 70
1
 10
285.25
 20
155.25000000000003
 10
285.4902633249277
 20
155.25770477718626
 10
285.72953935631693
 20
155.28078744816284
 10
285.9668448576302
 20
155.31915316128354
 10
286.2012046896607
 20
155.37264426360366
 10
286.4316558175886
 20
155.44104094871003
 10
286.65725126829767
 20
155.52406215995245
 10
286.87706402169084
 20
155.62136674536595
 10
287.09019082001475
 20
155.73255485953732
 10
287.29575587953957
 20
155.85716960665562
 10
287.49291448934207
 20
155.99469891799518
 10
287.68085648240424
 20
156.14457765611576
 10
287.8588095647631
 20
156.30618993713355
 10
288.0260424890324
 20
156.4788716615201
 10
288.1818680592551
 20
156.66191324302977
 10
288.3256459547386
 20
156.85456252454188
 10
288.45678536127
 20
157.05602786883554
 10
288.57474739889875
 20
157.26548141159688
 10
288.6790473363093
 20
157.48206246329104
 10
288.7692565826866
 20
157.7048810459201
 10
288.8450044488875
 20
157.93302155013365
 10
288.90597967068186
 20
158.16554649766385
 10
288.9519316878042
 20
158.40150039362484
 10
288.9826716735595
 20
158.63991365284622
 10
288.9980733107526
 20
158.87980658410632
 10
288.9980733107526
 20
159.1201934158937
 10
288.9826716735595
 20
159.3600863471538
 10
288.9519316878042
 20
159.59849960637519
 10
288.90597967068186
 20
159.8344535023362
 10
288.8450044488875
 20
160.06697844986638
 10
288.7692565826866
 20
160.29511895407992
 10
288.6790473363093
 20
160.51793753670898
 10
288.57474739889875
 20
160.73451858840315
 10
288.45678536127
 20
160.9439721311645
 10
288.3256459547386
 20
161.14543747545815
 10
288.1818680592551
 20
161.33808675697026
 10
288.0260424890324
 20
161.52112833847997
 10
287.8588095647631
 20
161.6938100628665
 10
287.68085648240424
 20
161.85542234388427
 10
287.49291448934207
 20
162.00530108200485
 10
287.29575587953957
 20
162.1428303933444
 10
287.09019082001475
 20
162.2674451404627
 10
286.87706402169084
 20
162.37863325463408
 10
286.65725126829767
 20
162.4759378400476
 10
286.4316558175886
 20
162.55895905129003
 10
286.20120468966064
 20
162.62735573639637
 10
285.9668448576301
 20
162.68084683871652
 10
285.7295393563169
 20
162.7192125518372
 10
285.4902633249277
 20
162.74229522281377
 10
285.25
 20
162.75
 10
285.0097366750723
 20
162.74229522281377
 10
284.77046064368307
 20
162.7192125518372
 10
284.5331551423698
 20
162.6808468387165
 10
284.2987953103393
 20
162.62735573639637
 10
284.0683441824114
 20
162.55895905129
 10
283.84274873170233
 20
162.47593784004758
 10
283.62293597830916
 20
162.37863325463408
 10
283.4098091799852
 20
162.2674451404627
 10
283.20424412046043
 20
162.1428303933444
 10
283.00708551065793
 20
162.00530108200485
 10
282.81914351759576
 20
161.85542234388424
 10
282.6411904352369
 20
161.69381006286648
 10
282.4739575109676
 20
161.52112833847994
 10
282.3181319407449
 20
161.33808675697026
 10
282.1743540452614
 20
161.14543747545812
 10
282.0432146387299
 20
160.94397213116446
 10
281.92525260110125
 20
160.73451858840312
 10
281.8209526636907
 20
160.51793753670898
 10
281.7307434173134
 20
160.2951189540799
 10
281.6549955511125
 20
160.06697844986638
 10
281.59402032931814
 20
159.83445350233617
 10
281.5480683121958
 20
159.59849960637519
 10
281.5173283264405
 20
159.3600863471538
 10
281.5019266892474
 20
159.1201934158937
 10
281.5019266892474
 20
158.8798065841063
 10
281.5173283264405
 20
158.6399136528462
 10
281.5480683121958
 20
158.40150039362481
 10
281.59402032931814
 20
158.16554649766383
 10
281.6549955511125
 20
157.93302155013365
 10
281.7307434173134
 20
157.7048810459201
 10
281.8209526636907
 20
157.48206246329104
 10
281.92525260110125
 20
157.26548141159688
 10
282.04321463873
 20
157.05602786883554
 10
282.1743540452614
 20
156.85456252454188
 10
282.3181319407449
 20
156.66191324302977
 10
282.4739575109676
 20
156.4788716615201
 10
282.6411904352369
 20
156.30618993713352
 10
282.8191435175958
 20
156.14457765611576
 10
283.00708551065793
 20
155.99469891799518
 10
283.20424412046043
 20
155.85716960665562
 10
283.40980917998525
 20
155.73255485953732
 10
283.62293597830916
 20
155.62136674536595
 10
283.8427487317024
 20
155.52406215995242
 10
284.0683441824114
 20
155.44104094871
 10
284.29879531033936
 20
155.37264426360366
 10
284.5331551423699
 20
155.3191531612835
 10
284.7704606436831
 20
155.28078744816284
 10
285.00973667507236
 20
155.25770477718626
  0
LWPOLYLINE
  5
73
330
17
100
AcDbEntity
  8
CORTE
100
AcDbPolyline
 90
62
 70
1
 10
285.25
 20
169.3632
 10
285.10095882804814
 20
169.35564148722096
 10
284.95344702020543
 20
169.3330435094532
 10
284.80897824723564
 20
169.29563795252858
 10
284.6690349542471
 20
169.24380864807893
 10
284.53505314879925
 20
169.17808743490423
 10
284.40840766552236
 20
169.09914870158659
 10
284.29039805845366
 20
169.00780246635105
 10
284.18223526585405
 20
168.90498606518233
 10
284.0850291843434
 20
168.79175453348924
 10
283.99977727985873
 20
168.6692697800137
 10
283.9273543523044
 20
168.53878866407473
 10
283.8685035589209
 20
168.40165009849102
 10
283.8238287884863
 20
168.25926131052358
 10
283.79378846459986
 20
168.11308340181978
 10
283.7786908416356
 20
167.96461635553322
 10
283.7786908416356
 20
167.81538364446683
 10
283.79378846459986
 20
167.66691659818028
 10
283.8238287884863
 20
167.52073868947647
 10
283.8685035589209
 20
167.378349901509
 10
283.9273543523044
 20
167.2412113359253
 10
283.99977727985873
 20
167.11073021998635
 10
284.0850291843434
 20
166.9882454665108
 10
284.18223526585405
 20
166.87501393481773
 10
284.2903980584536
 20
166.772197533649
 10
284.40840766552236
 20
166.68085129841347
 10
284.5350531487992
 20
166.6019125650958
 10
284.6690349542471
 20
166.5361913519211
 10
284.80897824723564
 20
166.48436204747145
 10
284.9534470202054
 20
166.44695649054682
 10
285.10095882804814
 20
166.42435851277907
 10
285.25
 20
166.41680000000002
 10
285.39904117195186
 20
166.42435851277907
 10
285.5465529797946
 20
166.44695649054682
 10
285.69102175276436
 20
166.48436204747145
 10
285.8309650457529
 20
166.5361913519211
 10
285.9649468512008
 20
166.6019125650958
 10
286.09159233447764
 20
166.68085129841347
 10
286.2096019415464
 20
166.772197533649
 10
286.31776473414595
 20
166.87501393481773
 10
286.4149708156566
 20
166.9882454665108
 10
286.50022272014127
 20
167.11073021998635
 10
286.5726456476956
 20
167.2412113359253
 10
286.6314964410791
 20
167.378349901509
 10
286.6761712115137
 20
167.52073868947647
 10
286.7062115354002
 20
167.66691659818028
 10
286.7213091583644
 20
167.81538364446683
 10
286.7213091583644
 20
167.96461635553322
 10
286.7062115354002
 20
168.11308340181975
 10
286.6761712115137
 20
168.25926131052356
 10
286.6314964410791
 20
168.40165009849102
 10
286.5726456476956
 20
168.53878866407473
 10
286.50022272014127
 20
168.6692697800137
 10
286.4149708156566
 20
168.79175453348924
 10
286.31776473414595
 20
168.9049860651823
 10
286.2096019415464
 20
169.00780246635105
 10
286.09159233447764
 20
169.09914870158656
 10
285.9649468512008
 20
169.17808743490423
 10
285.8309650457529
 20
169.24380864807893
 10
285.69102175276436
 20
169.29563795252858
 10
285.5465529797946
 20
169.3330435094532
 10
285.39904117195186
 20
169.35564148722096
  0
LWPOLYLINE
  5
74
330
17
100
AcDbEntity
  8
CORTE
100
AcDbPolyline
 90
62
 70
1
 10
295.0
 20
191.97320000000002
 10
294.85095882804814
 20
191.96564148722095
 10
294.70344702020543
 20
191.9430435094532
 10
294.55897824723564
 20
191.90563795252856
 10
294.4190349542471
 20
191.85380864807894
 10
294.2850531487992
 20
191.7880874349042
 10
294.15840766552236
 20
191.70914870158657
 10
294.04039805845366
 20
191.61780246635104
 10
293.93223526585405
 20
191.5149860651823
 10
293.8350291843434
 20
191.40175453348922
 10
293.74977727985873
 20
191.2792697800137
 10
293.6773543523044
 20
191.14878866407474
 10
293.6185035589209
 20
191.011650098491
 10
293.5738287884863
 20
190.86926131052357
 10
293.54378846459986
 20
190.72308340181976
 10
293.5286908416356
 20
190.5746163555332
 10
293.5286908416356
 20
190.42538364446682
 10
293.54378846459986
 20
190.27691659818026
 10
293.5738287884863
 20
190.13073868947646
 10
293.6185035589209
 20
189.98834990150903
 10
293.6773543523044
 20
189.8512113359253
 10
293.74977727985873
 20
189.72073021998634
 10
293.8350291843434
 20
189.5982454665108
 10
293.93223526585405
 20
189.48501393481772
 10
294.0403980584536
 20
189.382197533649
 10
294.15840766552236
 20
189.29085129841346
 10
294.2850531487992
 20
189.21191256509582
 10
294.4190349542471
 20
189.1461913519211
 10
294.55897824723564
 20
189.09436204747146
 10
294.7034470202054
 20
189.05695649054684
 10
294.85095882804814
 20
189.03435851277908
 10
295.0
 20
189.0268
 10
295.1490411719519
 20
189.03435851277908
 10
295.2965529797946
 20
189.05695649054684
 10
295.44102175276436
 20
189.09436204747146
 10
295.5809650457529
 20
189.1461913519211
 10
295.7149468512008
 20
189.21191256509582
 10
295.84159233447764
 20
189.29085129841346
 10
295.9596019415464
 20
189.382197533649
 10
296.06776473414595
 20
189.48501393481772
 10
296.1649708156566
 20
189.5982454665108
 10
296.25022272014127
 20
189.72073021998634
 10
296.3226456476956
 20
189.8512113359253
 10
296.3814964410791
 20
189.98834990150903
 10
296.4261712115137
 20
190.13073868947646
 10
296.4562115354002
 20
190.27691659818026
 10
296.4713091583644
 20
190.42538364446682
 10
296.4713091583644
 20
190.5746163555332
 10
296.4562115354002
 20
190.72308340181976
 10
296.4261712115137
 20
190.86926131052357
 10
296.3814964410791
 20
191.011650098491
 10
296.3226456476956
 20
191.14878866407474
 10
296.25022272014127
 20
191.2792697800137
 10
296.1649708156566
 20
191.40175453348922
 10
296.06776473414595
 20
191.5149860651823
 10
295.9596019415464
 20
191.61780246635104
 10
295.84159233447764
 20
191.70914870158657
 10
295.7149468512008
 20
191.7880874349042
 10
295.5809650457529
 20
191.85380864807894
 10
295.44102175276436
 20
191.90563795252856
 10
295.2965529797946
 20
191.9430435094532
 10
295.1490411719519
 20
191.96564148722095
  0
LWPOLYLINE
  5
75
330
17
100
AcDbEntity
  8
CORTE
100
AcDbPolyline
 90
62
 70
1
 10
265.0
 20
191.97320000000002
 10
264.85095882804814
 20
191.96564148722095
 10
264.70344702020543
 20
191.9430435094532
 10
264.55897824723564
 20
191.90563795252856
 10
264.4190349542471
 20
191.85380864807894
 10
264.28505314879925
 20
191.7880874349042
 10
264.15840766552236
 20
191.70914870158657
 10
264.04039805845366
 20
191.61780246635104
 10
263.93223526585405
 20
191.5149860651823
 10
263.8350291843434
 20
191.40175453348922
 10
263.74977727985873
 20
191.2792697800137
 10
263.6773543523044
 20
191.14878866407474
 10
263.6185035589209
 20
191.011650098491
 10
263.5738287884863
 20
190.86926131052357
 10
263.54378846459986
 20
190.72308340181976
 10
263.5286908416356
 20
190.5746163555332
 10
263.5286908416356
 20
190.42538364446682
 10
263.54378846459986
 20
190.27691659818026
 10
263.5738287884863
 20
190.13073868947646
 10
263.6185035589209
 20
189.98834990150903
 10
263.6773543523044
 20
189.8512113359253
 10
263.74977727985873
 20
189.72073021998634
 10
263.8350291843434
 20
189.5982454665108
 10
263.93223526585405
 20
189.48501393481772
 10
264.0403980584536
 20
189.382197533649
 10
264.15840766552236
 20
189.29085129841346
 10
264.2850531487992
 20
189.21191256509582
 10
264.4190349542471
 20
189.1461913519211
 10
264.55897824723564
 20
189.09436204747146
 10
264.7034470202054
 20
189.05695649054684
 10
264.85095882804814
 20
189.03435851277908
 10
265.0
 20
189.02680000000004
 10
265.1490411719519
 20
189.03435851277908
 10
265.2965529797946
 20
189.05695649054684
 10
265.44102175276436
 20
189.09436204747146
 10
265.5809650457529
 20
189.1461913519211
 10
265.7149468512008
 20
189.21191256509582
 10
265.84159233447764
 20
189.29085129841346
 10
265.9596019415464
 20
189.382197533649
 10
266.06776473414595
 20
189.48501393481772
 10
266.1649708156566
 20
189.5982454665108
 10
266.25022272014127
 20
189.72073021998634
 10
266.3226456476956
 20
189.8512113359253
 10
266.3814964410791
 20
189.98834990150903
 10
266.4261712115137
 20
190.13073868947646
 10
266.4562115354002
 20
190.27691659818026
 10
266.4713091583644
 20
190.42538364446682
 10
266.4713091583644
 20
190.5746163555332
 10
266.4562115354002
 20
190.72308340181976
 10
266.4261712115137
 20
190.86926131052357
 10
266.3814964410791
 20
191.011650098491
 10
266.3226456476956
 20
191.14878866407474
 10
266.25022272014127
 20
191.2792697800137
 10
266.1649708156566
 20
191.40175453348922
 10
266.06776473414595
 20
191.5149860651823
 10
265.9596019415464
 20
191.61780246635104
 10
265.84159233447764
 20
191.70914870158657
 10
265.7149468512008
 20
191.7880874349042
 10
265.5809650457529
 20
191.85380864807894
 10
265.44102175276436
 20
191.90563795252856
 10
265.2965529797946
 20
191.9430435094532
 10
265.1490411719519
 20
191.96564148722095
  0
LWPOLYLINE
  5
76
330
17
100
AcDbEntity
  8
CORTE
100
AcDbPolyline
 90
62
 70
1
 10
295.0
 20
128.97320000000002
 10
294.85095882804814
 20
128.96564148722095
 10
294.7034470202054
 20
128.9430435094532
 10
294.55897824723564
 20
128.90563795252856
 10
294.4190349542471
 20
128.85380864807894
 10
294.2850531487992
 20
128.7880874349042
 10
294.15840766552236
 20
128.70914870158657
 10
294.0403980584536
 20
128.61780246635104
 10
293.93223526585405
 20
128.5149860651823
 10
293.8350291843434
 20
128.40175453348922
 10
293.74977727985873
 20
128.2792697800137
 10
293.6773543523044
 20
128.14878866407471
 10
293.6185035589209
 20
128.011650098491
 10
293.5738287884863
 20
127.86926131052357
 10
293.54378846459986
 20
127.72308340181976
 10
293.5286908416356
 20
127.57461635553321
 10
293.5286908416356
 20
127.42538364446683
 10
293.5437884645998
 20
127.27691659818028
 10
293.5738287884863
 20
127.13073868947647
 10
293.6185035589209
 20
126.98834990150903
 10
293.6773543523044
 20
126.85121133592531
 10
293.74977727985873
 20
126.72073021998634
 10
293.8350291843434
 20
126.5982454665108
 10
293.93223526585405
 20
126.48501393481772
 10
294.0403980584536
 20
126.38219753364899
 10
294.15840766552236
 20
126.29085129841346
 10
294.2850531487992
 20
126.21191256509582
 10
294.4190349542471
 20
126.14619135192109
 10
294.55897824723564
 20
126.09436204747146
 10
294.7034470202054
 20
126.05695649054684
 10
294.85095882804814
 20
126.03435851277908
 10
295.0
 20
126.02680000000001
 10
295.14904117195186
 20
126.03435851277908
 10
295.2965529797946
 20
126.05695649054684
 10
295.44102175276436
 20
126.09436204747146
 10
295.5809650457529
 20
126.14619135192109
 10
295.7149468512008
 20
126.21191256509582
 10
295.84159233447764
 20
126.29085129841346
 10
295.9596019415464
 20
126.38219753364899
 10
296.06776473414595
 20
126.48501393481772
 10
296.1649708156566
 20
126.5982454665108
 10
296.25022272014127
 20
126.72073021998634
 10
296.3226456476956
 20
126.85121133592531
 10
296.3814964410791
 20
126.98834990150903
 10
296.4261712115137
 20
127.13073868947647
 10
296.45621153540014
 20
127.27691659818028
 10
296.4713091583644
 20
127.42538364446682
 10
296.4713091583644
 20
127.57461635553321
 10
296.45621153540014
 20
127.72308340181976
 10
296.4261712115137
 20
127.86926131052357
 10
296.3814964410791
 20
128.011650098491
 10
296.3226456476956
 20
128.14878866407471
 10
296.25022272014127
 20
128.2792697800137
 10
296.1649708156566
 20
128.40175453348922
 10
296.06776473414595
 20
128.5149860651823
 10
295.9596019415464
 20
128.61780246635104
 10
295.84159233447764
 20
128.70914870158657
 10
295.7149468512008
 20
128.7880874349042
 10
295.5809650457529
 20
128.85380864807894
 10
295.44102175276436
 20
128.90563795252856
 10
295.2965529797946
 20
128.9430435094532
 10
295.14904117195186
 20
128.96564148722095
  0
LWPOLYLINE
  5
77
330
17
100
AcDbEntity
  8
CORTE
100
AcDbPolyline
 90
62
 70
1
 10
265.0
 20
128.97320000000002
 10
264.85095882804814
 20
128.96564148722095
 10
264.7034470202054
 20
128.9430435094532
 10
264.55897824723564
 20
128.90563795252856
 10
264.4190349542471
 20
128.85380864807894
 10
264.2850531487992
 20
128.7880874349042
 10
264.15840766552236
 20
128.70914870158657
 10
264.0403980584536
 20
128.61780246635104
 10
263.93223526585405
 20
128.5149860651823
 10
263.8350291843434
 20
128.40175453348925
 10
263.74977727985873
 20
128.2792697800137
 10
263.6773543523044
 20
128.14878866407474
 10
263.6185035589209
 20
128.011650098491
 10
263.5738287884863
 20
127.86926131052357
 10
263.54378846459986
 20
127.72308340181976
 10
263.5286908416356
 20
127.57461635553321
 10
263.5286908416356
 20
127.42538364446683
 10
263.54378846459986
 20
127.27691659818028
 10
263.5738287884863
 20
127.13073868947647
 10
263.6185035589209
 20
126.98834990150903
 10
263.6773543523044
 20
126.85121133592531
 10
263.74977727985873
 20
126.72073021998634
 10
263.8350291843434
 20
126.5982454665108
 10
263.93223526585405
 20
126.48501393481772
 10
264.0403980584536
 20
126.38219753364899
 10
264.15840766552236
 20
126.29085129841346
 10
264.2850531487992
 20
126.21191256509582
 10
264.4190349542471
 20
126.14619135192109
 10
264.55897824723564
 20
126.09436204747146
 10
264.7034470202054
 20
126.05695649054684
 10
264.85095882804814
 20
126.03435851277908
 10
265.0
 20
126.02680000000002
 10
265.14904117195186
 20
126.03435851277908
 10
265.2965529797946
 20
126.05695649054684
 10
265.44102175276436
 20
126.09436204747146
 10
265.5809650457529
 20
126.14619135192109
 10
265.7149468512008
 20
126.21191256509582
 10
265.84159233447764
 20
126.29085129841346
 10
265.9596019415464
 20
126.382197533649
 10
266.06776473414595
 20
126.48501393481772
 10
266.1649708156566
 20
126.5982454665108
 10
266.25022272014127
 20
126.72073021998634
 10
266.3226456476956
 20
126.85121133592531
 10
266.3814964410791
 20
126.98834990150903
 10
266.4261712115137
 20
127.13073868947647
 10
266.45621153540014
 20
127.27691659818028
 10
266.4713091583644
 20
127.42538364446683
 10
266.4713091583644
 20
127.57461635553321
 10
266.45621153540014
 20
127.72308340181976
 10
266.4261712115137
 20
127.86926131052357
 10
266.3814964410791
 20
128.011650098491
 10
266.3226456476956
 20
128.14878866407471
 10
266.25022272014127
 20
128.2792697800137
 10
266.1649708156566
 20
128.40175453348922
 10
266.06776473414595
 20
128.5149860651823
 10
265.9596019415464
 20
128.61780246635104
 10
265.84159233447764
 20
128.70914870158657
 10
265.7149468512008
 20
128.7880874349042
 10
265.5809650457529
 20
128.85380864807894
 10
265.44102175276436
 20
128.90563795252856
 10
265.2965529797946
 20
128.9430435094532
 10
265.14904117195186
 20
128.96564148722095
  0
LWPOLYLINE
  5
78
330
17
100
AcDbEntity
  8
CORTE
100
AcDbPolyline
 90
4
 70
1
 10
275.25
 20
166.39000000000001
 10
280.25
 20
166.39000000000001
 10
280.25
 20
169.39000000000004
 10
275.25
 20
169.39000000000001
  0
LWPOLYLINE
  5
79
330
17
100
AcDbEntity
  8
CORTE
100
AcDbPolyline
 90
4
 70
1
 10
295.25
 20
166.39000000000001
 10
295.25
 20
169.39000000000004
 10
290.25
 20
169.39000000000001
 10
290.25
 20
166.39000000000001
  0
LWPOLYLINE
  5
7A
330
17
100
AcDbEntity
  8
CORTE
100
AcDbPolyline
 90
122
 70
1
 10
196.30555
 20
364.2258
 10
196.30555
 20
362.4732
 10
193.0
 20
362.4732
 10
193.0
 20
366.0
 10
190.0
 20
366.0
 10
190.0
 20
371.0
 10
206.0
 20
371.0
 10
206.0
 20
384.0
 10
206.0078659249109
 20
384.28035223618593
 10
206.03143895053378
 20
384.5598223805165
 10
206.07064490740882
 20
384.8375311165237
 10
206.12536043909088
 20
385.11260466978155
 10
206.1954133902745
 20
385.38417755712425
 10
206.28058334845815
 20
385.6513953097758
 10
206.38060233744355
 20
385.91341716182546
 10
206.4951556604879
 20
386.16941869558775
 10
206.62388289045623
 20
386.4185944355262
 10
206.76637900385856
 20
386.6601603825767
 10
206.9221956552037
 20
386.893356480899
 10
207.09084258765984
 20
387.11744900929364
 10
207.27178917558416
 20
387.33173288976
 10
207.46446609406726
 20
387.5355339059327
 10
207.66826711023998
 20
387.7282108244158
 10
207.8825509907063
 20
387.90915741234016
 10
208.10664351910097
 20
388.0778043447963
 10
208.3398396174233
 20
388.23362099614144
 10
208.58140556447378
 20
388.37611710954377
 10
208.8305813044122
 20
388.5048443395121
 10
209.08658283817454
 20
388.6193976625564
 10
209.34860469022416
 20
388.71941665154185
 10
209.61582244287575
 20
388.8045866097255
 10
209.88739533021842
 20
388.87463956090915
 10
210.16246888347632
 20
388.9293550925912
 10
210.44017761948348
 20
388.9685610494662
 10
210.71964776381407
 20
388.9921340750891
 10
211.0
 20
389.0
 10
225.0
 20
389.0
 10
225.28035223618596
 20
388.9921340750891
 10
225.55982238051655
 20
388.9685610494662
 10
225.83753111652368
 20
388.9293550925912
 10
226.11260466978158
 20
388.87463956090915
 10
226.38417755712425
 20
388.8045866097255
 10
226.65139530977586
 20
388.71941665154185
 10
226.91341716182546
 20
388.6193976625564
 10
227.1694186955878
 20
388.5048443395121
 10
227.41859443552622
 20
388.37611710954377
 10
227.6601603825767
 20
388.23362099614144
 10
227.89335648089906
 20
388.0778043447963
 10
228.1174490092937
 20
387.90915741234016
 10
228.33173288976005
 20
387.7282108244158
 10
228.53553390593277
 20
387.5355339059327
 10
228.72821082441584
 20
387.33173288976
 10
228.90915741234016
 20
387.11744900929364
 10
229.07780434479633
 20
386.893356480899
 10
229.23362099614144
 20
386.66016038257663
 10
229.37611710954377
 20
386.4185944355262
 10
229.50484433951212
 20
386.16941869558775
 10
229.61939766255645
 20
385.9134171618254
 10
229.71941665154185
 20
385.6513953097758
 10
229.8045866097255
 20
385.3841775571242
 10
229.87463956090915
 20
385.1126046697815
 10
229.92935509259118
 20
384.8375311165236
 10
229.96856104946622
 20
384.5598223805165
 10
229.9921340750891
 20
384.2803522361859
 10
230.0
 20
383.99999999999994
 10
230.0
 20
326.0
 10
229.9921340750891
 20
325.71964776381407
 10
229.96856104946622
 20
325.44017761948345
 10
229.92935509259118
 20
325.1624688834763
 10
229.87463956090912
 20
324.88739533021845
 10
229.8045866097255
 20
324.61582244287575
 10
229.71941665154185
 20
324.34860469022414
 10
229.61939766255642
 20
324.08658283817454
 10
229.5048443395121
 20
323.8305813044122
 10
229.37611710954377
 20
323.5814055644738
 10
229.2336209961414
 20
323.3398396174233
 10
229.07780434479628
 20
323.10664351910094
 10
228.90915741234014
 20
322.8825509907063
 10
228.72821082441584
 20
322.66826711024
 10
228.53553390593274
 20
322.46446609406723
 10
228.33173288976002
 20
322.27178917558416
 10
228.11744900929367
 20
322.09084258765984
 10
227.893356480899
 20
321.9221956552037
 10
227.66016038257666
 20
321.76637900385856
 10
227.4185944355262
 20
321.62388289045623
 10
227.16941869558778
 20
321.4951556604879
 10
226.91341716182544
 20
321.3806023374436
 10
226.6513953097758
 20
321.28058334845815
 10
226.38417755712425
 20
321.1954133902745
 10
226.11260466978155
 20
321.12536043909085
 10
225.83753111652368
 20
321.07064490740885
 10
225.55982238051652
 20
321.0314389505338
 10
225.28035223618593
 20
321.0078659249109
 10
224.99999999999997
 20
321.0
 10
190.0
 20
321.0
 10
190.0
 20
326.0
 10
193.0
 20
326.0
 10
193.0
 20
329.5268
 10
196.30554999999998
 20
329.5268
 10
196.30554999999998
 20
327.7742
 10
198.7884
 20
327.7742
 10
198.7884
 20
329.5268
 10
199.6266
 20
329.5268
 10
199.6266
 20
332.4732
 10
198.7884
 20
332.4732
 10
198.7884
 20
334.2258
 10
196.30554999999998
 20
334.2258
 10
196.30554999999998
 20
332.4732
 10
193.0
 20
332.4732
 10
193.0
 20
336.0
 10
190.0
 20
336.0
 10
190.0
 20
356.0
 10
193.0
 20
356.0
 10
193.0
 20
359.5268
 10
196.30554999999998
 20
359.5268
 10
196.30555
 20
357.7742
 10
198.7884
 20
357.7742
 10
198.7884
 20
359.5268
 10
199.6266
 20
359.5268
 10
199.6266
 20
362.4732
 10
198.7884
 20
362.4732
 10
198.7884
 20
364.2258
  0
LWPOLYLINE
  5
7B
330
17
100
AcDbEntity
  8
CORTE
100
AcDbPolyline
 90
62
 70
1
 10
219.5
 20
381.25
 10
219.49230398508786
 20
381.4017524829811
 10
219.46929491187873
 20
381.551947780133
 10
219.43120888460007
 20
381.69904468446003
 10
219.37843671743036
 20
381.84153378267
 10
219.31151992421687
 20
381.9779529437966
 10
219.2311451618109
 20
382.1069023226422
 10
219.13813718403918
 20
382.22705872408335
 10
219.03345037861354
 20
382.33718918084367
 10
218.9181589738215
 20
382.43616360540653
 10
218.79344601549045
 20
382.52296638624216
 10
218.66059122733645
 20
382.59670680935614
 10
218.52095787926723
 20
382.65662819822063
 10
218.37597879838808
 20
382.7021156782993
 10
218.22714166625687
 20
382.73270248649214
 10
218.07597375325807
 20
382.7480747607566
 10
217.92402624674193
 20
382.7480747607566
 10
217.77285833374313
 20
382.73270248649214
 10
217.62402120161192
 20
382.7021156782993
 10
217.47904212073277
 20
382.65662819822063
 10
217.33940877266355
 20
382.5967068093561
 10
217.20655398450955
 20
382.52296638624216
 10
217.0818410261785
 20
382.43616360540653
 10
216.96654962138646
 20
382.33718918084367
 10
216.86186281596082
 20
382.22705872408335
 10
216.7688548381891
 20
382.1069023226422
 10
216.68848007578313
 20
381.9779529437966
 10
216.62156328256964
 20
381.84153378267
 10
216.56879111539993
 20
381.69904468446003
 10
216.53070508812127
 20
381.551947780133
 10
216.50769601491214
 20
381.4017524829811
 10
216.5
 20
381.25
 10
216.50769601491214
 20
381.0982475170189
 10
216.53070508812127
 20
380.948052219867
 10
216.56879111539993
 20
380.80095531553997
 10
216.62156328256964
 20
380.65846621733004
 10
216.6884800757831
 20
380.5220470562034
 10
216.76885483818907
 20
380.3930976773578
 10
216.86186281596082
 20
380.27294127591665
 10
216.96654962138646
 20
380.16281081915633
 10
217.0818410261785
 20
380.06383639459347
 10
217.20655398450955
 20
379.9770336137579
 10
217.33940877266355
 20
379.9032931906439
 10
217.47904212073277
 20
379.84337180177937
 10
217.62402120161192
 20
379.7978843217007
 10
217.77285833374313
 20
379.76729751350786
 10
217.92402624674193
 20
379.7519252392434
 10
218.07597375325807
 20
379.7519252392434
 10
218.22714166625687
 20
379.76729751350786
 10
218.37597879838808
 20
379.7978843217007
 10
218.52095787926723
 20
379.84337180177937
 10
218.66059122733645
 20
379.90329319064386
 10
218.79344601549045
 20
379.97703361375784
 10
218.9181589738215
 20
380.06383639459347
 10
219.03345037861354
 20
380.16281081915633
 10
219.13813718403918
 20
380.27294127591665
 10
219.2311451618109
 20
380.3930976773578
 10
219.31151992421687
 20
380.5220470562034
 10
219.37843671743036
 20
380.65846621733004
 10
219.43120888460007
 20
380.80095531553997
 10
219.46929491187873
 20
380.948052219867
 10
219.49230398508786
 20
381.0982475170189
  0
LWPOLYLINE
  5
7C
330
17
100
AcDbEntity
  8
CORTE
100
AcDbPolyline
 90
50
 70
1
 10
218.75
 20
360.5
 10
218.74211470131448
 20
360.62533323356433
 10
218.71858316112863
 20
360.74868988716486
 10
218.67977648588825
 20
360.86812455268466
 10
218.62630668004385
 20
360.9817536741017
 10
218.55901699437496
 20
361.08778525229246
 10
218.4789686274214
 20
361.1845471059287
 10
218.3874239897487
 20
361.2705132427758
 10
218.285826794979
 20
361.344327925502
 10
218.17577929156508
 20
361.40482705246603
 10
218.05901699437496
 20
361.4510565162951
 10
217.9373813145857
 20
361.4822872507287
 10
217.8127905195293
 20
361.4980267284283
 10
217.6872094804707
 20
361.4980267284283
 10
217.56261868541426
 20
361.4822872507287
 10
217.44098300562504
 20
361.4510565162951
 10
217.32422070843492
 20
361.40482705246603
 10
217.214173205021
 20
361.344327925502
 10
217.1125760102513
 20
361.2705132427758
 10
217.0210313725786
 20
361.1845471059287
 10
216.94098300562504
 20
361.08778525229246
 10
216.87369331995615
 20
360.9817536741017
 10
216.82022351411175
 20
360.86812455268466
 10
216.78141683887137
 20
360.74868988716486
 10
216.75788529868552
 20
360.62533323356433
 10
216.75
 20
360.5
 10
216.75788529868552
 20
360.37466676643567
 10
216.78141683887137
 20
360.25131011283514
 10
216.82022351411175
 20
360.13187544731534
 10
216.87369331995615
 20
360.0182463258983
 10
216.94098300562504
 20
359.91221474770754
 10
217.0210313725786
 20
359.8154528940713
 10
217.1125760102513
 20
359.7294867572242
 10
217.214173205021
 20
359.655672074498
 10
217.32422070843492
 20
359.59517294753397
 10
217.44098300562504
 20
359.5489434837049
 10
217.56261868541426
 20
359.5177127492713
 10
217.6872094804707
 20
359.5019732715717
 10
217.8127905195293
 20
359.5019732715717
 10
217.93738131458574
 20
359.5177127492713
 10
218.05901699437496
 20
359.5489434837049
 10
218.17577929156508
 20
359.59517294753397
 10
218.285826794979
 20
359.655672074498
 10
218.3874239897487
 20
359.7294867572242
 10
218.4789686274214
 20
359.8154528940713
 10
218.55901699437496
 20
359.91221474770754
 10
218.62630668004385
 20
360.0182463258983
 10
218.67977648588825
 20
360.13187544731534
 10
218.71858316112863
 20
360.25131011283514
 10
218.74211470131448
 20
360.3746667664357
  0
LWPOLYLINE
  5
7D
330
17
100
AcDbEntity
  8
CORTE
100
AcDbPolyline
 90
50
 70
1
 10
218.75
 20
331.5
 10
218.74211470131448
 20
331.62533323356433
 10
218.71858316112863
 20
331.74868988716486
 10
218.67977648588825
 20
331.86812455268466
 10
218.62630668004385
 20
331.9817536741017
 10
218.55901699437496
 20
332.08778525229246
 10
218.4789686274214
 20
332.1845471059287
 10
218.3874239897487
 20
332.2705132427758
 10
218.285826794979
 20
332.344327925502
 10
218.17577929156508
 20
332.40482705246603
 10
218.05901699437496
 20
332.4510565162951
 10
217.9373813145857
 20
332.4822872507287
 10
217.8127905195293
 20
332.4980267284283
 10
217.6872094804707
 20
332.4980267284283
 10
217.56261868541426
 20
332.4822872507287
 10
217.44098300562504
 20
332.4510565162951
 10
217.32422070843492
 20
332.40482705246603
 10
217.214173205021
 20
332.344327925502
 10
217.1125760102513
 20
332.2705132427758
 10
217.0210313725786
 20
332.1845471059287
 10
216.94098300562504
 20
332.08778525229246
 10
216.87369331995615
 20
331.9817536741017
 10
216.82022351411175
 20
331.86812455268466
 10
216.78141683887137
 20
331.74868988716486
 10
216.75788529868552
 20
331.62533323356433
 10
216.75
 20
331.5
 10
216.75788529868552
 20
331.3746667664357
 10
216.78141683887137
 20
331.25131011283514
 10
216.82022351411175
 20
331.13187544731534
 10
216.87369331995615
 20
331.0182463258983
 10
216.94098300562504
 20
330.91221474770754
 10
217.0210313725786
 20
330.8154528940713
 10
217.1125760102513
 20
330.7294867572242
 10
217.214173205021
 20
330.655672074498
 10
217.32422070843492
 20
330.59517294753397
 10
217.44098300562504
 20
330.5489434837049
 10
217.56261868541426
 20
330.5177127492713
 10
217.6872094804707
 20
330.5019732715717
 10
217.8127905195293
 20
330.5019732715717
 10
217.93738131458574
 20
330.5177127492713
 10
218.05901699437496
 20
330.5489434837049
 10
218.17577929156508
 20
330.59517294753397
 10
218.285826794979
 20
330.655672074498
 10
218.3874239897487
 20
330.7294867572242
 10
218.4789686274214
 20
330.8154528940713
 10
218.55901699437496
 20
330.91221474770754
 10
218.62630668004385
 20
331.0182463258983
 10
218.67977648588825
 20
331.13187544731534
 10
218.71858316112863
 20
331.25131011283514
 10
218.74211470131448
 20
331.3746667664357
  0
LWPOLYLINE
  5
7E
330
17
100
AcDbEntity
  8
CORTE
100
AcDbPolyline
 90
4
 70
1
 10
211.5
 20
357.5
 10
211.5
 20
334.5
 10
224.0
 20
334.5
 10
224.0
 20
357.5
  0
LWPOLYLINE
  5
7F
330
17
100
AcDbEntity
  8
CORTE
100
AcDbPolyline
 90
735
 70
1
 10
246.498088782096
 20
326.0
 10
246.498088782096
 20
353.39941620011643
 10
246.34264310837682
 20
353.00830319007446
 10
246.29342829500752
 20
352.8864097343646
 10
246.2389552098879
 20
352.7807373314264
 10
246.15468563447007
 20
352.64343946508683
 10
246.04671219183288
 20
352.4894974739639
 10
245.91773061155016
 20
352.32525599522455
 10
245.76944877107726
 20
352.1545216167325
 10
245.6031290808044
 20
351.9799393253573
 10
245.41978870915727
 20
351.8035033087038
 10
245.22029341028446
 20
351.626797969204
 10
245.00540775358365
 20
351.45112801655796
 10
244.77582475630032
 20
351.2775959813191
 10
244.53218459057678
 20
351.1071517022863
 10
244.27508722112847
 20
350.9406255135669
 10
244.0051033692401
 20
350.7787501859565
 10
243.7227821832282
 20
350.62217708399027
 10
243.42843025440422
 20
350.471619168553
 10
242.97302369905339
 20
350.71689608325954
 10
242.52506508304262
 20
350.97552511079914
 10
242.08494576626953
 20
351.24728029942963
 10
242.0677972781503
 20
351.5884633963361
 10
242.0626076307902
 20
351.9217163505567
 10
242.06890106560002
 20
352.2463267749146
 10
242.08634796578065
 20
352.56140721805184
 10
242.11455347290493
 20
352.8659986269496
 10
242.15304189379407
 20
353.15905415053004
 10
242.20123855292957
 20
353.4394143247064
 10
242.25844129814837
 20
353.7057721614036
 10
242.3237769962277
 20
353.95661987091466
 10
242.39613136240192
 20
354.1901622853932
 10
242.4740265345304
 20
354.4041647894274
 10
242.5553805117735
 20
354.5956528469783
 10
242.6369446067162
 20
354.7602061503156
 10
242.7124629038202
 20
354.889641212762
 10
242.7431966679221
 20
354.93511043683736
 10
242.8264770216429
 20
355.04169263641404
 10
243.51200983322752
 20
355.90814806574025
 10
243.5827847611223
 20
356.00938911688615
 10
243.6410031630568
 20
356.118336161508
 10
243.68583691405155
 20
356.2334394873826
 10
243.71664827847843
 20
356.35306181254725
 10
243.73299898150194
 20
356.4755015747419
 10
243.7346564432992
 20
356.59901713520304
 10
243.72159708738116
 20
356.7218515525243
 10
243.69400667595522
 20
356.84225757418847
 10
243.65227766755913
 20
356.9585224902807
 10
243.59700363455275
 20
357.06899249585166
 10
243.54133619407997
 20
357.1552376575678
 10
243.4774049034344
 20
357.2355488144803
 10
243.40583774621143
 20
357.3091370870192
 10
243.10119575550573
 20
357.60310697340975
 10
242.8072258691152
 20
357.9077489641154
 10
242.71392445841133
 20
357.9962381226262
 10
242.6103769330143
 20
358.0724837414999
 10
242.49817943191948
 20
358.135310528473
 10
242.37906142964587
 20
358.1837500366003
 10
242.25485907715648
 20
358.21705559243384
 10
242.1274868984089
 20
358.23471380566093
 10
241.998908278821
 20
358.2364524827877
 10
241.87110520055901
 20
358.2222448228805
 10
241.74604769116493
 20
358.19230983069025
 10
241.62566345645928
 20
358.14710894079184
 10
241.51180816581413
 20
358.0873389047755
 10
241.40623684783623
 20
358.01392105113155
 10
240.53978141851005
 20
357.3283882395469
 10
240.43319921893337
 20
357.2451078858261
 10
240.387729994858
 20
357.21437412172423
 10
240.25829493241162
 20
357.13885582462024
 10
240.0937416290743
 20
357.0572917296775
 10
239.9022535715234
 20
356.9759377524344
 10
239.6882510674892
 20
356.8980425803059
 10
239.45470865301067
 20
356.82568821413173
 10
239.20386094349965
 20
356.76035251605236
 10
238.93750310680238
 20
356.7031497708336
 10
238.65714293262602
 20
356.6549531116981
 10
238.36408740904562
 20
356.6164646908089
 10
238.05949600014785
 20
356.5882591836846
 10
237.74441555701065
 20
356.57081228350404
 10
237.41980513265273
 20
356.5645188486942
 10
237.0865521784321
 20
356.5697084960543
 10
236.74536908152567
 20
356.58685698417344
 10
236.47361389289523
 20
357.0269763009465
 10
236.21498486535558
 20
357.47493491695735
 10
235.96970795064902
 20
357.93034147230816
 10
236.1254484727545
 20
358.2343889456306
 10
236.2875805834143
 20
358.5255892935519
 10
236.45533607001562
 20
358.8035634499742
 10
236.62798575035794
 20
359.0677076678764
 10
236.8047081405031
 20
359.31738881219417
 10
236.98456785253484
 20
359.5519381298896
 10
237.1664874708119
 20
359.770638833368
 10
237.3492054196862
 20
359.97271011383555
 10
237.53121164875242
 20
360.15728275371356
 10
237.71064357517326
 20
360.323359234426
 10
237.88510402508578
 20
360.46974325332883
 10
238.05130266485267
 20
360.59489978706773
 10
238.2042158947784
 20
360.6966250805631
 10
238.3343341897442
 20
360.7709599842301
 10
238.38368502224805
 20
360.79497060531884
 10
238.50909902399474
 20
360.84563332088305
 10
239.5360155686179
 20
361.25323932813416
 10
239.64792897969875
 20
361.305529186385
 10
239.7528211170527
 20
361.37077089372747
 10
239.8491999472984
 20
361.4480364224976
 10
239.93569453419965
 20
361.5362267127365
 10
240.01107453948504
 20
361.63408730571865
 10
240.07426772373785
 20
361.740226187942
 10
240.1243751984164
 20
361.8531335917603
 10
240.16068421205276
 20
361.9712034710031
 10
240.1826782887531
 20
362.09275634610583
 10
240.19004457478545
 20
362.2160631937897
 10
240.18495773803045
 20
362.3185874150258
 10
240.1697471946909
 20
362.42010456244213
 10
240.1445623547286
 20
362.5196174544929
 10
240.0277195949133
 20
362.9265238394076
 10
239.92545520070428
 20
363.33733648561343
 10
239.8888983880812
 20
363.46062105019524
 10
239.8373464100252
 20
363.5784254557656
 10
239.7715939173225
 20
363.6889337998698
 10
239.69265445536917
 20
363.7904426455917
 10
239.60174484082032
 20
363.88138727927543
 10
239.50026640490307
 20
363.96036582988927
 10
239.3897833925198
 20
364.026160878244
 10
239.2719988501095
 20
364.077758222967
 10
239.1487283739451
 20
364.1143625139652
 10
239.0218721235256
 20
364.13540951239236
 10
238.89338553146354
 20
364.1405747881397
 10
238.76524916136168
 20
364.12977872078164
 10
237.6721103425259
 20
363.96931760548466
 10
237.53816727324093
 20
363.9504858033147
 10
237.48342288805034
 20
363.94660419488616
 10
237.33356968727932
 20
363.9459209623668
 10
237.1502802988412
 20
363.9575610357784
 10
236.94376978785925
 20
363.9828504535624
 10
236.71949059682794
 20
364.02239250768406
 10
236.48105974994124
 20
364.07650299574175
 10
236.2311514119839
 20
364.14534447618655
 10
235.9718773862976
 20
364.22898436400953
 10
235.7049800236837
 20
364.3274249199088
 10
235.43194228509915
 20
364.44062073145744
 10
235.154055633657
 20
364.5684897502101
 10
234.87246451557425
 20
364.71092051300496
 10
234.58819692434213
 20
364.8677754507616
 10
234.3021862237809
 20
365.0388962943224
 10
234.01528723857763
 20
365.2243388691233
 10
234.0
 20
365.7413709724603
 10
234.0
 20
366.2586290275396
 10
234.01528723857766
 20
366.77566113087664
 10
234.3021862237809
 20
366.9611037056776
 10
234.58819692434213
 20
367.1322245492384
 10
234.87246451557425
 20
367.28907948699504
 10
235.154055633657
 20
367.4315102497899
 10
235.43194228509915
 20
367.55937926854256
 10
235.7049800236837
 20
367.6725750800912
 10
235.9718773862976
 20
367.77101563599047
 10
236.2311514119839
 20
367.85465552381345
 10
236.48105974994124
 20
367.92349700425825
 10
236.71949059682794
 20
367.97760749231594
 10
236.94376978785925
 20
368.0171495464376
 10
237.1502802988412
 20
368.0424389642216
 10
237.33356968727932
 20
368.0540790376332
 10
237.48342288805034
 20
368.0533958051138
 10
237.53816727324093
 20
368.0495141966853
 10
237.67211034252594
 20
368.03068239451534
 10
238.76524916136168
 20
367.87022127921836
 10
238.8883139475073
 20
367.8595489192834
 10
239.0117740567843
 20
367.8636038265513
 10
239.13387333654913
 20
367.88232832218023
 10
239.25287499121492
 20
367.9154560604436
 10
239.36708628722056
 20
367.9625158173528
 10
239.47488263124123
 20
368.0228381935612
 10
239.57473067914148
 20
368.0955651362039
 10
239.66521014695832
 20
368.1796621442317
 10
239.74503401366496
 20
368.2739329836236
 10
239.81306682834247
 20
368.3770367031622
 10
239.85992360910575
 20
368.4683687016334
 10
239.8975094658765
 20
368.56389040188543
 10
239.9254552007043
 20
368.66266351438657
 10
240.0277195949133
 20
369.07347616059246
 10
240.1445623547286
 20
369.4803825455071
 10
240.1745455086065
 20
369.605428516641
 10
240.1888023887799
 20
369.73322611357065
 10
240.1871132317893
 20
369.8618053932464
 10
240.16950407523763
 20
369.9891843633271
 10
240.13624635643188
 20
370.11339953370947
 10
240.08785272829817
 20
370.2325361828538
 10
240.02506915706502
 20
370.34475787236386
 10
239.94886342352606
 20
370.44833475486695
 10
239.86041020513017
 20
370.5416702388411
 10
239.76107296885164
 20
370.62332559936215
 10
239.65238295395386
 20
370.692042155408
 10
239.5360155686179
 20
370.74676067186584
 10
238.50909902399474
 20
371.15436667911695
 10
238.38368502224805
 20
371.20502939468116
 10
238.3343341897442
 20
371.2290400157699
 10
238.2042158947784
 20
371.3033749194369
 10
238.05130266485267
 20
371.4051002129323
 10
237.88510402508578
 20
371.53025674667117
 10
237.71064357517326
 20
371.676640765574
 10
237.53121164875245
 20
371.84271724628644
 10
237.3492054196862
 20
372.02728988616445
 10
237.1664874708119
 20
372.229361166632
 10
236.98456785253484
 20
372.4480618701104
 10
236.80470814050312
 20
372.6826111878058
 10
236.62798575035794
 20
372.9322923321236
 10
236.45533607001568
 20
373.19643655002574
 10
236.28758058341433
 20
373.4744107064481
 10
236.1254484727545
 20
373.7656110543694
 10
235.969707950649
 20
374.0696585276918
 10
236.21498486535552
 20
374.52506508304253
 10
236.47361389289517
 20
374.9730236990534
 10
236.74536908152567
 20
375.4131430158265
 10
237.0865521784321
 20
375.43029150394574
 10
237.41980513265273
 20
375.4354811513058
 10
237.74441555701068
 20
375.42918771649596
 10
238.05949600014785
 20
375.41174081631533
 10
238.36408740904562
 20
375.3835353091911
 10
238.65714293262602
 20
375.3450468883019
 10
238.93750310680238
 20
375.2968502291664
 10
239.20386094349965
 20
375.23964748394764
 10
239.45470865301067
 20
375.17431178586827
 10
239.6882510674892
 20
375.1019574196941
 10
239.9022535715234
 20
375.0240622475656
 10
240.0937416290743
 20
374.9427082703225
 10
240.25829493241162
 20
374.86114417537976
 10
240.387729994858
 20
374.78562587827577
 10
240.4331992189334
 20
374.7548921141739
 10
240.53978141851005
 20
374.6716117604531
 10
241.40623684783625
 20
373.98607894886845
 10
241.50747789898216
 20
373.9153040209737
 10
241.61642494360402
 20
373.8570856190392
 10
241.7315282694786
 20
373.8122518680444
 10
241.85115059464326
 20
373.78144050361755
 10
241.97359035683792
 20
373.76508980059407
 10
242.09710591729907
 20
373.7634323387968
 10
242.21994033462033
 20
373.7764916947148
 10
242.3403463562845
 20
373.80408210614075
 10
242.45661127237668
 20
373.84581111453684
 10
242.56708127794766
 20
373.90108514754326
 10
242.65332643966383
 20
373.956752588016
 10
242.73363759657633
 20
374.0206838786616
 10
242.8072258691152
 20
374.09225103588454
 10
243.10119575550573
 20
374.39689302659025
 10
243.40583774621143
 20
374.6908629129808
 10
243.49432690472221
 20
374.7841643236847
 10
243.5705725235959
 20
374.8877118490817
 10
243.63339931056896
 20
374.9999093501765
 10
243.68183881869632
 20
375.11902735245013
 10
243.7151443745298
 20
375.24322970493955
 10
243.73280258775688
 20
375.37060188368713
 10
243.73454126488366
 20
375.499180503275
 10
243.72033360497647
 20
375.626983581537
 10
243.69039861278623
 20
375.7520410909311
 10
243.64519772288781
 20
375.87242532563675
 10
243.5854276868715
 20
375.9862806162819
 10
243.51200983322752
 20
376.09185193425975
 10
242.8264770216429
 20
376.95830736358596
 10
242.7431966679221
 20
377.06488956316264
 10
242.7124629038202
 20
377.110358787238
 10
242.63694460671624
 20
377.2397938496844
 10
242.5553805117735
 20
377.4043471530217
 10
242.4740265345304
 20
377.5958352105726
 10
242.39613136240192
 20
377.8098377146068
 10
242.3237769962277
 20
378.04338012908534
 10
242.25844129814837
 20
378.2942278385964
 10
242.2012385529296
 20
378.5605856752936
 10
242.15304189379407
 20
378.84094584946996
 10
242.11455347290493
 20
379.13400137305035
 10
242.08634796578065
 20
379.43859278194816
 10
242.06890106560004
 20
379.7536732250853
 10
242.06260763079024
 20
380.0782836494433
 10
242.0677972781503
 20
380.4115366036639
 10
242.08494576626947
 20
380.7527197005703
 10
242.5250650830426
 20
381.0244748892008
 10
242.9730236990534
 20
381.28310391674046
 10
243.42843025440422
 20
381.528380831447
 10
243.7324777277266
 20
381.3726403093415
 10
244.02367807564792
 20
381.2105081986817
 10
244.30165223207024
 20
381.04275271208036
 10
244.56579644997237
 20
380.87010303173804
 10
244.8154775942902
 20
380.6933806415929
 10
245.0500269119856
 20
380.5135209295612
 10
245.268727615464
 20
380.3316013112841
 10
245.47079889593152
 20
380.1488833624098
 10
245.65537153580954
 20
379.9668771333436
 10
245.821448016522
 20
379.7874452069227
 10
245.96783203542486
 20
379.6129847570102
 10
246.0929885691637
 20
379.44678611724333
 10
246.1947138626591
 20
379.2938728873176
 10
246.26904876632614
 20
379.1637545923518
 10
246.29305938741481
 20
379.11440375984796
 10
246.34372210297906
 20
378.9889897581013
 10
246.75132811023016
 20
377.9620732134781
 10
246.80361796848098
 20
377.85015980239723
 10
246.8688596758235
 20
377.7452676650433
 10
246.94612520459356
 20
377.6488888347976
 10
247.03431549483247
 20
377.56239424789635
 10
247.13217608781463
 20
377.48701424261094
 10
247.23831497003803
 20
377.42382105835816
 10
247.35122237385633
 20
377.37371358367955
 10
247.46929225309907
 20
377.33740457004325
 10
247.59084512820183
 20
377.3154104933429
 10
247.7141519758857
 20
377.3080442073105
 10
247.81667619712178
 20
377.3131310440655
 10
247.9181933445381
 20
377.3283415874051
 10
248.01770623658888
 20
377.35352642736734
 10
248.42461262150357
 20
377.47036918718265
 10
248.8354252677094
 20
377.5726335813917
 10
248.9587098322912
 20
377.6091903940148
 10
249.0765142378616
 20
377.6607423720708
 10
249.18702258196583
 20
377.7264948647735
 10
249.28853142768776
 20
377.8054343267268
 10
249.3794760613714
 20
377.89634394127563
 10
249.4584546119853
 20
377.9978223771929
 10
249.52424966034002
 20
378.1083053895762
 10
249.57584700506305
 20
378.2260899319865
 10
249.61245129606124
 20
378.3493604081509
 10
249.6334982944884
 20
378.47621665857037
 10
249.63866357023574
 20
378.60470325063244
 10
249.62786750287765
 20
378.7328396207343
 10
249.46740638758067
 20
379.82597843957006
 10
249.44857458541065
 20
379.9599215088551
 10
249.4446929769822
 20
380.01466589404566
 10
249.4440097444628
 20
380.1645190948167
 10
249.4556498178744
 20
380.34780848325477
 10
249.48093923565838
 20
380.5543189942367
 10
249.52048128978007
 20
380.7785981852681
 10
249.57459177783775
 20
381.01702903215477
 10
249.64343325828256
 20
381.2669373701121
 10
249.7270731461055
 20
381.5262113957984
 10
249.8255137020048
 20
381.7931087584123
 10
249.93870951355348
 20
382.06614649699685
 10
250.0665785323061
 20
382.344033148439
 10
250.20900929510097
 20
382.62562426652175
 10
250.3658642328576
 20
382.90989185775385
 10
250.5369850764184
 20
383.1959025583151
 10
250.7224276512193
 20
383.48280154351835
 10
251.23945975455626
 20
383.498088782096
 10
251.7567178096356
 20
383.498088782096
 10
252.27374991297265
 20
383.48280154351835
 10
252.4591924877736
 20
383.1959025583151
 10
252.6303133313344
 20
382.90989185775385
 10
252.78716826909104
 20
382.62562426652175
 10
252.9295990318859
 20
382.344033148439
 10
253.05746805063853
 20
382.06614649699685
 10
253.1706638621872
 20
381.7931087584123
 10
253.2691044180865
 20
381.5262113957984
 10
253.35274430590945
 20
381.2669373701121
 10
253.42158578635426
 20
381.01702903215477
 10
253.47569627441194
 20
380.7785981852681
 10
253.5152383285336
 20
380.5543189942367
 10
253.54052774631762
 20
380.34780848325477
 10
253.5521678197292
 20
380.1645190948167
 10
253.5514845872098
 20
380.01466589404566
 10
253.54760297878136
 20
379.9599215088551
 10
253.52877117661134
 20
379.82597843957006
 10
253.36831006131433
 20
378.7328396207343
 10
253.35763770137942
 20
378.6097748345887
 10
253.36169260864733
 20
378.4863147253117
 10
253.38041710427623
 20
378.36421544554685
 10
253.4135448425396
 20
378.24521379088105
 10
253.46060459944886
 20
378.1310024948754
 10
253.5209269756572
 20
378.0232061508548
 10
253.5936539182999
 20
377.92335810295447
 10
253.67775092632775
 20
377.8328786351377
 10
253.77202176571956
 20
377.753054768431
 10
253.8751254852582
 20
377.6850219537535
 10
253.96645748372936
 20
377.6381651729902
 10
254.0619791839814
 20
377.60057931621947
 10
254.1607522964826
 20
377.5726335813917
 10
254.57156494268844
 20
377.47036918718265
 10
254.97847132760313
 20
377.35352642736734
 10
255.103517298737
 20
377.32354327348946
 10
255.23131489566669
 20
377.3092863933161
 10
255.35989417534245
 20
377.3109755503067
 10
255.48727314542313
 20
377.32858470685835
 10
255.6114883158055
 20
377.3618424256641
 10
255.7306249649498
 20
377.4102360537978
 10
255.84284665445983
 20
377.473019625031
 10
255.94642353696298
 20
377.5492253585699
 10
256.03975902093714
 20
377.6376785769658
 10
256.1214143814582
 20
377.73701581324434
 10
256.19013093750397
 20
377.8457058281421
 10
256.2448494539619
 20
377.9620732134781
 10
256.652455461213
 20
378.9889897581013
 10
256.7031181767772
 20
379.11440375984796
 10
256.7271287978659
 20
379.1637545923518
 10
256.8014637015329
 20
379.2938728873176
 10
256.9031889950283
 20
379.44678611724333
 10
257.02834552876715
 20
379.6129847570102
 10
257.17472954767
 20
379.7874452069227
 10
257.3408060283825
 20
379.9668771333436
 10
257.5253786682605
 20
380.1488833624098
 10
257.727449948728
 20
380.3316013112841
 10
257.94615065220637
 20
380.51352092956114
 10
258.1806999699018
 20
380.6933806415929
 10
258.43038111421964
 20
380.87010303173804
 10
258.69452533212177
 20
381.04275271208036
 10
258.9724994885441
 20
381.2105081986817
 10
259.2636998364654
 20
381.3726403093415
 10
259.5677473097878
 20
381.528380831447
 10
260.02315386513857
 20
381.2831039167405
 10
260.47111248114936
 20
381.0244748892008
 10
260.91123179792254
 20
380.7527197005703
 10
260.9283802860417
 20
380.4115366036639
 10
260.93356993340177
 20
380.0782836494433
 10
260.927276498592
 20
379.7536732250853
 10
260.90982959841136
 20
379.43859278194816
 10
260.88162409128705
 20
379.13400137305035
 10
260.84313567039794
 20
378.84094584946996
 10
260.7949390112624
 20
378.5605856752936
 10
260.7377362660436
 20
378.2942278385963
 10
260.6724005679643
 20
378.04338012908534
 10
260.60004620179006
 20
377.8098377146068
 10
260.5221510296616
 20
377.5958352105726
 10
260.4407970524185
 20
377.4043471530217
 10
260.3592329574758
 20
377.2397938496844
 10
260.2837146603718
 20
377.110358787238
 10
260.2529808962699
 20
377.06488956316264
 10
260.1697005425491
 20
376.95830736358596
 10
259.4841677309645
 20
376.09185193425975
 10
259.41339280306966
 20
375.99061088311385
 10
259.3551744011352
 20
375.881663838492
 10
259.31034065014046
 20
375.7665605126174
 10
259.2795292857135
 20
375.64693818745275
 10
259.26317858269005
 20
375.5244984252581
 10
259.2615211208928
 20
375.4009828647969
 10
259.2745804768108
 20
375.2781484474757
 10
259.3021708882368
 20
375.15774242581153
 10
259.3438998966329
 20
375.0414775097193
 10
259.39917392963923
 20
374.93100750414834
 10
259.45484137011204
 20
374.84476234243215
 10
259.5187726607576
 20
374.76445118551965
 10
259.5903398179806
 20
374.6908629129808
 10
259.8949818086863
 20
374.39689302659025
 10
260.1889516950768
 20
374.0922510358846
 10
260.2822531057807
 20
374.0037618773738
 10
260.3858006311777
 20
373.9275162585001
 10
260.4979981322725
 20
373.8646894715271
 10
260.6171161345461
 20
373.8162499633997
 10
260.7413184870355
 20
373.78294440756616
 10
260.8686906657831
 20
373.7652861943391
 10
260.997269285371
 20
373.7635475172123
 10
261.12507236363297
 20
373.7777551771195
 10
261.25012987302705
 20
373.80769016930975
 10
261.37051410773273
 20
373.85289105920816
 10
261.48436939837785
 20
373.9126610952245
 10
261.5899407163558
 20
373.98607894886845
 10
262.45639614568194
 20
374.6716117604531
 10
262.5629783452586
 20
374.7548921141739
 10
262.608447569334
 20
374.78562587827577
 10
262.7378826317804
 20
374.86114417537976
 10
262.9024359351177
 20
374.9427082703225
 10
263.09392399266864
 20
375.0240622475656
 10
263.3079264967028
 20
375.1019574196941
 10
263.5414689111813
 20
375.17431178586827
 10
263.79231662069236
 20
375.23964748394764
 10
264.0586744573896
 20
375.2968502291664
 10
264.339034631566
 20
375.3450468883019
 10
264.6320901551464
 20
375.3835353091911
 10
264.9366815640442
 20
375.41174081631533
 10
265.25176200718136
 20
375.42918771649596
 10
265.57637243153926
 20
375.4354811513058
 10
265.9096253857599
 20
375.4302915039457
 10
266.25080848266634
 20
375.41314301582656
 10
266.5225636712968
 20
374.97302369905344
 10
266.7811926988365
 20
374.5250650830426
 10
267.02646961354304
 20
374.0696585276918
 10
266.8707290914375
 20
373.7656110543694
 10
266.7085969807777
 20
373.4744107064481
 10
266.5408414941764
 20
373.19643655002574
 10
266.3681918138341
 20
372.9322923321236
 10
266.1914694236889
 20
372.6826111878058
 10
266.0116097116572
 20
372.4480618701104
 10
265.8296900933801
 20
372.229361166632
 10
265.6469721445058
 20
372.02728988616445
 10
265.46496591543956
 20
371.84271724628644
 10
265.28553398901875
 20
371.676640765574
 10
265.1110735391062
 20
371.53025674667117
 10
264.94487489933937
 20
371.40510021293227
 10
264.7919616694136
 20
371.3033749194369
 10
264.6618433744478
 20
371.2290400157699
 10
264.61249254194394
 20
371.20502939468116
 10
264.4870785401973
 20
371.15436667911695
 10
263.4601619955741
 20
370.74676067186584
 10
263.34824858449326
 20
370.694470813615
 10
263.2433564471393
 20
370.62922910627253
 10
263.14697761689365
 20
370.5519635775024
 10
263.0604830299924
 20
370.4637732872635
 10
262.985103024707
 20
370.36591269428135
 10
262.92190984045413
 20
370.259773812058
 10
262.8718023657756
 20
370.1468664082397
 10
262.8354933521392
 20
370.0287965289969
 10
262.8134992754389
 20
369.90724365389417
 10
262.80613298940654
 20
369.7839368062103
 10
262.81121982616156
 20
369.6814125849742
 10
262.8264303695011
 20
369.57989543755787
 10
262.8516152094634
 20
369.4803825455071
 10
262.9684579692787
 20
369.0734761605924
 10
263.0707223634877
 20
368.66266351438657
 10
263.1072791761108
 20
368.5393789498048
 10
263.15883115416676
 20
368.4215745442344
 10
263.22458364686946
 20
368.3110662001302
 10
263.3035231088228
 20
368.2095573544082
 10
263.39443272337166
 20
368.11861272072457
 10
263.4959111592889
 20
368.0396341701107
 10
263.60639417167215
 20
367.973839121756
 10
263.7241787140825
 20
367.9222417770329
 10
263.8474491902469
 20
367.88563748603474
 10
263.97430544066634
 20
367.86459048760764
 10
264.1027920327285
 20
367.8594252118603
 10
264.23092840283033
 20
367.87022127921836
 10
265.3240672216661
 20
368.03068239451534
 10
265.4580102909511
 20
368.0495141966853
 10
265.51275467614164
 20
368.0533958051138
 10
265.66260787691266
 20
368.0540790376332
 10
265.8458972653508
 20
368.0424389642216
 10
266.05240777633276
 20
368.0171495464376
 10
266.27668696736407
 20
367.97760749231594
 10
266.51511781425074
 20
367.92349700425825
 10
266.7650261522081
 20
367.85465552381345
 10
267.0243001778944
 20
367.77101563599047
 10
267.2911975405083
 20
367.6725750800912
 10
267.5642352790928
 20
367.55937926854256
 10
267.842121930535
 20
367.4315102497899
 10
268.12371304861773
 20
367.28907948699504
 10
268.4079806398499
 20
367.1322245492384
 10
268.6939913404111
 20
366.9611037056776
 10
268.9808903256144
 20
366.77566113087664
 10
268.996177564192
 20
366.25862902753965
 10
268.996177564192
 20
365.74137097246035
 10
268.9808903256143
 20
365.2243388691233
 10
268.6939913404111
 20
365.0388962943224
 10
268.4079806398499
 20
364.86777545076154
 10
268.12371304861773
 20
364.71092051300496
 10
267.842121930535
 20
364.56848975021006
 10
267.5642352790928
 20
364.44062073145744
 10
267.2911975405083
 20
364.32742491990876
 10
267.0243001778944
 20
364.22898436400953
 10
266.7650261522081
 20
364.14534447618655
 10
266.51511781425074
 20
364.07650299574175
 10
266.27668696736407
 20
364.02239250768406
 10
266.05240777633276
 20
363.9828504535624
 10
265.8458972653508
 20
363.9575610357784
 10
265.66260787691266
 20
363.9459209623668
 10
265.51275467614164
 20
363.94660419488616
 10
265.45801029095105
 20
363.9504858033146
 10
265.3240672216661
 20
363.96931760548466
 10
264.23092840283033
 20
364.12977872078164
 10
264.1078636166847
 20
364.14045108071656
 10
263.9844035074077
 20
364.13639617344865
 10
263.8623042276429
 20
364.11767167781977
 10
263.7433025729771
 20
364.0845439395564
 10
263.62909127697145
 20
364.0374841826471
 10
263.52129493295075
 20
363.97716180643874
 10
263.4214468850505
 20
363.90443486379604
 10
263.3309674172337
 20
363.82033785576823
 10
263.25114355052705
 20
363.7260670163764
 10
263.18311073584954
 20
363.6229632968378
 10
263.13625395508626
 20
363.5316312983666
 10
263.0986680983155
 20
363.43610959811457
 10
263.0707223634877
 20
363.3373364856134
 10
262.9684579692787
 20
362.92652383940754
 10
262.8516152094634
 20
362.5196174544929
 10
262.8216320555855
 20
362.394571483359
 10
262.8073751754121
 20
362.26677388642935
 10
262.8090643324027
 20
362.1381946067536
 10
262.8266734889544
 20
362.0108156366729
 10
262.8599312077601
 20
361.88660046629053
 10
262.90832483589384
 20
361.7674638171462
 10
262.97110840712696
 20
361.65524212763614
 10
263.04731414066595
 20
361.55166524513305
 10
263.13576735906184
 20
361.4583297611589
 10
263.2351045953404
 20
361.37667440063785
 10
263.34379461023815
 20
361.307957844592
 10
263.4601619955741
 20
361.25323932813416
 10
264.4870785401973
 20
360.84563332088305
 10
264.61249254194394
 20
360.79497060531884
 10
264.6618433744478
 20
360.7709599842301
 10
264.7919616694136
 20
360.6966250805631
 10
264.9448748993393
 20
360.5948997870677
 10
265.1110735391062
 20
360.46974325332883
 10
265.28553398901875
 20
360.323359234426
 10
265.46496591543956
 20
360.1572827537135
 10
265.6469721445058
 20
359.9727101138355
 10
265.8296900933801
 20
359.770638833368
 10
266.0116097116572
 20
359.5519381298896
 10
266.1914694236889
 20
359.31738881219417
 10
266.3681918138341
 20
359.06770766787633
 10
266.54084149417633
 20
358.8035634499742
 10
266.7085969807777
 20
358.5255892935519
 10
266.8707290914375
 20
358.2343889456306
 10
267.026469613543
 20
357.9303414723082
 10
266.7811926988365
 20
357.4749349169574
 10
266.5225636712968
 20
357.02697630094656
 10
266.2508084826663
 20
356.58685698417344
 10
265.9096253857599
 20
356.56970849605426
 10
265.57637243153926
 20
356.5645188486942
 10
265.25176200718136
 20
356.57081228350404
 10
264.93668156404414
 20
356.5882591836846
 10
264.6320901551464
 20
356.6164646908089
 10
264.339034631566
 20
356.6549531116981
 10
264.0586744573896
 20
356.7031497708336
 10
263.79231662069236
 20
356.76035251605236
 10
263.5414689111813
 20
356.82568821413173
 10
263.3079264967028
 20
356.8980425803059
 10
263.0939239926686
 20
356.9759377524344
 10
262.9024359351177
 20
357.0572917296775
 10
262.7378826317804
 20
357.13885582462024
 10
262.608447569334
 20
357.21437412172423
 10
262.5629783452586
 20
357.2451078858261
 10
262.45639614568194
 20
357.3283882395469
 10
261.5899407163558
 20
358.01392105113155
 10
261.4886996652098
 20
358.0846959790263
 10
261.37975262058796
 20
358.14291438096086
 10
261.2646492947134
 20
358.1877481319556
 10
261.1450269695488
 20
358.21855949638245
 10
261.0225872073541
 20
358.23491019940593
 10
260.89907164689293
 20
358.2365676612032
 10
260.7762372295717
 20
358.2235083052852
 10
260.6558312079075
 20
358.19591789385925
 10
260.53956629181533
 20
358.15418888546316
 10
260.4290962862443
 20
358.0989148524568
 10
260.3428511245282
 20
358.043247411984
 10
260.2625399676157
 20
357.9793161213384
 10
260.1889516950768
 20
357.90774896411546
 10
259.8949818086863
 20
357.60310697340975
 10
259.5903398179806
 20
357.30913708701917
 10
259.5018506594698
 20
357.21583567631535
 10
259.4256050405961
 20
357.1122881509183
 10
259.36277825362305
 20
357.0000906498235
 10
259.31433874549566
 20
356.88097264754987
 10
259.2810331896622
 20
356.7567702950605
 10
259.2633749764351
 20
356.62939811631287
 10
259.2616362993083
 20
356.500819496725
 10
259.27584395921554
 20
356.373016418463
 10
259.3057789514058
 20
356.2479589090689
 10
259.3509798413042
 20
356.12757467436325
 10
259.4107498773205
 20
356.0137193837181
 10
259.4841677309645
 20
355.90814806574025
 10
260.1697005425491
 20
355.04169263641404
 10
260.2529808962699
 20
354.93511043683736
 10
260.2837146603718
 20
354.889641212762
 10
260.3592329574758
 20
354.7602061503156
 10
260.4407970524185
 20
354.5956528469783
 10
260.5221510296616
 20
354.4041647894274
 10
260.60004620179006
 20
354.1901622853932
 10
260.6724005679643
 20
353.95661987091466
 10
260.7377362660436
 20
353.7057721614036
 10
260.7949390112624
 20
353.4394143247064
 10
260.84313567039794
 20
353.15905415053
 10
260.88162409128705
 20
352.8659986269496
 10
260.90982959841136
 20
352.56140721805184
 10
260.927276498592
 20
352.2463267749146
 10
260.93356993340177
 20
351.9217163505567
 10
260.9283802860417
 20
351.58846339633607
 10
260.91123179792254
 20
351.24728029942963
 10
260.47111248114936
 20
350.97552511079914
 10
260.02315386513857
 20
350.7168960832595
 10
259.56774730978776
 20
350.47161916855293
 10
259.2733953809636
 20
350.6221770839903
 10
258.9910741949516
 20
350.7787501859567
 10
258.72109034306305
 20
350.94062551356717
 10
258.4639929736146
 20
351.10715170228667
 10
258.220352807891
 20
351.2775959813196
 10
257.99076981060756
 20
351.4511280165586
 10
257.7758841539067
 20
351.62679796920474
 10
257.5763888550338
 20
351.8035033087046
 10
257.3930484833867
 20
351.9799393253582
 10
257.2267287931138
 20
352.15452161673346
 10
257.07844695264095
 20
352.3252559952257
 10
256.9494653723583
 20
352.489497473965
 10
256.8414919297212
 20
352.64343946508797
 10
256.7572223543035
 20
352.7807373314274
 10
256.7027492691842
 20
352.8864097343652
 10
256.65353445581326
 20
353.0083031900793
 10
256.498088782096
 20
353.39941620012587
 10
256.498088782096
 20
326.0
 10
256.4902228571851
 20
325.719647763814
 10
256.4666498315622
 20
325.44017761948345
 10
256.4274438746872
 20
325.1624688834763
 10
256.3727283430051
 20
324.8873953302184
 10
256.3026753918215
 20
324.61582244287575
 10
256.2175054336378
 20
324.34860469022414
 10
256.11748644465246
 20
324.08658283817454
 10
256.00293312160807
 20
323.8305813044122
 10
255.87420589163978
 20
323.5814055644738
 10
255.73170977823742
 20
323.3398396174233
 10
255.5758931268923
 20
323.106643519101
 10
255.40724619443614
 20
322.88255099070636
 10
255.22629960651184
 20
322.66826711024
 10
255.03362268802874
 20
322.4644660940673
 10
254.82982167185602
 20
322.27178917558416
 10
254.61553779138967
 20
322.09084258765984
 10
254.39144526299503
 20
321.9221956552037
 10
254.1582491646727
 20
321.76637900385856
 10
253.91668321762222
 20
321.62388289045623
 10
253.6675074776838
 20
321.4951556604879
 10
253.41150594392147
 20
321.3806023374436
 10
253.14948409187184
 20
321.28058334845815
 10
252.88226633922025
 20
321.1954133902745
 10
252.61069345187758
 20
321.1253604390909
 10
252.3356198986197
 20
321.07064490740885
 10
252.05791116261256
 20
321.0314389505338
 10
251.77844101828197
 20
321.0078659249109
 10
251.498088782096
 20
321.0
 10
251.21773654591004
 20
321.0078659249109
 10
250.93826640157948
 20
321.0314389505338
 10
250.66055766557233
 20
321.0706449074088
 10
250.38548411231443
 20
321.12536043909085
 10
250.11391122497176
 20
321.1954133902745
 10
249.84669347232017
 20
321.28058334845815
 10
249.58467162027057
 20
321.3806023374436
 10
249.32867008650823
 20
321.4951556604879
 10
249.07949434656982
 20
321.62388289045623
 10
248.83792839951934
 20
321.76637900385856
 10
248.60473230119698
 20
321.92219565520367
 10
248.38063977280234
 20
322.09084258765984
 10
248.166355892336
 20
322.27178917558416
 10
247.96255487616327
 20
322.46446609406723
 10
247.7698779576802
 20
322.66826711024
 10
247.58893136975587
 20
322.8825509907063
 10
247.4202844372997
 20
323.10664351910094
 10
247.2644677859546
 20
323.3398396174233
 10
247.12197167255223
 20
323.5814055644738
 10
246.99324444258392
 20
323.8305813044122
 10
246.87869111953958
 20
324.08658283817454
 10
246.77867213055416
 20
324.34860469022414
 10
246.6935021723705
 20
324.61582244287575
 10
246.6234492211869
 20
324.8873953302184
 10
246.56873368950482
 20
325.1624688834763
 10
246.5295277326298
 20
325.44017761948345
 10
246.5059547070069
 20
325.719647763814
  0
LWPOLYLINE
  5
80
330
17
100
AcDbEntity
  8
CORTE
100
AcDbPolyline
 90
50
 70
1
 10
243.998088782096
 20
367.0
 10
243.8727555485317
 20
366.99211470131445
 10
243.74939889493115
 20
366.9685831611286
 10
243.6299642294113
 20
366.9297764858882
 10
243.51633510799428
 20
366.87630668004385
 10
243.4103035298035
 20
366.80901699437493
 10
243.31354167616732
 20
366.7289686274214
 10
243.2275755393202
 20
366.6374239897487
 10
243.15376085659398
 20
366.535826794979
 10
243.09326172962997
 20
366.42577929156505
 10
243.04703226580085
 20
366.30901699437493
 10
243.01580153136732
 20
366.1873813145857
 10
243.00006205366773
 20
366.0627905195293
 10
243.00006205366773
 20
365.9372094804707
 10
243.01580153136732
 20
365.8126186854143
 10
243.04703226580085
 20
365.69098300562507
 10
243.09326172962997
 20
365.57422070843495
 10
243.15376085659398
 20
365.464173205021
 10
243.2275755393202
 20
365.3625760102513
 10
243.31354167616732
 20
365.2710313725786
 10
243.4103035298035
 20
365.19098300562507
 10
243.51633510799428
 20
365.12369331995615
 10
243.6299642294113
 20
365.0702235141117
 10
243.74939889493115
 20
365.03141683887134
 10
243.8727555485317
 20
365.0078852986855
 10
243.998088782096
 20
365.0
 10
244.1234220156603
 20
365.0078852986855
 10
244.24677866926086
 20
365.03141683887134
 10
244.36621333478067
 20
365.0702235141117
 10
244.47984245619773
 20
365.12369331995615
 10
244.58587403438847
 20
365.19098300562507
 10
244.6826358880247
 20
365.2710313725786
 10
244.7686020248718
 20
365.3625760102513
 10
244.842416707598
 20
365.464173205021
 10
244.902915834562
 20
365.57422070843495
 10
244.94914529839116
 20
365.69098300562507
 10
244.9803760328247
 20
365.8126186854143
 10
244.99611551052428
 20
365.9372094804707
 10
244.99611551052428
 20
366.0627905195293
 10
244.9803760328247
 20
366.1873813145857
 10
244.94914529839116
 20
366.30901699437493
 10
244.902915834562
 20
366.42577929156505
 10
244.842416707598
 20
366.535826794979
 10
244.7686020248718
 20
366.6374239897487
 10
244.6826358880247
 20
366.7289686274214
 10
244.58587403438847
 20
366.80901699437493
 10
244.47984245619773
 20
366.87630668004385
 10
244.36621333478067
 20
366.9297764858882
 10
244.24677866926086
 20
366.9685831611286
 10
244.1234220156603
 20
366.99211470131445
  0
LWPOLYLINE
  5
81
330
17
100
AcDbEntity
  8
CORTE
100
AcDbPolyline
 90
50
 70
1
 10
258.998088782096
 20
367.0
 10
258.8727555485317
 20
366.99211470131445
 10
258.7493988949311
 20
366.9685831611286
 10
258.6299642294113
 20
366.9297764858882
 10
258.5163351079943
 20
366.87630668004385
 10
258.4103035298035
 20
366.80901699437493
 10
258.3135416761673
 20
366.7289686274214
 10
258.22757553932024
 20
366.6374239897487
 10
258.153760856594
 20
366.535826794979
 10
258.09326172963
 20
366.42577929156505
 10
258.04703226580085
 20
366.30901699437493
 10
258.0158015313673
 20
366.1873813145857
 10
258.0000620536677
 20
366.0627905195293
 10
258.0000620536677
 20
365.9372094804707
 10
258.0158015313673
 20
365.8126186854143
 10
258.04703226580085
 20
365.69098300562507
 10
258.09326172963
 20
365.57422070843495
 10
258.153760856594
 20
365.464173205021
 10
258.2275755393202
 20
365.3625760102513
 10
258.3135416761673
 20
365.2710313725786
 10
258.4103035298035
 20
365.19098300562507
 10
258.5163351079943
 20
365.12369331995615
 10
258.6299642294113
 20
365.0702235141117
 10
258.7493988949311
 20
365.03141683887134
 10
258.8727555485317
 20
365.0078852986855
 10
258.998088782096
 20
365.0
 10
259.1234220156603
 20
365.0078852986855
 10
259.24677866926083
 20
365.03141683887134
 10
259.3662133347807
 20
365.0702235141117
 10
259.47984245619773
 20
365.12369331995615
 10
259.5858740343885
 20
365.19098300562507
 10
259.68263588802466
 20
365.2710313725786
 10
259.76860202487177
 20
365.3625760102513
 10
259.84241670759803
 20
365.464173205021
 10
259.902915834562
 20
365.5742207084349
 10
259.94914529839116
 20
365.69098300562507
 10
259.98037603282467
 20
365.8126186854143
 10
259.99611551052425
 20
365.9372094804707
 10
259.99611551052425
 20
366.0627905195293
 10
259.98037603282467
 20
366.1873813145857
 10
259.94914529839116
 20
366.30901699437493
 10
259.902915834562
 20
366.42577929156505
 10
259.84241670759803
 20
366.535826794979
 10
259.76860202487177
 20
366.6374239897487
 10
259.6826358880247
 20
366.7289686274214
 10
259.5858740343885
 20
366.80901699437493
 10
259.47984245619773
 20
366.87630668004385
 10
259.3662133347807
 20
366.9297764858882
 10
259.24677866926083
 20
366.9685831611286
 10
259.1234220156603
 20
366.99211470131445
  0
LWPOLYLINE
  5
82
330
17
100
AcDbEntity
  8
CORTE
100
AcDbPolyline
 90
94
 70
1
 10
251.49808878209598
 20
362.5
 10
251.73186300020393
 20
362.50781592481894
 10
251.96459312590423
 20
362.53122879145826
 10
252.1952397299594
 20
362.5701340323719
 10
252.4227726886455
 20
362.62435788730966
 10
252.64617578453448
 20
362.6936581793723
 10
252.86445124516823
 20
362.7777253966325
 10
253.07662419935235
 20
362.8761840744904
 10
253.2817470311677
 20
362.9885944725895
 10
253.47890361225308
 20
363.11445453880384
 10
253.66721339345685
 20
363.2532021515247
 10
253.84583533758328
 20
363.40421763023215
 10
254.01397167566876
 20
363.5668265031387
 10
254.17087147001166
 20
363.7403025195442
 10
254.31583396804245
 20
363.92387089344726
 10
254.4482117320548
 20
364.1167117639282
 10
254.56741353081935
 20
364.3179638568466
 10
254.6729069801662
 20
364.5267283315008
 10
254.7642209207416
 20
364.7420727950687
 10
254.8409475223202
 20
364.9630354669003
 10
254.90274410527363
 20
365.18862947406365
 10
254.9493346710611
 20
365.41784725895906
 10
254.98051113490575
 20
365.64966507931564
 10
254.9961342551519
 20
365.88304758047315
 10
254.9961342551519
 20
366.11695241952685
 10
254.98051113490575
 20
366.35033492068436
 10
254.9493346710611
 20
366.58215274104094
 10
254.90274410527363
 20
366.81137052593635
 10
254.8409475223202
 20
367.0369645330997
 10
254.7642209207416
 20
367.2579272049313
 10
254.67290698016618
 20
367.4732716684992
 10
254.56741353081935
 20
367.6820361431534
 10
254.44821173205477
 20
367.8832882360718
 10
254.31583396804245
 20
368.07612910655274
 10
254.17087147001166
 20
368.2596974804558
 10
254.01397167566873
 20
368.4331734968613
 10
253.84583533758325
 20
368.59578236976785
 10
253.66721339345685
 20
368.74679784847535
 10
253.47890361225305
 20
368.88554546119616
 10
253.2817470311677
 20
369.0114055274105
 10
253.07662419935232
 20
369.1238159255096
 10
252.8644512451682
 20
369.2222746033675
 10
252.64617578453445
 20
369.3063418206277
 10
252.42277268864547
 20
369.37564211269034
 10
252.19523972995938
 20
369.4298659676281
 10
251.96459312590417
 20
369.46877120854174
 10
251.73186300020387
 20
369.49218407518106
 10
251.49808878209595
 20
369.5
 10
251.26431456398808
 20
369.49218407518106
 10
251.03158443828778
 20
369.46877120854174
 10
250.80093783423257
 20
369.4298659676281
 10
250.5734048755465
 20
369.37564211269034
 10
250.3500017796575
 20
369.3063418206277
 10
250.13172631902376
 20
369.2222746033675
 10
249.91955336483966
 20
369.1238159255096
 10
249.71443053302428
 20
369.0114055274105
 10
249.51727395193893
 20
368.88554546119616
 10
249.32896417073516
 20
368.7467978484753
 10
249.15034222660873
 20
368.59578236976785
 10
248.98220588852325
 20
368.43317349686123
 10
248.82530609418035
 20
368.2596974804558
 10
248.68034359614953
 20
368.07612910655274
 10
248.5479658321372
 20
367.8832882360718
 10
248.42876403337266
 20
367.68203614315337
 10
248.3232705840258
 20
367.4732716684992
 10
248.2319566434504
 20
367.2579272049313
 10
248.15523004187182
 20
367.0369645330997
 10
248.09343345891838
 20
366.81137052593635
 10
248.0468428931309
 20
366.58215274104094
 10
248.01566642928623
 20
366.35033492068436
 10
248.0000433090401
 20
366.11695241952685
 10
248.0000433090401
 20
365.88304758047315
 10
248.01566642928623
 20
365.64966507931564
 10
248.0468428931309
 20
365.41784725895906
 10
248.09343345891838
 20
365.18862947406365
 10
248.15523004187182
 20
364.9630354669003
 10
248.2319566434504
 20
364.7420727950687
 10
248.3232705840258
 20
364.5267283315008
 10
248.42876403337266
 20
364.31796385684663
 10
248.5479658321372
 20
364.1167117639282
 10
248.68034359614953
 20
363.92387089344726
 10
248.82530609418035
 20
363.7403025195442
 10
248.98220588852325
 20
363.56682650313877
 10
249.15034222660873
 20
363.40421763023215
 10
249.32896417073513
 20
363.2532021515247
 10
249.51727395193893
 20
363.11445453880384
 10
249.71443053302428
 20
362.9885944725895
 10
249.91955336483966
 20
362.8761840744904
 10
250.13172631902376
 20
362.7777253966325
 10
250.3500017796575
 20
362.6936581793723
 10
250.5734048755465
 20
362.62435788730966
 10
250.80093783423257
 20
362.5701340323719
 10
251.03158443828778
 20
362.53122879145826
 10
251.26431456398808
 20
362.50781592481894
  0
LWPOLYLINE
  5
83
330
17
100
AcDbEntity
  8
CORTE
100
AcDbPolyline
 90
62
 70
1
 10
251.498088782096
 20
324.5
 10
251.64984126507716
 20
324.50769601491214
 10
251.800036562229
 20
324.53070508812124
 10
251.94713346655604
 20
324.5687911153999
 10
252.089622564766
 20
324.62156328256964
 10
252.22604172589263
 20
324.6884800757831
 10
252.3549911047382
 20
324.7688548381891
 10
252.47514750617933
 20
324.8618628159608
 10
252.58527796293967
 20
324.9665496213865
 10
252.68425238750254
 20
325.0818410261785
 10
252.77105516833814
 20
325.2065539845096
 10
252.8447955914521
 20
325.33940877266355
 10
252.9047169803166
 20
325.47904212073274
 10
252.9502044603953
 20
325.6240212016119
 10
252.98079126858818
 20
325.77285833374316
 10
252.99616354285257
 20
325.9240262467419
 10
252.99616354285257
 20
326.07597375325804
 10
252.98079126858818
 20
326.22714166625684
 10
252.9502044603953
 20
326.3759787983881
 10
252.9047169803166
 20
326.52095787926726
 10
252.8447955914521
 20
326.66059122733645
 10
252.77105516833814
 20
326.7934460154904
 10
252.68425238750254
 20
326.9181589738215
 10
252.58527796293967
 20
327.0334503786135
 10
252.47514750617933
 20
327.1381371840392
 10
252.3549911047382
 20
327.2311451618109
 10
252.22604172589263
 20
327.3115199242169
 10
252.089622564766
 20
327.37843671743036
 10
251.94713346655604
 20
327.4312088846001
 10
251.800036562229
 20
327.46929491187876
 10
251.64984126507716
 20
327.49230398508786
 10
251.498088782096
 20
327.5
 10
251.34633629911485
 20
327.49230398508786
 10
251.196141001963
 20
327.46929491187876
 10
251.04904409763597
 20
327.4312088846001
 10
250.90655499942602
 20
327.37843671743036
 10
250.77013583829938
 20
327.3115199242169
 10
250.64118645945382
 20
327.2311451618109
 10
250.52103005801268
 20
327.1381371840392
 10
250.4108996012523
 20
327.0334503786135
 10
250.31192517668944
 20
326.9181589738215
 10
250.22512239585387
 20
326.7934460154905
 10
250.1513819727399
 20
326.66059122733645
 10
250.09146058387537
 20
326.52095787926726
 10
250.04597310379668
 20
326.3759787983881
 10
250.01538629560383
 20
326.22714166625684
 10
250.0000140213394
 20
326.07597375325804
 10
250.0000140213394
 20
325.92402624674196
 10
250.01538629560383
 20
325.77285833374316
 10
250.04597310379668
 20
325.6240212016119
 10
250.09146058387537
 20
325.47904212073274
 10
250.1513819727399
 20
325.33940877266355
 10
250.22512239585387
 20
325.2065539845096
 10
250.31192517668944
 20
325.0818410261785
 10
250.4108996012523
 20
324.9665496213865
 10
250.52103005801266
 20
324.8618628159608
 10
250.64118645945382
 20
324.7688548381891
 10
250.77013583829938
 20
324.6884800757831
 10
250.90655499942602
 20
324.62156328256964
 10
251.04904409763597
 20
324.5687911153999
 10
251.196141001963
 20
324.53070508812124
 10
251.34633629911485
 20
324.50769601491214
  0
LWPOLYLINE
  5
84
330
17
100
AcDbEntity
  8
CORTE
100
AcDbPolyline
 90
772
 70
1
 10
292.0878453999879
 20
208.0878453999874
 10
268.8583552312363
 20
208.0878453999874
 10
268.77417905354196
 20
207.81373228001476
 10
268.4490598440667
 20
207.70886342911217
 10
268.12850538847204
 20
207.61759840330876
 10
267.8133269353142
 20
207.53966203446498
 10
267.5044670078846
 20
207.4749656265149
 10
267.2029541771439
 20
207.42337599669247
 10
266.90992274203893
 20
207.38470460566728
 10
266.62664139584444
 20
207.35869645090202
 10
266.35455432244936
 20
207.34501157889392
 10
266.0953439183792
 20
207.34319685240558
 10
265.85103258073826
 20
207.35264057863174
 10
265.62416128113273
 20
207.3724936133902
 10
265.41814206221306
 20
207.4015147648768
 10
265.2380854355506
 20
207.43771010184162
 10
265.0935151923621
 20
207.47715491610657
 10
265.0416408110491
 20
207.49507315143492
 10
264.9171357702295
 20
207.54793029279693
 10
263.9027751460342
 20
207.98584897343304
 10
263.7847519853315
 20
208.02857548049312
 10
263.6624270203014
 20
208.05671129038322
 10
263.5375968374946
 20
208.06984317251187
 10
263.4120948175915
 20
208.0677782589488
 10
263.2877642085422
 20
208.05054687707604
 10
263.16643105378813
 20
208.01840210416947
 10
263.04987737316424
 20
207.97181605045344
 10
262.93981499037744
 20
207.91147292521876
 10
262.83786039145434
 20
207.8382589878419
 10
262.74551098341385
 20
207.75324953129515
 10
262.66412310185297
 20
207.65769308932062
 10
262.59489209044824
 20
207.5529930992171
 10
262.5770030262114
 20
207.52069197186665
 10
262.3718970699281
 20
207.15034539998743
 10
262.1537205086179
 20
206.78754514543894
 10
262.1346914438799
 20
206.75590219768463
 10
262.07863409837665
 20
206.64359638802668
 10
262.03657373291185
 20
206.5253341940475
 10
262.0091280880007
 20
206.40285253238665
 10
261.99670025778283
 20
206.27795029099812
 10
261.99947276977923
 20
206.15246190888635
 10
262.01740490411106
 20
206.0282304337035
 10
262.0502332915521
 20
205.90708045291186
 10
262.09747578163257
 20
205.79079129607084
 10
262.158438523982
 20
205.6810709018269
 10
262.23222615890825
 20
205.57953073342156
 10
262.3177549675442
 20
205.48766211113343
 10
262.41376878842453
 20
205.40681430926008
 10
263.3001978027448
 20
204.7473115804263
 10
263.4082259503456
 20
204.66591562285834
 10
263.44968078798735
 20
204.62995020849985
 10
263.5561261207826
 20
204.52447111239977
 10
263.67750051542396
 20
204.3866351680728
 10
263.8056431793182
 20
204.22272786656382
 10
263.93627206156407
 20
204.03617807509505
 10
264.0666062372028
 20
203.82932011337854
 10
264.194639839998
 20
203.60392995528437
 10
264.31883192988903
 20
203.36145320167878
 10
264.437948880254
 20
203.10312028207352
 10
264.55097419077896
 20
202.83001191965258
 10
264.65705267615124
 20
202.54309933375296
 10
264.7554539070477
 20
202.2432705864129
 10
264.84554825832913
 20
201.9313498548308
 10
264.9267876553037
 20
201.60810904008784
 10
264.99852817109405
 20
201.27411311997267
 10
264.6437409747972
 20
200.89770650354805
 10
264.27798429642723
 20
200.5319498251781
 10
263.9015776800026
 20
200.1771626288812
 10
263.56758175988745
 20
200.24890314467154
 10
263.2443409451445
 20
200.3301425416461
 10
262.93242021356235
 20
200.4202368929276
 10
262.63259146622227
 20
200.518638123824
 10
262.3456788803227
 20
200.62471660919627
 10
262.07257051790174
 20
200.7377419197213
 10
261.8142375982965
 20
200.85685887008623
 10
261.5717608446909
 20
200.98105095997724
 10
261.34637068659674
 20
201.1090845627725
 10
261.1395127248802
 20
201.2394187384112
 10
260.9529629334114
 20
201.37004762065703
 10
260.7890556319025
 20
201.49819028455133
 10
260.6512196875755
 20
201.61956467919262
 10
260.5457405914754
 20
201.7260100119879
 10
260.5097751771169
 20
201.76746484962973
 10
260.42837921954896
 20
201.87549299723048
 10
259.76887649071523
 20
202.76192201155075
 10
259.6880286888418
 20
202.85793583243108
 10
259.59616006655375
 20
202.94346464106704
 10
259.49461989814836
 20
203.01725227599331
 10
259.3848995039044
 20
203.0782150183427
 10
259.26861034706343
 20
203.12545750842318
 10
259.1474603662718
 20
203.15828589586422
 10
259.02322889108893
 20
203.17621803019603
 10
258.89774050897717
 20
203.17899054219242
 10
258.77283826758867
 20
203.16656271197456
 10
258.65035660592775
 20
203.13911706706344
 10
258.5320944119486
 20
203.09705670159863
 10
258.4197886022906
 20
203.04099935609537
 10
258.38814565453634
 20
203.02197029135743
 10
258.0253453999879
 20
202.8037937300472
 10
257.65499882810866
 20
202.59868777376388
 10
257.6226977007582
 20
202.58079870952702
 10
257.51799771065464
 20
202.5115676981223
 10
257.42244126868013
 20
202.43017981656143
 10
257.3374318121334
 20
202.33783040852094
 10
257.2642178747565
 20
202.23587580959781
 10
257.20387474952184
 20
202.125813426811
 10
257.1572886958058
 20
202.00925974618713
 10
257.1251439228992
 20
201.88792659143303
 10
257.10791254102645
 20
201.7635959823838
 10
257.10584762746345
 20
201.6380939624806
 10
257.11897950959207
 20
201.5132637796739
 10
257.14711531948217
 20
201.39093881464376
 10
257.18984182654225
 20
201.2729156539411
 10
257.6277605071783
 20
200.25855502974576
 10
257.6806176485403
 20
200.13404998892617
 10
257.69853588386866
 20
200.0821756076132
 10
257.73798069813364
 20
199.93760536442466
 10
257.7741760350985
 20
199.75754873776222
 10
257.80319718658507
 20
199.55152951884256
 10
257.8230502213436
 20
199.324658219237
 10
257.8324939475697
 20
199.08034688159609
 10
257.83067922108137
 20
198.82113647752593
 10
257.81699434907324
 20
198.54904940413078
 10
257.79098619430795
 20
198.26576805793636
 10
257.7523148032828
 20
197.97273662283135
 10
257.7007251734604
 20
197.67122379209064
 10
257.6360287655103
 20
197.3623638646611
 10
257.5580923966665
 20
197.04718541150325
 10
257.4668273708631
 20
196.72663095590855
 10
257.3619585199605
 20
196.4015117464333
 10
256.8665004868177
 20
196.25292765260545
 10
256.3668675725605
 20
196.11905141671824
 10
255.8634962824358
 20
196.0
 10
255.61011758875085
 20
196.22912706921258
 10
255.37080253013073
 20
196.4611028581522
 10
255.14571842825438
 20
196.69508722089049
 10
254.9352597317212
 20
196.93021956028045
 10
254.73982538635283
 20
197.16554251635765
 10
254.55981926177282
 20
197.3999794877534
 10
254.3956548659433
 20
197.6323042525934
 10
254.24775988243917
 20
197.86109613419086
 10
254.1165830811643
 20
198.0846715657967
 10
254.00260591916208
 20
198.3009732537394
 10
253.90636350180236
 20
198.50737607996663
 10
253.82848694677693
 20
198.70030453296218
 10
253.76980471475585
 20
198.874335814254
 10
253.73167980436256
 20
199.01925972461905
 10
253.7212602606914
 20
199.07314337430586
 10
253.70478336747254
 20
199.20739647323586
 10
253.57685175759752
 20
200.3048178827057
 10
253.55484241777518
 20
200.42839219163918
 10
253.518046261381
 20
200.54839662381738
 10
253.46700371350053
 20
200.66306867435136
 10
253.40246443594674
 20
200.77072415503227
 10
253.32537631697798
 20
200.8697819300005
 10
253.23687154966495
 20
200.95878713788557
 10
253.1382500033729
 20
201.0364325593524
 10
253.0309601325825
 20
201.10157781622948
 10
252.91657770344148
 20
201.15326612024114
 10
252.79678265048986
 20
201.19073832535528
 10
252.6733344034642
 20
201.2134440773599
 10
252.5480460465562
 20
201.22104989691434
 10
252.5111279175814
 20
201.22039171731817
 10
252.08784539998788
 20
201.2128453999874
 10
251.66456288239434
 20
201.22039171731817
 10
251.6276447534195
 20
201.22104989691434
 10
251.50235639651152
 20
201.2134440773599
 10
251.37890814948585
 20
201.19073832535528
 10
251.25911309653424
 20
201.15326612024114
 10
251.14473066739322
 20
201.10157781622948
 10
251.03744079660285
 20
201.0364325593524
 10
250.93881925031076
 20
200.95878713788557
 10
250.85031448299773
 20
200.8697819300005
 10
250.77322636402897
 20
200.77072415503227
 10
250.70868708647518
 20
200.66306867435136
 10
250.65764453859475
 20
200.54839662381738
 10
250.62084838220053
 20
200.42839219163918
 10
250.59883904237824
 20
200.3048178827057
 10
250.47090743250317
 20
199.20739647323586
 10
250.45443053928432
 20
199.07314337430586
 10
250.44401099561316
 20
199.01925972461905
 10
250.4058860852199
 20
198.874335814254
 10
250.34720385319875
 20
198.70030453296218
 10
250.26932729817338
 20
198.50737607996663
 10
250.17308488081366
 20
198.3009732537394
 10
250.05910771881142
 20
198.0846715657967
 10
249.92793091753654
 20
197.86109613419086
 10
249.7800359340324
 20
197.6323042525934
 10
249.61587153820292
 20
197.3999794877534
 10
249.43586541362293
 20
197.16554251635765
 10
249.24043106825454
 20
196.93021956028045
 10
249.02997237172136
 20
196.69508722089049
 10
248.80488826984498
 20
196.4611028581522
 10
248.56557321122486
 20
196.22912706921258
 10
248.31219451753995
 20
196.0
 10
247.80882322741522
 20
196.11905141671824
 10
247.30919031315804
 20
196.25292765260545
 10
246.8137322800152
 20
196.4015117464333
 10
246.70886342911263
 20
196.72663095590855
 10
246.61759840330924
 20
197.04718541150325
 10
246.53966203446544
 20
197.3623638646611
 10
246.47496562651537
 20
197.67122379209064
 10
246.42337599669293
 20
197.97273662283135
 10
246.38470460566774
 20
198.26576805793633
 10
246.35869645090247
 20
198.54904940413078
 10
246.34501157889437
 20
198.82113647752593
 10
246.34319685240604
 20
199.08034688159609
 10
246.3526405786322
 20
199.324658219237
 10
246.37249361339065
 20
199.55152951884253
 10
246.40151476487725
 20
199.75754873776222
 10
246.4377101018421
 20
199.93760536442466
 10
246.47715491610703
 20
200.0821756076132
 10
246.4950731514354
 20
200.13404998892617
 10
246.54793029279742
 20
200.25855502974576
 10
246.9858489734335
 20
201.2729156539411
 10
247.02857548049357
 20
201.39093881464376
 10
247.05671129038367
 20
201.5132637796739
 10
247.06984317251232
 20
201.63809396248064
 10
247.0677782589493
 20
201.7635959823838
 10
247.0505468770765
 20
201.88792659143306
 10
247.01840210416992
 20
202.00925974618715
 10
246.9718160504539
 20
202.125813426811
 10
246.91147292521921
 20
202.23587580959781
 10
246.83825898784235
 20
202.33783040852094
 10
246.75324953129564
 20
202.43017981656143
 10
246.65769308932107
 20
202.5115676981223
 10
246.55299309921756
 20
202.58079870952702
 10
246.5206919718671
 20
202.59868777376388
 10
246.15034539998788
 20
202.80379373004718
 10
245.78754514543942
 20
203.0219702913574
 10
245.75590219768512
 20
203.0409993560954
 10
245.64359638802716
 20
203.09705670159863
 10
245.52533419404799
 20
203.13911706706344
 10
245.4028525323871
 20
203.16656271197456
 10
245.27795029099858
 20
203.17899054219242
 10
245.15246190888683
 20
203.17621803019603
 10
245.02823043370398
 20
203.15828589586422
 10
244.9070804529123
 20
203.12545750842315
 10
244.7907912960713
 20
203.0782150183427
 10
244.68107090182738
 20
203.01725227599331
 10
244.57953073342202
 20
202.94346464106704
 10
244.48766211113391
 20
202.85793583243108
 10
244.40681430926054
 20
202.76192201155075
 10
243.74731158042678
 20
201.87549299723048
 10
243.6659156228588
 20
201.76746484962973
 10
243.6299502085003
 20
201.7260100119879
 10
243.52447111240022
 20
201.61956467919262
 10
243.38663516807324
 20
201.49819028455133
 10
243.22272786656427
 20
201.370047620657
 10
243.03617807509553
 20
201.2394187384112
 10
242.829320113379
 20
201.1090845627725
 10
242.60392995528485
 20
200.98105095997724
 10
242.36145320167924
 20
200.85685887008623
 10
242.10312028207397
 20
200.7377419197213
 10
241.83001191965303
 20
200.62471660919627
 10
241.54309933375342
 20
200.518638123824
 10
241.24327058641336
 20
200.4202368929276
 10
240.93134985483127
 20
200.3301425416461
 10
240.6081090400883
 20
200.24890314467154
 10
240.27411311997312
 20
200.1771626288812
 10
239.89770650354848
 20
200.5319498251781
 10
239.53194982517851
 20
200.89770650354805
 10
239.17716262888166
 20
201.2741131199727
 10
239.248903144672
 20
201.6081090400878
 10
239.33014254164658
 20
201.9313498548308
 10
239.42023689292807
 20
202.2432705864129
 10
239.51863812382445
 20
202.54309933375293
 10
239.62471660919675
 20
202.83001191965258
 10
239.73774191972174
 20
203.10312028207352
 10
239.85685887008668
 20
203.36145320167878
 10
239.9810509599777
 20
203.60392995528437
 10
240.10908456277298
 20
203.82932011337851
 10
240.23941873841167
 20
204.03617807509505
 10
240.3700476206575
 20
204.22272786656382
 10
240.49819028455178
 20
204.3866351680728
 10
240.6195646791931
 20
204.52447111239977
 10
240.72601001198836
 20
204.62995020849985
 10
240.7674648496302
 20
204.66591562285834
 10
240.87549299723094
 20
204.7473115804263
 10
241.7619220115512
 20
205.40681430926006
 10
241.85793583243156
 20
205.48766211113346
 10
241.9434646410675
 20
205.57953073342156
 10
242.01725227599377
 20
205.6810709018269
 10
242.07821501834314
 20
205.79079129607084
 10
242.12545750842364
 20
205.90708045291186
 10
242.1582858958647
 20
206.0282304337035
 10
242.17621803019648
 20
206.15246190888635
 10
242.17899054219288
 20
206.27795029099812
 10
242.16656271197502
 20
206.40285253238665
 10
242.1391170670639
 20
206.52533419404753
 10
242.0970567015991
 20
206.64359638802668
 10
242.04099935609585
 20
206.75590219768463
 10
242.0219702913579
 20
206.7875451454389
 10
241.8037937300477
 20
207.15034539998737
 10
241.59868777376437
 20
207.5206919718666
 10
241.58079870952747
 20
207.55299309921708
 10
241.51156769812275
 20
207.6576930893206
 10
241.4301798165619
 20
207.75324953129515
 10
241.3378304085214
 20
207.83825898784187
 10
241.23587580959827
 20
207.91147292521873
 10
241.12581342681145
 20
207.9718160504534
 10
241.0092597461876
 20
208.01840210416944
 10
240.8879265914335
 20
208.05054687707604
 10
240.76359598238426
 20
208.0677782589488
 10
240.6380939624811
 20
208.06984317251184
 10
240.5132637796744
 20
208.0567112903832
 10
240.39093881464424
 20
208.02857548049312
 10
240.2729156539416
 20
207.985848973433
 10
239.25855502974625
 20
207.54793029279693
 10
239.13404998892665
 20
207.49507315143492
 10
239.08217560761366
 20
207.47715491610657
 10
238.9376053644251
 20
207.43771010184162
 10
238.7575487377627
 20
207.4015147648768
 10
238.551529518843
 20
207.3724936133902
 10
238.32465821923748
 20
207.35264057863174
 10
238.08034688159654
 20
207.34319685240558
 10
237.82113647752638
 20
207.3450115788939
 10
237.54904940413124
 20
207.358696450902
 10
237.2657680579368
 20
207.38470460566725
 10
236.9727366228318
 20
207.42337599669247
 10
236.6712237920911
 20
207.4749656265149
 10
236.36236386466157
 20
207.53966203446498
 10
236.04718541150368
 20
207.61759840330876
 10
235.726630955909
 20
207.70886342911214
 10
235.40151174643375
 20
207.81373228001473
 10
235.2529276526059
 20
208.30919031315764
 10
235.1190514167187
 20
208.80882322741482
 10
235.00000000000045
 20
209.31219451753955
 10
235.22912706921306
 20
209.5655732112244
 10
235.46110285815266
 20
209.80488826984453
 10
235.69508722089097
 20
210.0299723717209
 10
235.9302195602809
 20
210.24043106825405
 10
236.1655425163581
 20
210.43586541362245
 10
236.39997948775385
 20
210.61587153820247
 10
236.63230425259385
 20
210.78003593403196
 10
236.86109613419134
 20
210.92793091753606
 10
237.08467156579718
 20
211.05910771881096
 10
237.30097325373987
 20
211.1730848808132
 10
237.5073760799671
 20
211.26932729817293
 10
237.70030453296266
 20
211.3472038531983
 10
237.87433581425447
 20
211.40588608521944
 10
238.0192597246195
 20
211.4440109956127
 10
238.0731433743063
 20
211.45443053928383
 10
238.20739647323632
 20
211.4709074325027
 10
239.30481788270617
 20
211.59883904237776
 10
239.42839219163963
 20
211.62084838220008
 10
239.54839662381784
 20
211.65764453859427
 10
239.66306867435182
 20
211.70868708647473
 10
239.77072415503272
 20
211.77322636402852
 10
239.86978193000095
 20
211.85031448299728
 10
239.95878713788602
 20
211.9388192503103
 10
240.03643255935285
 20
212.0374407966024
 10
240.10157781622993
 20
212.14473066739276
 10
240.1532661202416
 20
212.25911309653378
 10
240.19073832535574
 20
212.3789081494854
 10
240.21344407736035
 20
212.50235639651106
 10
240.2210498969148
 20
212.62764475341905
 10
240.22039171731862
 20
212.66456288239385
 10
240.21284539998786
 20
213.08784539998737
 10
240.22039171731862
 20
213.51112791758092
 10
240.2210498969148
 20
213.54804604655575
 10
240.21344407736035
 20
213.67333440346374
 10
240.19073832535574
 20
213.7967826504894
 10
240.1532661202416
 20
213.91657770344102
 10
240.10157781622993
 20
214.030960132582
 10
240.03643255935285
 20
214.1382500033724
 10
239.95878713788602
 20
214.23687154966447
 10
239.86978193000095
 20
214.32537631697753
 10
239.77072415503272
 20
214.40246443594626
 10
239.66306867435182
 20
214.46700371350005
 10
239.54839662381784
 20
214.5180462613805
 10
239.42839219163963
 20
214.55484241777472
 10
239.30481788270617
 20
214.576851757597
 10
238.20739647323632
 20
214.7047833674721
 10
238.0731433743063
 20
214.72126026069094
 10
238.0192597246195
 20
214.7316798043621
 10
237.87433581425444
 20
214.76980471475537
 10
237.70030453296263
 20
214.8284869467765
 10
237.50737607996706
 20
214.90636350180188
 10
237.30097325373987
 20
215.0026059191616
 10
237.08467156579718
 20
215.11658308116384
 10
236.86109613419134
 20
215.24775988243871
 10
236.63230425259385
 20
215.39565486594284
 10
236.39997948775385
 20
215.55981926177233
 10
236.1655425163581
 20
215.73982538635235
 10
235.9302195602809
 20
215.93525973172075
 10
235.69508722089097
 20
216.1457184282539
 10
235.46110285815266
 20
216.37080253013028
 10
235.22912706921306
 20
216.6101175887504
 10
235.00000000000048
 20
216.8634962824353
 10
235.1190514167187
 20
217.36686757256004
 10
235.2529276526059
 20
217.8665004868172
 10
235.40151174643375
 20
218.36195851996007
 10
235.726630955909
 20
218.46682737086263
 10
236.04718541150368
 20
218.558092396666
 10
236.36236386466155
 20
218.63602876550982
 10
236.6712237920911
 20
218.7007251734599
 10
236.9727366228318
 20
218.75231480328233
 10
237.2657680579368
 20
218.79098619430752
 10
237.54904940413124
 20
218.8169943490728
 10
237.82113647752638
 20
218.83067922108089
 10
238.08034688159654
 20
218.83249394756922
 10
238.32465821923745
 20
218.82305022134307
 10
238.55152951884298
 20
218.8031971865846
 10
238.75754873776268
 20
218.774176035098
 10
238.9376053644251
 20
218.73798069813316
 10
239.08217560761366
 20
218.6985358838682
 10
239.13404998892662
 20
218.68061764853988
 10
239.25855502974622
 20
218.62776050717784
 10
240.27291565394157
 20
218.18984182654177
 10
240.39093881464422
 20
218.14711531948168
 10
240.5132637796744
 20
218.11897950959158
 10
240.6380939624811
 20
218.10584762746294
 10
240.76359598238426
 20
218.10791254102597
 10
240.8879265914335
 20
218.12514392289876
 10
241.0092597461876
 20
218.15728869580533
 10
241.12581342681145
 20
218.20387474952136
 10
241.23587580959827
 20
218.26421787475604
 10
241.3378304085214
 20
218.3374318121329
 10
241.4301798165619
 20
218.42244126867962
 10
241.51156769812275
 20
218.51799771065419
 10
241.58079870952747
 20
218.6226977007577
 10
241.59868777376434
 20
218.65499882810818
 10
241.80379373004763
 20
219.02534539998737
 10
242.02197029135786
 20
219.38814565453583
 10
242.04099935609582
 20
219.41978860229017
 10
242.0970567015991
 20
219.5320944119481
 10
242.13911706706386
 20
219.65035660592727
 10
242.16656271197502
 20
219.77283826758816
 10
242.17899054219288
 20
219.89774050897668
 10
242.17621803019645
 20
220.02322889108845
 10
242.15828589586468
 20
220.14746036627128
 10
242.1254575084236
 20
220.26861034706295
 10
242.07821501834312
 20
220.38489950390397
 10
242.01725227599374
 20
220.49461989814787
 10
241.9434646410675
 20
220.59616006655324
 10
241.85793583243154
 20
220.68802868884134
 10
241.7619220115512
 20
220.76887649071472
 10
240.87549299723094
 20
221.42837921954848
 10
240.7674648496302
 20
221.50977517711647
 10
240.72601001198836
 20
221.54574059147492
 10
240.61956467919308
 20
221.65121968757504
 10
240.49819028455178
 20
221.78905563190202
 10
240.3700476206575
 20
221.952962933411
 10
240.23941873841167
 20
222.13951272487972
 10
240.10908456277298
 20
222.34637068659626
 10
239.9810509599777
 20
222.57176084469043
 10
239.85685887008668
 20
222.81423759829602
 10
239.73774191972174
 20
223.07257051790128
 10
239.62471660919672
 20
223.34567888032223
 10
239.51863812382445
 20
223.63259146622184
 10
239.42023689292805
 20
223.9324202135619
 10
239.33014254164655
 20
224.244340945144
 10
239.248903144672
 20
224.56758175988696
 10
239.17716262888166
 20
224.90157768000213
 10
239.53194982517854
 20
225.27798429642675
 10
239.8977065035485
 20
225.6437409747967
 10
240.27411311997312
 20
225.9985281710936
 10
240.6081090400883
 20
225.92678765530326
 10
240.93134985483127
 20
225.8455482583287
 10
241.24327058641336
 20
225.75545390704718
 10
241.54309933375342
 20
225.6570526761508
 10
241.83001191965303
 20
225.5509741907785
 10
242.10312028207397
 20
225.43794888025351
 10
242.36145320167924
 20
225.31883192988857
 10
242.60392995528483
 20
225.19463983999756
 10
242.829320113379
 20
225.06660623720228
 10
243.03617807509553
 20
224.93627206156359
 10
243.22272786656427
 20
224.80564317931777
 10
243.38663516807324
 20
224.67750051542347
 10
243.52447111240022
 20
224.55612612078218
 10
243.6299502085003
 20
224.4496807879869
 10
243.6659156228588
 20
224.40822595034507
 10
243.74731158042678
 20
224.30019780274432
 10
244.40681430926054
 20
223.41376878842405
 10
244.48766211113391
 20
223.3177549675437
 10
244.57953073342202
 20
223.23222615890776
 10
244.68107090182738
 20
223.1584385239815
 10
244.7907912960713
 20
223.0974757816321
 10
244.9070804529123
 20
223.05023329155162
 10
245.02823043370398
 20
223.01740490411055
 10
245.15246190888683
 20
222.99947276977878
 10
245.2779502909986
 20
222.99670025778238
 10
245.4028525323871
 20
223.00912808800024
 10
245.52533419404799
 20
223.03657373291136
 10
245.64359638802716
 20
223.07863409837617
 10
245.75590219768512
 20
223.1346914438794
 10
245.7875451454394
 20
223.15372050861737
 10
246.15034539998783
 20
223.3718970699276
 10
246.52069197186708
 20
223.57700302621092
 10
246.55299309921756
 20
223.5948920904478
 10
246.65769308932107
 20
223.6641231018525
 10
246.75324953129564
 20
223.74551098341337
 10
246.83825898784235
 20
223.83786039145386
 10
246.91147292521921
 20
223.939814990377
 10
246.9718160504539
 20
224.0498773731638
 10
247.01840210416992
 20
224.16643105378765
 10
247.0505468770765
 20
224.28776420854177
 10
247.06777825894926
 20
224.412094817591
 10
247.06984317251232
 20
224.53759683749416
 10
247.05671129038367
 20
224.6624270203009
 10
247.02857548049357
 20
224.78475198533104
 10
246.98584897343346
 20
224.9027751460337
 10
246.54793029279742
 20
225.91713577022904
 10
246.4950731514354
 20
226.0416408110486
 10
246.47715491610703
 20
226.0935151923616
 10
246.43771010184207
 20
226.23808543555015
 10
246.40151476487725
 20
226.41814206221258
 10
246.37249361339065
 20
226.62416128113225
 10
246.3526405786322
 20
226.8510325807378
 10
246.34319685240604
 20
227.09534391837872
 10
246.34501157889434
 20
227.35455432244888
 10
246.35869645090247
 20
227.62664139584402
 10
246.38470460566774
 20
227.90992274203848
 10
246.42337599669293
 20
228.20295417714345
 10
246.47496562651537
 20
228.50446700788416
 10
246.53966203446544
 20
228.8133269353137
 10
246.61759840330924
 20
229.12850538847155
 10
246.70886342911263
 20
229.44905984406626
 10
246.8137322800152
 20
229.7741790535415
 10
247.3091903131581
 20
229.92276314736935
 10
247.80882322741527
 20
230.05663938325657
 10
248.31219451754
 20
230.1756907999748
 10
248.56557321122486
 20
229.9465637307622
 10
248.80488826984498
 20
229.7145879418226
 10
249.02997237172136
 20
229.4806035790843
 10
249.2404310682545
 20
229.24547123969438
 10
249.4358654136229
 20
229.01014828361716
 10
249.6158715382029
 20
228.7757113122214
 10
249.7800359340324
 20
228.5433865473814
 10
249.92793091753651
 20
228.31459466578394
 10
250.05910771881142
 20
228.09101923417808
 10
250.17308488081366
 20
227.8747175462354
 10
250.26932729817338
 20
227.66831472000817
 10
250.34720385319875
 20
227.47538626701262
 10
250.4058860852199
 20
227.3013549857208
 10
250.44401099561316
 20
227.15643107535575
 10
250.4544305392843
 20
227.10254742566894
 10
250.47090743250317
 20
226.96829432673894
 10
250.59883904237822
 20
225.87087291726908
 10
250.62084838220053
 20
225.74729860833563
 10
250.65764453859475
 20
225.62729417615742
 10
250.70868708647518
 20
225.51262212562344
 10
250.77322636402897
 20
225.40496664494253
 10
250.85031448299773
 20
225.3059088699743
 10
250.93881925031076
 20
225.2169036620892
 10
251.03744079660285
 20
225.13925824062238
 10
251.14473066739322
 20
225.07411298374532
 10
251.25911309653424
 20
225.02242467973366
 10
251.37890814948588
 20
224.9849524746195
 10
251.50235639651152
 20
224.96224672261488
 10
251.6276447534195
 20
224.95464090306044
 10
251.6645628823943
 20
224.95529908265664
 10
252.08784539998783
 20
224.9628453999874
 10
252.5111279175814
 20
224.95529908265664
 10
252.5480460465562
 20
224.95464090306044
 10
252.6733344034642
 20
224.96224672261488
 10
252.79678265048986
 20
224.9849524746195
 10
252.91657770344148
 20
225.02242467973366
 10
253.0309601325825
 20
225.07411298374532
 10
253.1382500033729
 20
225.1392582406224
 10
253.23687154966495
 20
225.2169036620892
 10
253.32537631697798
 20
225.3059088699743
 10
253.40246443594674
 20
225.40496664494253
 10
253.46700371350053
 20
225.51262212562344
 10
253.518046261381
 20
225.62729417615742
 10
253.55484241777518
 20
225.74729860833563
 10
253.5768517575975
 20
225.8708729172691
 10
253.70478336747254
 20
226.96829432673894
 10
253.7212602606914
 20
227.10254742566894
 10
253.73167980436256
 20
227.15643107535575
 10
253.76980471475582
 20
227.3013549857208
 10
253.82848694677693
 20
227.47538626701262
 10
253.9063635018023
 20
227.66831472000817
 10
254.00260591916205
 20
227.8747175462354
 10
254.1165830811643
 20
228.09101923417808
 10
254.24775988243917
 20
228.31459466578394
 10
254.3956548659433
 20
228.5433865473814
 10
254.5598192617728
 20
228.7757113122214
 10
254.7398253863528
 20
229.01014828361716
 10
254.9352597317212
 20
229.24547123969438
 10
255.14571842825436
 20
229.4806035790843
 10
255.37080253013073
 20
229.7145879418226
 10
255.61011758875082
 20
229.9465637307622
 10
255.86349628243576
 20
230.1756907999748
 10
256.3668675725605
 20
230.05663938325657
 10
256.86650048681764
 20
229.92276314736935
 10
257.36195851996047
 20
229.77417905354153
 10
257.4668273708631
 20
229.44905984406626
 10
257.55809239666644
 20
229.12850538847158
 10
257.6360287655103
 20
228.8133269353137
 10
257.70072517346034
 20
228.50446700788416
 10
257.7523148032828
 20
228.20295417714345
 10
257.79098619430795
 20
227.90992274203848
 10
257.81699434907324
 20
227.62664139584402
 10
257.8306792210813
 20
227.3545543224489
 10
257.8324939475697
 20
227.09534391837872
 10
257.8230502213435
 20
226.85103258073778
 10
257.80319718658507
 20
226.62416128113227
 10
257.7741760350985
 20
226.41814206221258
 10
257.73798069813364
 20
226.23808543555015
 10
257.69853588386866
 20
226.0935151923616
 10
257.6806176485403
 20
226.0416408110486
 10
257.6277605071783
 20
225.91713577022904
 10
257.1898418265422
 20
224.9027751460337
 10
257.14711531948217
 20
224.78475198533104
 10
257.11897950959207
 20
224.66242702030087
 10
257.10584762746345
 20
224.53759683749416
 10
257.10791254102645
 20
224.412094817591
 10
257.1251439228992
 20
224.28776420854174
 10
257.15728869580585
 20
224.16643105378765
 10
257.20387474952184
 20
224.04987737316378
 10
257.2642178747565
 20
223.939814990377
 10
257.3374318121334
 20
223.83786039145386
 10
257.42244126868013
 20
223.74551098341337
 10
257.5179977106547
 20
223.6641231018525
 10
257.6226977007582
 20
223.59489209044776
 10
257.6549988281086
 20
223.57700302621095
 10
258.0253453999878
 20
223.37189706992763
 10
258.3881456545363
 20
223.1537205086174
 10
258.4197886022906
 20
223.1346914438794
 10
258.5320944119486
 20
223.07863409837617
 10
258.65035660592775
 20
223.03657373291136
 10
258.77283826758867
 20
223.00912808800024
 10
258.89774050897717
 20
222.99670025778238
 10
259.02322889108893
 20
222.99947276977878
 10
259.1474603662718
 20
223.01740490411055
 10
259.26861034706343
 20
223.05023329155162
 10
259.3848995039044
 20
223.0974757816321
 10
259.49461989814836
 20
223.1584385239815
 10
259.5961600665537
 20
223.23222615890776
 10
259.6880286888418
 20
223.3177549675437
 10
259.76887649071523
 20
223.41376878842402
 10
260.42837921954896
 20
224.30019780274432
 10
260.5097751771169
 20
224.40822595034507
 10
260.5457405914754
 20
224.4496807879869
 10
260.6512196875755
 20
224.55612612078218
 10
260.78905563190244
 20
224.67750051542347
 10
260.9529629334114
 20
224.8056431793178
 10
261.1395127248802
 20
224.9362720615636
 10
261.3463706865967
 20
225.0666062372023
 10
261.57176084469086
 20
225.19463983999756
 10
261.8142375982965
 20
225.31883192988857
 10
262.07257051790174
 20
225.43794888025351
 10
262.3456788803227
 20
225.55097419077853
 10
262.63259146622227
 20
225.6570526761508
 10
262.93242021356235
 20
225.75545390704718
 10
263.2443409451444
 20
225.8455482583287
 10
263.56758175988745
 20
225.92678765530326
 10
263.9015776800026
 20
225.9985281710936
 10
264.27798429642723
 20
225.64374097479669
 10
264.64374097479714
 20
225.27798429642678
 10
264.998528171094
 20
224.9015776800022
 10
264.9267876553037
 20
224.56758175988696
 10
264.84554825832913
 20
224.244340945144
 10
264.7554539070477
 20
223.9324202135619
 10
264.65705267615124
 20
223.63259146622184
 10
264.55097419077896
 20
223.34567888032223
 10
264.437948880254
 20
223.07257051790128
 10
264.31883192988903
 20
222.81423759829602
 10
264.194639839998
 20
222.57176084469043
 10
264.0666062372028
 20
222.34637068659626
 10
263.93627206156407
 20
222.13951272487975
 10
263.8056431793182
 20
221.952962933411
 10
263.67750051542396
 20
221.78905563190202
 10
263.5561261207826
 20
221.65121968757504
 10
263.44968078798735
 20
221.54574059147492
 10
263.4082259503456
 20
221.50977517711647
 10
263.3001978027448
 20
221.42837921954848
 10
262.41376878842453
 20
220.76887649071472
 10
262.31775496754415
 20
220.68802868884134
 10
262.23222615890825
 20
220.59616006655324
 10
262.15843852398194
 20
220.4946198981479
 10
262.09747578163257
 20
220.38489950390397
 10
262.0502332915521
 20
220.26861034706295
 10
262.017404904111
 20
220.14746036627128
 10
261.99947276977923
 20
220.02322889108845
 10
261.99670025778283
 20
219.89774050897668
 10
262.0091280880007
 20
219.77283826758816
 10
262.03657373291185
 20
219.65035660592727
 10
262.07863409837665
 20
219.5320944119481
 10
262.1346914438799
 20
219.41978860229014
 10
262.1537205086178
 20
219.38814565453586
 10
262.3718970699281
 20
219.02534539998743
 10
262.5770030262114
 20
218.65499882810818
 10
262.59489209044824
 20
218.6226977007577
 10
262.66412310185297
 20
218.51799771065419
 10
262.74551098341385
 20
218.42244126867962
 10
262.83786039145434
 20
218.3374318121329
 10
262.93981499037744
 20
218.26421787475604
 10
263.0498773731643
 20
218.20387474952136
 10
263.16643105378813
 20
218.15728869580533
 10
263.2877642085422
 20
218.12514392289876
 10
263.4120948175915
 20
218.10791254102597
 10
263.5375968374946
 20
218.10584762746294
 10
263.6624270203014
 20
218.11897950959158
 10
263.7847519853315
 20
218.14711531948168
 10
263.9027751460342
 20
218.1898418265418
 10
264.9171357702295
 20
218.62776050717784
 10
265.0416408110491
 20
218.68061764853988
 10
265.0935151923621
 20
218.69853588386823
 10
265.2380854355506
 20
218.73798069813319
 10
265.41814206221306
 20
218.774176035098
 10
265.62416128113273
 20
218.8031971865846
 10
265.85103258073826
 20
218.82305022134307
 10
266.0953439183792
 20
218.83249394756922
 10
266.35455432244936
 20
218.83067922108089
 10
266.62664139584444
 20
218.8169943490728
 10
266.90992274203893
 20
218.79098619430752
 10
267.2029541771439
 20
218.75231480328233
 10
267.5044670078846
 20
218.7007251734599
 10
267.8133269353142
 20
218.63602876550982
 10
268.12850538847204
 20
218.558092396666
 10
268.4490598440667
 20
218.46682737086263
 10
268.77417905354196
 20
218.36195851996007
 10
268.8583552312363
 20
218.08784539998732
 10
292.0878453999879
 20
218.0878453999874
 10
292.3681976361738
 20
218.07997947507647
 10
292.64766778050443
 20
218.05640644945362
 10
292.92537651651156
 20
218.01720049257858
 10
293.20045006976943
 20
217.96248496089652
 10
293.47202295711213
 20
217.8924320097129
 10
293.7392407097637
 20
217.80726205152922
 10
294.0012625618133
 20
217.70724306254382
 10
294.25726409557564
 20
217.5926897394995
 10
294.5064398355141
 20
217.46396250953117
 10
294.7480057825645
 20
217.3214663961288
 10
294.9812018808869
 20
217.1656497447837
 10
295.2052944092815
 20
216.99700281232757
 10
295.41957828974785
 20
216.81605622440324
 10
295.6233793059206
 20
216.62337930592014
 10
295.81605622440367
 20
216.41957828974742
 10
295.997002812328
 20
216.20529440928107
 10
296.16564974478416
 20
215.98120188088643
 10
296.32146639612927
 20
215.7480057825641
 10
296.4639625095316
 20
215.50643983551362
 10
296.5926897395
 20
215.2572640955752
 10
296.7072430625443
 20
215.00126256181287
 10
296.8072620515297
 20
214.73924070976324
 10
296.89243200971333
 20
214.47202295711168
 10
296.962484960897
 20
214.20045006976898
 10
297.01720049257904
 20
213.9253765165111
 10
297.0564064494541
 20
213.64766778050395
 10
297.0799794750769
 20
213.36819763617336
 10
297.0878453999879
 20
213.08784539998743
 10
297.0799794750769
 20
212.80749316380147
 10
297.0564064494541
 20
212.52802301947088
 10
297.01720049257904
 20
212.25031428346375
 10
296.962484960897
 20
211.97524073020585
 10
296.8924320097134
 20
211.70366784286318
 10
296.8072620515297
 20
211.4364500902116
 10
296.7072430625443
 20
211.17442823816197
 10
296.5926897395
 20
210.91842670439962
 10
296.46396250953165
 20
210.6692509644612
 10
296.32146639612927
 20
210.42768501741074
 10
296.16564974478416
 20
210.19448891908837
 10
295.99700281232805
 20
209.97039639069374
 10
295.8160562244037
 20
209.75611251022738
 10
295.6233793059206
 20
209.55231149405466
 10
295.4195782897479
 20
209.3596345755716
 10
295.2052944092815
 20
209.17868798764727
 10
294.9812018808869
 20
209.0100410551911
 10
294.7480057825646
 20
208.854224403846
 10
294.5064398355141
 20
208.71172829044363
 10
294.2572640955757
 20
208.5830010604753
 10
294.00126256181335
 20
208.46844773743098
 10
293.7392407097637
 20
208.36842874844558
 10
293.47202295711213
 20
208.2832587902619
 10
293.20045006976943
 20
208.21320583907828
 10
292.92537651651156
 20
208.15849030739622
 10
292.64766778050443
 20
208.11928435052118
 10
292.3681976361738
 20
208.09571132489833
  0
LWPOLYLINE
  5
85
330
17
100
AcDbEntity
  8
CORTE
100
AcDbPolyline
 90
62
 70
1
 10
250.58784539998786
 20
213.0878453999874
 10
250.59554141490003
 20
212.93609291700625
 10
250.61855048810912
 20
212.7858976198544
 10
250.6566365153878
 20
212.63880071552737
 10
250.70940868255752
 20
212.49631161731742
 10
250.776325475771
 20
212.35989245619078
 10
250.85670023817693
 20
212.23094307734522
 10
250.94970821594868
 20
212.11078667590408
 10
251.05439502137432
 20
212.00065621914374
 10
251.16968642616638
 20
211.90168179458087
 10
251.2943993844974
 20
211.81487901374527
 10
251.4272541726514
 20
211.7411385906313
 10
251.56688752072063
 20
211.68121720176677
 10
251.71186660159978
 20
211.6357297216881
 10
251.860703733731
 20
211.60514291349523
 10
252.0118716467298
 20
211.5897706392308
 10
252.16381915324592
 20
211.5897706392308
 10
252.31498706624473
 20
211.60514291349523
 10
252.46382419837593
 20
211.63572972168808
 10
252.60880327925508
 20
211.68121720176677
 10
252.7484366273243
 20
211.7411385906313
 10
252.8812914154783
 20
211.81487901374527
 10
253.00600437380936
 20
211.90168179458084
 10
253.1212957786014
 20
212.0006562191437
 10
253.22598258402707
 20
212.11078667590408
 10
253.31899056179878
 20
212.23094307734522
 10
253.39936532420472
 20
212.35989245619078
 10
253.46628211741822
 20
212.49631161731742
 10
253.51905428458792
 20
212.63880071552737
 10
253.5571403118666
 20
212.7858976198544
 10
253.5801493850757
 20
212.93609291700625
 10
253.58784539998786
 20
213.0878453999874
 10
253.5801493850757
 20
213.23959788296855
 10
253.5571403118666
 20
213.3897931801204
 10
253.51905428458792
 20
213.53689008444744
 10
253.46628211741822
 20
213.67937918265739
 10
253.39936532420472
 20
213.81579834378402
 10
253.31899056179878
 20
213.9447477226296
 10
253.22598258402707
 20
214.06490412407072
 10
253.1212957786014
 20
214.17503458083107
 10
253.00600437380936
 20
214.27400900539394
 10
252.8812914154783
 20
214.36081178622953
 10
252.7484366273243
 20
214.4345522093435
 10
252.60880327925508
 20
214.494473598208
 10
252.46382419837593
 20
214.5399610782867
 10
252.31498706624473
 20
214.57054788647957
 10
252.16381915324592
 20
214.58592016074397
 10
252.0118716467298
 20
214.58592016074397
 10
251.860703733731
 20
214.57054788647957
 10
251.71186660159978
 20
214.5399610782867
 10
251.56688752072063
 20
214.494473598208
 10
251.4272541726514
 20
214.4345522093435
 10
251.2943993844974
 20
214.36081178622953
 10
251.16968642616638
 20
214.27400900539394
 10
251.05439502137432
 20
214.17503458083107
 10
250.94970821594868
 20
214.06490412407072
 10
250.85670023817696
 20
213.9447477226296
 10
250.776325475771
 20
213.81579834378402
 10
250.70940868255752
 20
213.67937918265739
 10
250.6566365153878
 20
213.53689008444744
 10
250.61855048810912
 20
213.3897931801204
 10
250.59554141490003
 20
213.23959788296855
  0
LWPOLYLINE
  5
86
330
17
100
AcDbEntity
  8
CORTE
100
AcDbPolyline
 90
62
 70
1
 10
293.5878453999879
 20
213.0878453999874
 10
293.5801493850757
 20
213.23959788296855
 10
293.5571403118666
 20
213.3897931801204
 10
293.5190542845879
 20
213.53689008444744
 10
293.4662821174182
 20
213.67937918265739
 10
293.3993653242047
 20
213.81579834378402
 10
293.3189905617988
 20
213.9447477226296
 10
293.22598258402707
 20
214.06490412407072
 10
293.1212957786014
 20
214.1750345808311
 10
293.00600437380933
 20
214.27400900539396
 10
292.8812914154783
 20
214.36081178622953
 10
292.74843662732434
 20
214.4345522093435
 10
292.6088032792551
 20
214.49447359820803
 10
292.46382419837596
 20
214.5399610782867
 10
292.3149870662447
 20
214.57054788647957
 10
292.1638191532459
 20
214.58592016074397
 10
292.0118716467298
 20
214.58592016074397
 10
291.860703733731
 20
214.57054788647957
 10
291.71186660159975
 20
214.5399610782867
 10
291.5668875207206
 20
214.49447359820803
 10
291.42725417265143
 20
214.4345522093435
 10
291.2943993844974
 20
214.36081178622953
 10
291.1696864261664
 20
214.27400900539396
 10
291.0543950213743
 20
214.1750345808311
 10
290.94970821594865
 20
214.06490412407072
 10
290.8567002381769
 20
213.9447477226296
 10
290.776325475771
 20
213.81579834378402
 10
290.7094086825575
 20
213.67937918265739
 10
290.6566365153878
 20
213.53689008444744
 10
290.6185504881091
 20
213.3897931801204
 10
290.5955414149
 20
213.23959788296855
 10
290.5878453999879
 20
213.0878453999874
 10
290.5955414149
 20
212.93609291700628
 10
290.6185504881091
 20
212.78589761985444
 10
290.6566365153878
 20
212.63880071552737
 10
290.7094086825575
 20
212.49631161731745
 10
290.776325475771
 20
212.35989245619078
 10
290.8567002381769
 20
212.23094307734522
 10
290.94970821594865
 20
212.11078667590408
 10
291.0543950213743
 20
212.00065621914374
 10
291.1696864261664
 20
211.90168179458087
 10
291.2943993844974
 20
211.81487901374527
 10
291.42725417265143
 20
211.7411385906313
 10
291.5668875207206
 20
211.68121720176677
 10
291.71186660159975
 20
211.63572972168808
 10
291.860703733731
 20
211.60514291349523
 10
292.0118716467298
 20
211.5897706392308
 10
292.1638191532459
 20
211.5897706392308
 10
292.3149870662447
 20
211.60514291349523
 10
292.46382419837596
 20
211.63572972168808
 10
292.6088032792551
 20
211.68121720176677
 10
292.74843662732434
 20
211.7411385906313
 10
292.8812914154783
 20
211.81487901374527
 10
293.00600437380933
 20
211.90168179458084
 10
293.1212957786014
 20
212.0006562191437
 10
293.22598258402707
 20
212.11078667590408
 10
293.3189905617988
 20
212.23094307734522
 10
293.3993653242047
 20
212.35989245619078
 10
293.4662821174182
 20
212.49631161731742
 10
293.5190542845879
 20
212.63880071552737
 10
293.5571403118666
 20
212.7858976198544
 10
293.5801493850757
 20
212.93609291700625
  0
LWPOLYLINE
  5
87
330
17
100
AcDbEntity
  8
CORTE
100
AcDbPolyline
 90
92
 70
1
 10
261.30555
 20
277.4014907999748
 10
261.30555
 20
275.6488907999748
 10
258.0
 20
275.6488907999748
 10
258.0
 20
279.1756907999748
 10
255.0
 20
279.1756907999748
 10
255.0
 20
284.1756907999748
 10
290.0
 20
284.1756907999748
 10
290.28035223618593
 20
284.1678248750639
 10
290.5598223805165
 20
284.14425184944105
 10
290.8375311165237
 20
284.10504589256595
 10
291.11260466978155
 20
284.05033036088395
 10
291.38417755712425
 20
283.9802774097003
 10
291.6513953097758
 20
283.89510745151665
 10
291.91341716182546
 20
283.7950884625312
 10
292.16941869558775
 20
283.6805351394869
 10
292.4185944355262
 20
283.5518079095186
 10
292.6601603825767
 20
283.40931179611624
 10
292.893356480899
 20
283.25349514477114
 10
293.11744900929364
 20
283.08484821231497
 10
293.33173288976
 20
282.90390162439064
 10
293.5355339059327
 20
282.71122470590757
 10
293.72821082441584
 20
282.5074236897348
 10
293.90915741234016
 20
282.2931398092685
 10
294.0778043447963
 20
282.06904728087386
 10
294.23362099614144
 20
281.8358511825515
 10
294.37611710954377
 20
281.594285235501
 10
294.5048443395121
 20
281.3451094955626
 10
294.6193976625564
 20
281.08910796180027
 10
294.71941665154185
 20
280.82708610975067
 10
294.8045866097255
 20
280.55986835709905
 10
294.87463956090915
 20
280.28829546975635
 10
294.9293550925912
 20
280.0132219164985
 10
294.9685610494662
 20
279.73551318049135
 10
294.9921340750891
 20
279.45604303616074
 10
295.0
 20
279.1756907999748
 10
295.0
 20
239.1756907999748
 10
294.9921340750891
 20
238.89533856378884
 10
294.9685610494662
 20
238.61586841945825
 10
294.9293550925912
 20
238.33815968345112
 10
294.87463956090915
 20
238.06308613019323
 10
294.8045866097255
 20
237.79151324285056
 10
294.71941665154185
 20
237.52429549019897
 10
294.6193976625564
 20
237.26227363814934
 10
294.5048443395121
 20
237.006272104387
 10
294.37611710954377
 20
236.75709636444859
 10
294.23362099614144
 20
236.5155304173981
 10
294.0778043447963
 20
236.28233431907574
 10
293.90915741234016
 20
236.0582417906811
 10
293.7282108244158
 20
235.84395791021475
 10
293.5355339059327
 20
235.64015689404204
 10
293.33173288976
 20
235.44747997555896
 10
293.11744900929364
 20
235.26653338763464
 10
292.893356480899
 20
235.09788645517847
 10
292.66016038257663
 20
234.94206980383336
 10
292.4185944355262
 20
234.799573690431
 10
292.16941869558775
 20
234.67084646046268
 10
291.9134171618254
 20
234.55629313741835
 10
291.6513953097758
 20
234.45627414843295
 10
291.3841775571242
 20
234.3711041902493
 10
291.1126046697815
 20
234.30105123906569
 10
290.8375311165236
 20
234.24633570738362
 10
290.5598223805165
 20
234.20712975050859
 10
290.2803522361859
 20
234.1835567248857
 10
289.99999999999994
 20
234.1756907999748
 10
255.0
 20
234.1756907999748
 10
255.0
 20
239.1756907999748
 10
258.0
 20
239.1756907999748
 10
258.0
 20
242.7024907999748
 10
261.30555
 20
242.7024907999748
 10
261.30555
 20
240.9498907999748
 10
263.7884
 20
240.9498907999748
 10
263.7884
 20
242.7024907999748
 10
264.6266
 20
242.7024907999748
 10
264.6266
 20
245.6488907999748
 10
263.7884
 20
245.6488907999748
 10
263.7884
 20
247.4014907999748
 10
261.30555
 20
247.4014907999748
 10
261.30555
 20
245.6488907999748
 10
258.0
 20
245.6488907999748
 10
258.0
 20
249.1756907999748
 10
255.0
 20
249.1756907999748
 10
255.0
 20
269.1756907999748
 10
258.0
 20
269.1756907999748
 10
258.0
 20
272.70249079997484
 10
261.30555
 20
272.7024907999748
 10
261.30555
 20
270.9498907999748
 10
263.7884
 20
270.9498907999748
 10
263.7884
 20
272.70249079997484
 10
264.6266
 20
272.7024907999748
 10
264.6266
 20
275.6488907999748
 10
263.7884
 20
275.6488907999748
 10
263.7884
 20
277.4014907999748
  0
LWPOLYLINE
  5
88
330
17
100
AcDbEntity
  8
CORTE
100
AcDbPolyline
 90
50
 70
1
 10
281.75
 20
273.6756907999748
 10
281.75788529868555
 20
273.5503575664105
 10
281.7814168388714
 20
273.42700091280994
 10
281.8202235141118
 20
273.30756624729014
 10
281.87369331995615
 20
273.1939371258731
 10
281.94098300562507
 20
273.08790554768234
 10
282.0210313725786
 20
272.9911436940461
 10
282.1125760102513
 20
272.905177557199
 10
282.214173205021
 20
272.8313628744728
 10
282.32422070843495
 20
272.77086374750877
 10
282.44098300562507
 20
272.7246342836797
 10
282.5626186854143
 20
272.6934035492461
 10
282.6872094804707
 20
272.67766407154653
 10
282.8127905195293
 20
272.67766407154653
 10
282.9373813145857
 20
272.6934035492461
 10
283.05901699437493
 20
272.7246342836797
 10
283.17577929156505
 20
272.77086374750877
 10
283.285826794979
 20
272.8313628744728
 10
283.3874239897487
 20
272.905177557199
 10
283.4789686274214
 20
272.9911436940461
 10
283.55901699437493
 20
273.08790554768234
 10
283.62630668004385
 20
273.1939371258731
 10
283.6797764858882
 20
273.30756624729014
 10
283.7185831611286
 20
273.42700091280994
 10
283.74211470131445
 20
273.5503575664105
 10
283.75
 20
273.6756907999748
 10
283.74211470131445
 20
273.80102403353914
 10
283.7185831611286
 20
273.92438068713966
 10
283.6797764858882
 20
274.04381535265946
 10
283.62630668004385
 20
274.15744447407656
 10
283.55901699437493
 20
274.26347605226727
 10
283.4789686274214
 20
274.3602379059035
 10
283.3874239897487
 20
274.4462040427506
 10
283.285826794979
 20
274.5200187254768
 10
283.17577929156505
 20
274.58051785244083
 10
283.05901699437493
 20
274.62674731627
 10
282.9373813145857
 20
274.6579780507035
 10
282.8127905195293
 20
274.6737175284031
 10
282.6872094804707
 20
274.6737175284031
 10
282.5626186854143
 20
274.6579780507035
 10
282.44098300562507
 20
274.62674731627
 10
282.32422070843495
 20
274.58051785244083
 10
282.214173205021
 20
274.5200187254768
 10
282.1125760102513
 20
274.4462040427506
 10
282.0210313725786
 20
274.3602379059035
 10
281.94098300562507
 20
274.26347605226727
 10
281.87369331995615
 20
274.15744447407656
 10
281.8202235141118
 20
274.04381535265946
 10
281.7814168388714
 20
273.92438068713966
 10
281.75788529868555
 20
273.80102403353914
  0
LWPOLYLINE
  5
89
330
17
100
AcDbEntity
  8
CORTE
100
AcDbPolyline
 90
50
 70
1
 10
281.75
 20
244.6756907999748
 10
281.75788529868555
 20
244.5503575664105
 10
281.7814168388714
 20
244.42700091280994
 10
281.8202235141118
 20
244.3075662472901
 10
281.87369331995615
 20
244.19393712587308
 10
281.94098300562507
 20
244.08790554768234
 10
282.0210313725786
 20
243.99114369404612
 10
282.1125760102513
 20
243.905177557199
 10
282.214173205021
 20
243.83136287447277
 10
282.32422070843495
 20
243.77086374750877
 10
282.44098300562507
 20
243.72463428367965
 10
282.5626186854143
 20
243.6934035492461
 10
282.6872094804707
 20
243.67766407154653
 10
282.8127905195293
 20
243.67766407154653
 10
282.9373813145857
 20
243.6934035492461
 10
283.05901699437493
 20
243.72463428367965
 10
283.17577929156505
 20
243.77086374750877
 10
283.285826794979
 20
243.8313628744728
 10
283.3874239897487
 20
243.905177557199
 10
283.4789686274214
 20
243.99114369404612
 10
283.55901699437493
 20
244.08790554768234
 10
283.62630668004385
 20
244.19393712587308
 10
283.6797764858882
 20
244.30756624729014
 10
283.7185831611286
 20
244.42700091280994
 10
283.74211470131445
 20
244.5503575664105
 10
283.75
 20
244.6756907999748
 10
283.74211470131445
 20
244.8010240335391
 10
283.7185831611286
 20
244.92438068713966
 10
283.6797764858882
 20
245.0438153526595
 10
283.62630668004385
 20
245.15744447407653
 10
283.55901699437493
 20
245.26347605226727
 10
283.4789686274214
 20
245.3602379059035
 10
283.3874239897487
 20
245.4462040427506
 10
283.285826794979
 20
245.5200187254768
 10
283.17577929156505
 20
245.58051785244083
 10
283.05901699437493
 20
245.62674731626996
 10
282.9373813145857
 20
245.6579780507035
 10
282.8127905195293
 20
245.67371752840307
 10
282.6872094804707
 20
245.67371752840307
 10
282.5626186854143
 20
245.6579780507035
 10
282.44098300562507
 20
245.62674731626996
 10
282.32422070843495
 20
245.5805178524408
 10
282.214173205021
 20
245.5200187254768
 10
282.1125760102513
 20
245.4462040427506
 10
282.0210313725786
 20
245.3602379059035
 10
281.94098300562507
 20
245.26347605226727
 10
281.87369331995615
 20
245.15744447407653
 10
281.8202235141118
 20
245.04381535265946
 10
281.7814168388714
 20
244.92438068713966
 10
281.75788529868555
 20
244.8010240335391
  0
LWPOLYLINE
  5
8A
330
17
100
AcDbEntity
  8
CORTE
100
AcDbPolyline
 90
4
 70
1
 10
276.5
 20
270.6756907999748
 10
276.5
 20
247.6756907999748
 10
289.0
 20
247.6756907999748
 10
289.0
 20
270.6756907999748
  0
LWPOLYLINE
  5
8B
330
17
100
AcDbEntity
  8
CORTE
100
AcDbPolyline
 90
190
 70
1
 10
301.08784539998794
 20
200.49802376428954
 10
301.0958046746132
 20
200.7655496912099
 10
301.11965434291
 20
201.0321292570984
 10
301.15931003774074
 20
201.29681944863307
 10
301.214631478854
 20
201.55868393606943
 10
301.2854229691198
 20
201.81679638546527
 10
301.3714340867994
 20
202.07024373554543
 10
301.4723605714011
 20
202.31812942761562
 10
301.587845399988
 20
202.55957657709854
 10
301.58784539998794
 20
228.43647095148106
 10
301.4764046451296
 20
228.66880127391553
 10
301.37844462851797
 20
228.90712931614166
 10
301.294286544941
 20
229.150673639694
 10
301.22420633491777
 20
229.39863570277825
 10
301.16843377993473
 20
229.6502024785587
 10
301.12715174902957
 20
229.9045491209392
 10
301.10049559919435
 20
230.16084166909826
 10
301.08855273156155
 20
230.41823978190916
 10
301.09136230483057
 20
230.67589949328047
 10
301.10891510687264
 20
230.93297597938215
 10
301.14115358493575
 20
231.18862632868382
 10
301.187972034351
 20
231.44201230572332
 10
301.2492169451203
 20
231.69230309954273
 10
301.32468750525106
 20
231.93867804778108
 10
301.4046012673994
 20
232.1981880769073
 10
301.47030913242514
 20
232.4616537123734
 10
301.5216173103176
 20
232.72829792378468
 10
301.55837447958226
 20
232.99733430627862
 10
301.58047223352816
 20
233.2679693998425
 10
301.58784539998794
 20
233.53940502943846
 10
301.58784539998794
 20
377.4566424991399
 10
301.58047223352816
 20
377.7280781287359
 10
301.55837447958226
 20
377.9987132222999
 10
301.52161731031754
 20
378.26774960479383
 10
301.4703091324251
 20
378.53439381620524
 10
301.40460126739936
 20
378.79785945167134
 10
301.324687505251
 20
379.05736948079755
 10
301.25276511931753
 20
379.29092850701124
 10
301.1936280407944
 20
379.5280475789308
 10
301.1474506806912
 20
379.76802736920104
 10
301.1143692283529
 20
380.01016011344564
 10
301.0944812498016
 20
380.25373169765317
 10
301.0878453999878
 20
380.49802376428954
 10
301.0957486070484
 20
380.7646065898113
 10
301.11943046792703
 20
381.03025303343577
 10
301.15880779922367
 20
381.2940300023412
 10
301.213742286626
 20
381.555010970304
 10
301.2840409707435
 20
381.812279232156
 10
301.3694569248843
 20
382.0649311237444
 10
301.46969012239424
 20
382.3120791960855
 10
301.5843884905115
 20
382.5528553325613
 10
301.71314914703476
 20
382.78641379821113
 10
301.85551981546195
 20
383.011934210406
 10
302.01100041362776
 20
383.22862442047335
 10
302.17904481026056
 20
383.435723296147
 10
302.3590627432884
 20
383.6325033950732
 10
302.55042189315594
 20
383.8182735199774
 10
302.75245010387016
 20
383.99238114652087
 10
302.9644377439728
 20
384.1542147153152
 10
303.18564019914635
 20
384.30320578004785
 10
303.41528048769953
 20
384.43883100416997
 10
303.6525519897436
 20
384.5606139991355
 10
303.8966212804738
 20
384.6681269977329
 10
304.14663105760513
 20
384.76099235663355
 10
304.4017031526771
 20
384.83888388287727
 10
304.660941615653
 20
384.9015279796374
 10
304.92343586197677
 20
384.9487046072394
 10
305.18826387103474
 20
384.98024805605814
 10
305.45449542478644
 20
384.9960475285792
 10
305.7211953751895
 20
384.9960475285792
 10
305.98742692894115
 20
384.98024805605814
 10
306.2522549379991
 20
384.9487046072394
 10
306.5147491843229
 20
384.9015279796374
 10
306.7739876472988
 20
384.8388838828772
 10
307.02905974237075
 20
384.76099235663355
 10
307.27906951950206
 20
384.6681269977329
 10
307.52313881023235
 20
384.5606139991355
 10
307.76041031227635
 20
384.43883100416997
 10
307.99005060082953
 20
384.30320578004785
 10
308.2112530560031
 20
384.1542147153152
 10
308.4232406961057
 20
383.9923811465208
 10
308.62526890681994
 20
383.8182735199774
 10
308.8166280566875
 20
383.63250339507306
 10
308.9966459897153
 20
383.435723296147
 10
309.1646903863481
 20
383.22862442047324
 10
309.32017098451394
 20
383.011934210406
 10
309.4625416529411
 20
382.78641379821113
 10
309.59130230946437
 20
382.5528553325613
 10
309.70600067758164
 20
382.31207919608545
 10
309.8062338750916
 20
382.0649311237444
 10
309.8916498292324
 20
381.81227923215596
 10
309.9619485133499
 20
381.555010970304
 10
310.0168830007522
 20
381.2940300023412
 10
310.05626033204885
 20
381.03025303343566
 10
310.0799421929275
 20
380.76460658981125
 10
310.08784539998805
 20
380.49802376428954
 10
310.0812095501742
 20
380.25373169765317
 10
310.06132157162295
 20
380.01016011344564
 10
310.0282401192847
 20
379.76802736920104
 10
309.9820627591815
 20
379.5280475789309
 10
309.92292568065835
 20
379.2909285070114
 10
309.8510032947249
 20
379.0573694807978
 10
309.77108953257647
 20
378.79785945167157
 10
309.70538166755074
 20
378.53439381620547
 10
309.6540734896583
 20
378.2677496047942
 10
309.61731632039357
 20
377.99871322230024
 10
309.5952185664477
 20
377.72807812873634
 10
309.58784539998794
 20
377.4566424991404
 10
309.58784539998794
 20
233.53940502943905
 10
309.5952185664477
 20
233.2679693998429
 10
309.6173163203936
 20
232.99733430627901
 10
309.65407348965834
 20
232.72829792378508
 10
309.7053816675508
 20
232.46165371237382
 10
309.77108953257647
 20
232.19818807690774
 10
309.8510032947248
 20
231.93867804778154
 10
309.9229256806582
 20
231.70511902156787
 10
309.98206275918136
 20
231.46799994964834
 10
310.0282401192846
 20
231.2280201593781
 10
310.06132157162284
 20
230.9858874151335
 10
310.08120955017415
 20
230.74231583092592
 10
310.08784539998794
 20
230.49802376428954
 10
310.0798861253627
 20
230.23049783736917
 10
310.0560364570659
 20
229.96391827148068
 10
310.01638076223514
 20
229.699228079946
 10
309.9610593211219
 20
229.43736359250966
 10
309.8902678308561
 20
229.17925114311382
 10
309.80425671317647
 20
228.92580379303365
 10
309.70333022857477
 20
228.67791810096347
 10
309.5878453999879
 20
228.43647095148054
 10
309.58784539998794
 20
202.55957657709854
 10
309.70333022857477
 20
202.31812942761564
 10
309.80425671317647
 20
202.07024373554543
 10
309.8902678308561
 20
201.81679638546527
 10
309.9610593211219
 20
201.55868393606946
 10
310.0163807622352
 20
201.29681944863307
 10
310.0560364570659
 20
201.0321292570984
 10
310.0798861253627
 20
200.7655496912099
 10
310.08784539998794
 20
200.49802376428954
 10
310.0799421929274
 20
200.23144093876783
 10
310.0562603320488
 20
199.9657944951434
 10
310.01688300075216
 20
199.70201752623797
 10
309.9619485133498
 20
199.44103655827513
 10
309.8916498292323
 20
199.18376829642315
 10
309.8062338750915
 20
198.93111640483477
 10
309.7060006775815
 20
198.6839683324937
 10
309.5913023094643
 20
198.44319219601783
 10
309.462541652941
 20
198.20963373036807
 10
309.3201709845138
 20
197.98411331817312
 10
309.164690386348
 20
197.7674231081059
 10
308.9966459897152
 20
197.5603242324322
 10
308.8166280566874
 20
197.36354413350608
 10
308.6252689068199
 20
197.17777400860177
 10
308.42324069610567
 20
197.00366638205838
 10
308.21125305600305
 20
196.84183281326398
 10
307.9900506008295
 20
196.69284174853135
 10
307.7604103122763
 20
196.5572165244092
 10
307.5231388102323
 20
196.43543352944374
 10
307.279069519502
 20
196.3279205308463
 10
307.0290597423707
 20
196.2350551719457
 10
306.7739876472987
 20
196.15716364570196
 10
306.5147491843229
 20
196.0945195489418
 10
306.2522549379991
 20
196.04734292133983
 10
305.98742692894115
 20
196.0157994725211
 10
305.72119537518944
 20
196.0
 10
305.45449542478644
 20
196.0
 10
305.18826387103474
 20
196.0157994725211
 10
304.92343586197677
 20
196.04734292133983
 10
304.660941615653
 20
196.0945195489418
 10
304.40170315267716
 20
196.15716364570196
 10
304.1466310576052
 20
196.2350551719457
 10
303.8966212804739
 20
196.3279205308463
 10
303.6525519897436
 20
196.43543352944374
 10
303.4152804876996
 20
196.55721652440923
 10
303.1856401991464
 20
196.69284174853135
 10
302.96443774397284
 20
196.841832813264
 10
302.7524501038703
 20
197.00366638205838
 10
302.550421893156
 20
197.1777740086018
 10
302.35906274328846
 20
197.36354413350608
 10
302.1790448102607
 20
197.5603242324322
 10
302.01100041362787
 20
197.7674231081059
 10
301.85551981546206
 20
197.98411331817312
 10
301.71314914703487
 20
198.20963373036807
 10
301.58438849051157
 20
198.44319219601786
 10
301.46969012239435
 20
198.6839683324937
 10
301.3694569248844
 20
198.93111640483477
 10
301.2840409707436
 20
199.18376829642318
 10
301.2137422866261
 20
199.44103655827513
 10
301.1588077992238
 20
199.702017526238
 10
301.11943046792715
 20
199.96579449514343
 10
301.0957486070485
 20
200.23144093876786
  0
LWPOLYLINE
  5
8C
330
17
100
AcDbEntity
  8
CORTE
100
AcDbPolyline
 90
62
 70
1
 10
307.08784539998794
 20
200.49802376428957
 10
307.0801493850758
 20
200.64977624727072
 10
307.0571403118667
 20
200.79997154442256
 10
307.01905428458804
 20
200.9470684487496
 10
306.9662821174183
 20
201.08955754695955
 10
306.89936532420484
 20
201.2259767080862
 10
306.81899056179884
 20
201.35492608693175
 10
306.7259825840271
 20
201.4750824883729
 10
306.6212957786015
 20
201.58521294513326
 10
306.50600437380945
 20
201.68418736969613
 10
306.3812914154784
 20
201.7709901505317
 10
306.2484366273244
 20
201.84473057364568
 10
306.1088032792552
 20
201.90465196251017
 10
305.963824198376
 20
201.95013944258886
 10
305.81498706624484
 20
201.98072625078174
 10
305.66381915324604
 20
201.99609852504614
 10
305.5118716467299
 20
201.99609852504614
 10
305.3607037337311
 20
201.98072625078174
 10
305.21186660159987
 20
201.95013944258886
 10
305.06688752072074
 20
201.90465196251017
 10
304.9272541726515
 20
201.84473057364568
 10
304.7943993844975
 20
201.7709901505317
 10
304.66968642616644
 20
201.68418736969613
 10
304.55439502137443
 20
201.58521294513326
 10
304.44970821594876
 20
201.4750824883729
 10
304.35670023817704
 20
201.35492608693175
 10
304.27632547577105
 20
201.2259767080862
 10
304.2094086825576
 20
201.08955754695955
 10
304.15663651538785
 20
200.94706844874958
 10
304.11855048810924
 20
200.79997154442253
 10
304.0955414149001
 20
200.64977624727072
 10
304.08784539998794
 20
200.49802376428954
 10
304.0955414149001
 20
200.34627128130842
 10
304.11855048810924
 20
200.19607598415658
 10
304.1566365153879
 20
200.04897907982954
 10
304.2094086825576
 20
199.9064899816196
 10
304.2763254757711
 20
199.77007082049295
 10
304.35670023817704
 20
199.64112144164739
 10
304.44970821594876
 20
199.52096504020625
 10
304.55439502137443
 20
199.41083458344588
 10
304.66968642616644
 20
199.311860158883
 10
304.7943993844975
 20
199.22505737804744
 10
304.9272541726515
 20
199.15131695493346
 10
305.06688752072074
 20
199.09139556606897
 10
305.21186660159987
 20
199.04590808599028
 10
305.3607037337311
 20
199.0153212777974
 10
305.5118716467299
 20
198.999949003533
 10
305.66381915324604
 20
198.999949003533
 10
305.81498706624484
 20
199.0153212777974
 10
305.963824198376
 20
199.04590808599028
 10
306.1088032792552
 20
199.09139556606897
 10
306.2484366273244
 20
199.15131695493346
 10
306.3812914154784
 20
199.22505737804744
 10
306.50600437380945
 20
199.311860158883
 10
306.6212957786015
 20
199.41083458344588
 10
306.7259825840271
 20
199.52096504020625
 10
306.81899056179884
 20
199.64112144164739
 10
306.89936532420484
 20
199.77007082049295
 10
306.9662821174183
 20
199.9064899816196
 10
307.01905428458804
 20
200.04897907982954
 10
307.0571403118667
 20
200.19607598415658
 10
307.0801493850758
 20
200.34627128130842
  0
LWPOLYLINE
  5
8D
330
17
100
AcDbEntity
  8
CORTE
100
AcDbPolyline
 90
62
 70
1
 10
307.08784539998794
 20
373.9320237642895
 10
307.0801493850758
 20
374.0837762472707
 10
307.05714031186665
 20
374.2339715444225
 10
307.019054284588
 20
374.3810684487496
 10
306.9662821174183
 20
374.5235575469595
 10
306.8993653242048
 20
374.65997670808616
 10
306.81899056179884
 20
374.7889260869317
 10
306.7259825840271
 20
374.90908248837286
 10
306.62129577860145
 20
375.01921294513323
 10
306.50600437380945
 20
375.1181873696961
 10
306.38129141547836
 20
375.20499015053167
 10
306.2484366273244
 20
375.2787305736457
 10
306.10880327925514
 20
375.3386519625102
 10
305.963824198376
 20
375.3841394425889
 10
305.8149870662448
 20
375.4147262507817
 10
305.663819153246
 20
375.4300985250461
 10
305.51187164672984
 20
375.4300985250461
 10
305.36070373373104
 20
375.4147262507817
 10
305.21186660159987
 20
375.3841394425889
 10
305.0668875207207
 20
375.3386519625102
 10
304.9272541726515
 20
375.2787305736457
 10
304.79439938449747
 20
375.20499015053167
 10
304.66968642616644
 20
375.1181873696961
 10
304.5543950213744
 20
375.0192129451332
 10
304.44970821594876
 20
374.90908248837286
 10
304.35670023817704
 20
374.7889260869317
 10
304.27632547577105
 20
374.65997670808616
 10
304.2094086825576
 20
374.5235575469595
 10
304.15663651538785
 20
374.3810684487496
 10
304.1185504881092
 20
374.2339715444225
 10
304.0955414149001
 20
374.0837762472707
 10
304.08784539998794
 20
373.9320237642895
 10
304.0955414149001
 20
373.7802712813084
 10
304.1185504881092
 20
373.6300759841565
 10
304.15663651538785
 20
373.48297907982953
 10
304.2094086825576
 20
373.3404899816196
 10
304.27632547577105
 20
373.2040708204929
 10
304.35670023817704
 20
373.07512144164735
 10
304.44970821594876
 20
372.9549650402062
 10
304.5543950213744
 20
372.84483458344585
 10
304.66968642616644
 20
372.74586015888303
 10
304.79439938449747
 20
372.65905737804746
 10
304.9272541726515
 20
372.58531695493343
 10
305.0668875207207
 20
372.52539556606894
 10
305.21186660159987
 20
372.47990808599025
 10
305.36070373373104
 20
372.44932127779737
 10
305.51187164672984
 20
372.433949003533
 10
305.663819153246
 20
372.433949003533
 10
305.8149870662448
 20
372.44932127779737
 10
305.963824198376
 20
372.47990808599025
 10
306.10880327925514
 20
372.52539556606894
 10
306.2484366273244
 20
372.58531695493343
 10
306.38129141547836
 20
372.6590573780474
 10
306.50600437380945
 20
372.74586015888303
 10
306.62129577860145
 20
372.84483458344585
 10
306.7259825840271
 20
372.9549650402062
 10
306.81899056179884
 20
373.07512144164735
 10
306.8993653242048
 20
373.2040708204929
 10
306.9662821174183
 20
373.3404899816196
 10
307.019054284588
 20
373.48297907982953
 10
307.05714031186665
 20
373.6300759841565
 10
307.0801493850758
 20
373.7802712813084
  0
LWPOLYLINE
  5
8E
330
17
100
AcDbEntity
  8
CORTE
100
AcDbPolyline
 90
62
 70
1
 10
307.08784539998794
 20
330.49802376428954
 10
307.0801493850758
 20
330.64977624727067
 10
307.0571403118667
 20
330.79997154442253
 10
307.01905428458804
 20
330.94706844874963
 10
306.9662821174183
 20
331.08955754695955
 10
306.89936532420484
 20
331.22597670808614
 10
306.81899056179884
 20
331.35492608693175
 10
306.7259825840271
 20
331.4750824883729
 10
306.62129577860145
 20
331.5852129451332
 10
306.50600437380945
 20
331.68418736969613
 10
306.38129141547836
 20
331.7709901505317
 10
306.2484366273244
 20
331.8447305736457
 10
306.1088032792552
 20
331.9046519625102
 10
305.963824198376
 20
331.95013944258886
 10
305.8149870662448
 20
331.9807262507817
 10
305.663819153246
 20
331.99609852504614
 10
305.51187164672984
 20
331.99609852504614
 10
305.36070373373104
 20
331.9807262507817
 10
305.21186660159987
 20
331.95013944258886
 10
305.0668875207207
 20
331.9046519625102
 10
304.9272541726515
 20
331.8447305736457
 10
304.79439938449747
 20
331.7709901505317
 10
304.66968642616644
 20
331.68418736969613
 10
304.5543950213744
 20
331.5852129451332
 10
304.44970821594876
 20
331.4750824883729
 10
304.35670023817704
 20
331.35492608693175
 10
304.27632547577105
 20
331.22597670808614
 10
304.2094086825576
 20
331.08955754695955
 10
304.15663651538785
 20
330.9470684487496
 10
304.1185504881092
 20
330.79997154442253
 10
304.0955414149001
 20
330.64977624727067
 10
304.08784539998794
 20
330.49802376428954
 10
304.0955414149001
 20
330.3462712813084
 10
304.1185504881092
 20
330.19607598415655
 10
304.15663651538785
 20
330.04897907982956
 10
304.2094086825576
 20
329.9064899816196
 10
304.27632547577105
 20
329.77007082049295
 10
304.35670023817704
 20
329.64112144164733
 10
304.44970821594876
 20
329.5209650402062
 10
304.55439502137443
 20
329.4108345834459
 10
304.66968642616644
 20
329.311860158883
 10
304.7943993844975
 20
329.22505737804744
 10
304.9272541726515
 20
329.15131695493346
 10
305.0668875207207
 20
329.09139556606897
 10
305.21186660159987
 20
329.0459080859903
 10
305.3607037337311
 20
329.0153212777974
 10
305.51187164672984
 20
328.99994900353295
 10
305.663819153246
 20
328.99994900353295
 10
305.8149870662448
 20
329.0153212777974
 10
305.963824198376
 20
329.0459080859903
 10
306.1088032792552
 20
329.09139556606897
 10
306.2484366273244
 20
329.15131695493346
 10
306.38129141547836
 20
329.22505737804744
 10
306.50600437380945
 20
329.311860158883
 10
306.62129577860145
 20
329.4108345834459
 10
306.7259825840271
 20
329.5209650402062
 10
306.81899056179884
 20
329.64112144164733
 10
306.89936532420484
 20
329.77007082049295
 10
306.9662821174183
 20
329.9064899816196
 10
307.01905428458804
 20
330.0489790798295
 10
307.0571403118667
 20
330.19607598415655
 10
307.0801493850758
 20
330.3462712813084
  0
LWPOLYLINE
  5
8F
330
17
100
AcDbEntity
  8
CORTE
100
AcDbPolyline
 90
62
 70
1
 10
307.08784539998794
 20
280.49802376428954
 10
307.0801493850758
 20
280.64977624727067
 10
307.0571403118667
 20
280.79997154442253
 10
307.01905428458804
 20
280.9470684487496
 10
306.9662821174183
 20
281.08955754695955
 10
306.89936532420484
 20
281.2259767080862
 10
306.81899056179884
 20
281.35492608693175
 10
306.7259825840271
 20
281.4750824883729
 10
306.62129577860145
 20
281.5852129451332
 10
306.50600437380945
 20
281.68418736969613
 10
306.38129141547836
 20
281.7709901505317
 10
306.2484366273244
 20
281.8447305736457
 10
306.1088032792552
 20
281.9046519625102
 10
305.963824198376
 20
281.95013944258886
 10
305.8149870662448
 20
281.98072625078174
 10
305.663819153246
 20
281.99609852504614
 10
305.5118716467299
 20
281.99609852504614
 10
305.3607037337311
 20
281.9807262507817
 10
305.21186660159987
 20
281.95013944258886
 10
305.0668875207207
 20
281.9046519625102
 10
304.9272541726515
 20
281.8447305736457
 10
304.79439938449747
 20
281.7709901505317
 10
304.66968642616644
 20
281.68418736969613
 10
304.55439502137443
 20
281.5852129451332
 10
304.44970821594876
 20
281.4750824883729
 10
304.35670023817704
 20
281.35492608693175
 10
304.27632547577105
 20
281.22597670808614
 10
304.2094086825576
 20
281.08955754695955
 10
304.15663651538785
 20
280.9470684487496
 10
304.1185504881092
 20
280.79997154442253
 10
304.0955414149001
 20
280.64977624727067
 10
304.08784539998794
 20
280.49802376428954
 10
304.0955414149001
 20
280.3462712813084
 10
304.1185504881092
 20
280.19607598415655
 10
304.15663651538785
 20
280.0489790798295
 10
304.2094086825576
 20
279.9064899816196
 10
304.27632547577105
 20
279.77007082049295
 10
304.35670023817704
 20
279.6411214416474
 10
304.44970821594876
 20
279.5209650402062
 10
304.55439502137443
 20
279.4108345834459
 10
304.66968642616644
 20
279.311860158883
 10
304.7943993844975
 20
279.22505737804744
 10
304.9272541726515
 20
279.15131695493346
 10
305.0668875207207
 20
279.09139556606897
 10
305.21186660159987
 20
279.0459080859903
 10
305.3607037337311
 20
279.0153212777974
 10
305.5118716467299
 20
278.99994900353295
 10
305.66381915324604
 20
278.99994900353295
 10
305.8149870662448
 20
279.0153212777974
 10
305.963824198376
 20
279.0459080859903
 10
306.1088032792552
 20
279.09139556606897
 10
306.2484366273244
 20
279.15131695493346
 10
306.38129141547836
 20
279.22505737804744
 10
306.50600437380945
 20
279.311860158883
 10
306.62129577860145
 20
279.4108345834459
 10
306.7259825840271
 20
279.5209650402062
 10
306.81899056179884
 20
279.64112144164733
 10
306.89936532420484
 20
279.77007082049295
 10
306.9662821174183
 20
279.9064899816196
 10
307.01905428458804
 20
280.0489790798295
 10
307.0571403118667
 20
280.19607598415655
 10
307.0801493850758
 20
280.3462712813084
  0
LWPOLYLINE
  5
90
330
17
100
AcDbEntity
  8
CORTE
100
AcDbPolyline
 90
72
 70
1
 10
307.58784539998794
 20
380.49802376428954
 10
307.5802347961714
 20
380.67233524978485
 10
307.55746090601235
 20
380.84532011962335
 10
307.5196970525661
 20
381.0156618544946
 10
307.46723064155975
 20
381.1820640509409
 10
307.4004609740612
 20
381.34326028777093
 10
307.31989620755684
 20
381.49802376428954
 10
307.2261494885659
 20
381.64517663699166
 10
307.1199342862259
 20
381.7835989836626
 10
307.00205896236105
 20
381.91223732666265
 10
306.873420619361
 20
382.0301126505275
 10
306.73499827269
 20
382.13632785286757
 10
306.58784539998794
 20
382.2300745718584
 10
306.43308192346933
 20
382.3106393383629
 10
306.2718856866393
 20
382.3774090058614
 10
306.10548349019297
 20
382.4298754168677
 10
305.9351417553218
 20
382.46763927031395
 10
305.76215688548325
 20
382.49041316047305
 10
305.58784539998794
 20
382.49802376428954
 10
305.41353391449263
 20
382.49041316047305
 10
305.2405490446541
 20
382.46763927031395
 10
305.0702073097829
 20
382.42987541686773
 10
304.9038051133366
 20
382.3774090058614
 10
304.74260887650655
 20
382.3106393383629
 10
304.58784539998794
 20
382.2300745718584
 10
304.4406925272858
 20
382.13632785286757
 10
304.30227018061487
 20
382.0301126505275
 10
304.17363183761483
 20
381.91223732666265
 10
304.05575651375
 20
381.7835989836626
 10
303.94954131141
 20
381.64517663699166
 10
303.85579459241904
 20
381.49802376428954
 10
303.7752298259146
 20
381.34326028777093
 10
303.70846015841613
 20
381.1820640509409
 10
303.6559937474098
 20
381.0156618544946
 10
303.61822989396353
 20
380.8453201196234
 10
303.59545600380443
 20
380.67233524978485
 10
303.58784539998794
 20
380.49802376428954
 10
303.59545600380443
 20
380.32371227879423
 10
303.61822989396353
 20
380.1507274089557
 10
303.6559937474098
 20
379.98038567408446
 10
303.70846015841613
 20
379.8139834776382
 10
303.7752298259146
 20
379.65278724080815
 10
303.85579459241904
 20
379.49802376428954
 10
303.94954131141
 20
379.3508708915874
 10
304.05575651375
 20
379.21244854491647
 10
304.17363183761483
 20
379.08381020191644
 10
304.30227018061487
 20
378.9659348780516
 10
304.4406925272858
 20
378.8597196757115
 10
304.58784539998794
 20
378.7659729567207
 10
304.74260887650655
 20
378.6854081902162
 10
304.9038051133366
 20
378.61863852271773
 10
305.0702073097829
 20
378.5661721117114
 10
305.2405490446541
 20
378.52840825826513
 10
305.41353391449263
 20
378.50563436810603
 10
305.58784539998794
 20
378.49802376428954
 10
305.76215688548325
 20
378.50563436810603
 10
305.9351417553218
 20
378.52840825826513
 10
306.10548349019297
 20
378.5661721117114
 10
306.2718856866393
 20
378.61863852271773
 10
306.43308192346933
 20
378.6854081902162
 10
306.58784539998794
 20
378.7659729567207
 10
306.73499827269
 20
378.8597196757115
 10
306.873420619361
 20
378.9659348780516
 10
307.00205896236105
 20
379.08381020191644
 10
307.1199342862259
 20
379.21244854491647
 10
307.2261494885659
 20
379.3508708915874
 10
307.3198962075568
 20
379.49802376428954
 10
307.4004609740612
 20
379.65278724080815
 10
307.46723064155975
 20
379.8139834776382
 10
307.5196970525661
 20
379.98038567408446
 10
307.55746090601235
 20
380.1507274089557
 10
307.5802347961714
 20
380.32371227879423
  0
LWPOLYLINE
  5
91
330
17
100
AcDbEntity
  8
CORTE
100
AcDbPolyline
 90
62
 70
1
 10
307.08784539998794
 20
230.49802376428954
 10
307.0801493850758
 20
230.64977624727067
 10
307.0571403118667
 20
230.79997154442253
 10
307.01905428458804
 20
230.94706844874958
 10
306.9662821174183
 20
231.0895575469595
 10
306.89936532420484
 20
231.22597670808616
 10
306.81899056179884
 20
231.35492608693173
 10
306.7259825840271
 20
231.4750824883729
 10
306.6212957786015
 20
231.5852129451332
 10
306.50600437380945
 20
231.68418736969608
 10
306.3812914154784
 20
231.77099015053167
 10
306.2484366273244
 20
231.84473057364568
 10
306.1088032792552
 20
231.90465196251017
 10
305.963824198376
 20
231.95013944258886
 10
305.81498706624484
 20
231.98072625078171
 10
305.66381915324604
 20
231.99609852504614
 10
305.5118716467299
 20
231.99609852504614
 10
305.3607037337311
 20
231.98072625078171
 10
305.21186660159987
 20
231.95013944258886
 10
305.0668875207207
 20
231.90465196251017
 10
304.9272541726515
 20
231.84473057364565
 10
304.7943993844975
 20
231.77099015053165
 10
304.66968642616644
 20
231.68418736969608
 10
304.55439502137443
 20
231.5852129451332
 10
304.44970821594876
 20
231.47508248837286
 10
304.35670023817704
 20
231.35492608693173
 10
304.27632547577105
 20
231.22597670808614
 10
304.2094086825576
 20
231.0895575469595
 10
304.15663651538785
 20
230.94706844874958
 10
304.1185504881092
 20
230.79997154442253
 10
304.0955414149001
 20
230.64977624727067
 10
304.08784539998794
 20
230.49802376428954
 10
304.0955414149001
 20
230.3462712813084
 10
304.1185504881092
 20
230.19607598415655
 10
304.15663651538785
 20
230.0489790798295
 10
304.2094086825576
 20
229.90648998161956
 10
304.27632547577105
 20
229.77007082049292
 10
304.35670023817704
 20
229.64112144164736
 10
304.44970821594876
 20
229.5209650402062
 10
304.55439502137443
 20
229.41083458344588
 10
304.66968642616644
 20
229.311860158883
 10
304.7943993844975
 20
229.2250573780474
 10
304.9272541726515
 20
229.15131695493343
 10
305.06688752072074
 20
229.0913955660689
 10
305.21186660159987
 20
229.04590808599022
 10
305.3607037337311
 20
229.01532127779737
 10
305.5118716467299
 20
228.99994900353295
 10
305.66381915324604
 20
228.99994900353295
 10
305.81498706624484
 20
229.01532127779737
 10
305.963824198376
 20
229.04590808599022
 10
306.1088032792552
 20
229.0913955660689
 10
306.2484366273244
 20
229.1513169549334
 10
306.3812914154784
 20
229.2250573780474
 10
306.50600437380945
 20
229.311860158883
 10
306.6212957786015
 20
229.41083458344588
 10
306.7259825840271
 20
229.5209650402062
 10
306.81899056179884
 20
229.64112144164736
 10
306.89936532420484
 20
229.77007082049292
 10
306.9662821174183
 20
229.90648998161956
 10
307.01905428458804
 20
230.0489790798295
 10
307.0571403118667
 20
230.19607598415655
 10
307.0801493850758
 20
230.3462712813084
  0
LWPOLYLINE
  5
92
330
17
100
AcDbEntity
  8
CORTE
100
AcDbPolyline
 90
122
 70
1
 10
325.48784539998803
 20
175.99918041454706
 10
326.08784539998805
 20
175.99918041454706
 10
329.08784539998805
 20
172.99918041454706
 10
354.5052697050322
 20
172.99918041454708
 10
354.62260203616535
 20
173.248980783877
 10
354.75353855289086
 20
173.49192672237828
 10
354.8976803330159
 20
173.7272780505429
 10
355.0545882220827
 20
173.95431772724083
 10
355.22378417133336
 20
174.17235403431755
 10
355.40475269417334
 20
174.38072268404105
 10
355.59694243669645
 20
174.57878884297634
 10
355.79976785748573
 20
174.76594906612257
 10
356.01261101157326
 20
174.94163313541904
 10
356.2348234331231
 20
175.1053057970197
 10
356.465728111102
 20
175.25646839204222
 10
356.7046215519179
 20
175.3946603758243
 10
356.9507759227427
 20
175.51946072105753
 10
357.20344126898885
 20
175.63048920052466
 10
357.46184779918417
 20
175.72740754553178
 10
357.7252082302829
 20
175.80992047650614
 10
357.9927201862687
 20
175.87777660261963
 10
358.2635686427407
 20
175.93076918769734
 10
358.53692841003533
 20
175.96873678007722
 10
358.8119666473184
 20
175.99156370450243
 10
359.08784539998805
 20
175.99918041454706
 10
359.34109816903253
 20
175.99276259920882
 10
359.59370080627474
 20
175.97352562853558
 10
359.8450048488828
 20
175.94151888625754
 10
360.094365167681
 20
175.89682453771928
 10
360.3411416232779
 20
175.83955731895102
 10
360.5847007093847
 20
175.76986424212683
 10
360.824417179106
 20
175.6879242181656
 10
387.82441717910604
 20
165.68792421816556
 10
388.08458519251224
 20
165.58317760051375
 10
388.3384707238085
 20
165.4640080317993
 10
388.5852749551848
 20
165.33079046357383
 10
388.8242213492206
 20
165.18394404759277
 10
389.05455809215846
 20
165.0239308170087
 10
389.27556045938877
 20
164.8512542326443
 10
389.4865330957012
 20
164.66645759891804
 10
389.6868122031296
 20
164.47012235440792
 10
389.87576762950584
 20
164.26286624243016
 10
390.0528048511518
 20
164.0453413673904
 10
390.21736684347064
 20
163.818232143022
 10
390.36893583355254
 20
163.58225313896713
 10
390.5070349292795
 20
163.33814683247635
 10
390.6312296198046
 20
163.08668127230055
 10
390.74112914268403
 20
162.82864766212532
 10
390.8363877133596
 20
162.56485787115153
 10
390.916705613126
 20
162.29614187965439
 10
390.9818301321556
 20
162.0233451675585
 10
391.0315563646178
 20
161.74732605424515
 10
391.06572785338847
 20
161.46895299796208
 10
391.0842370823215
 20
161.1891018633325
 10
391.0870258145351
 20
160.90865316556085
 10
391.0740852756459
 20
160.62848930000635
 10
391.04545618137684
 20
160.34949176584072
 10
391.0012286094501
 20
160.0725383925256
 10
390.9415417161698
 20
159.79850057783625
 10
390.86658329858403
 20
159.52824054612194
 10
390.7765892036066
 20
159.26260863542905
 10
390.6718425859548
 20
159.00244062202296
 10
390.5526730172403
 20
158.7485550907267
 10
390.4194554490149
 20
158.50175085935035
 10
390.27260903303375
 20
158.26280446531462
 10
390.11259580244973
 20
158.03246772237674
 10
389.93991921808527
 20
157.81146535514642
 10
389.7551225843591
 20
157.60049271883395
 10
389.55878733984895
 20
157.40021361140555
 10
389.3515312278712
 20
157.2112581850293
 10
389.1340063528314
 20
157.03422096338338
 10
388.906897128463
 20
156.86965897106452
 10
388.67091812440816
 20
156.71808998098265
 10
388.4268118179174
 20
156.57999088525565
 10
388.1753462577416
 20
156.4557961947305
 10
387.9173126475664
 20
156.34589667185114
 10
387.65352285659253
 20
156.25063810117547
 10
387.38480686509547
 20
156.17032020140914
 10
387.1120101529995
 20
156.10519568237953
 10
386.8359910396862
 20
156.0554694499173
 10
386.55761798340313
 20
156.02129796114667
 10
386.2777668487735
 20
156.0027887322136
 10
385.9973181510019
 20
156.0
 10
385.7171542854474
 20
156.0129405388892
 10
385.4381567512818
 20
156.0415696331583
 10
385.1612033779667
 20
156.08579720508496
 10
384.8871655632773
 20
156.14548409836533
 10
384.616905531563
 20
156.22044251595108
 10
384.3512736208701
 20
156.31043661092855
 10
357.3512736208701
 20
166.31043661092858
 10
357.1023956753896
 20
166.41028192023583
 10
356.85922862329716
 20
166.52332661190206
 10
356.62247190366327
 20
166.64924552726205
 10
356.39280651705315
 20
166.78767647658512
 10
356.1708930667154
 20
166.93822128086754
 10
355.95736985844064
 20
167.10044691714393
 10
355.75285106455624
 20
167.27388676402265
 10
355.5579249573379
 20
167.45804194386275
 10
355.3731522169192
 20
167.65238275773214
 10
355.19906431856674
 20
167.856350209019
 10
355.0361620039589
 20
168.06935761131444
 10
354.88491384086655
 20
168.29079227594133
 10
354.74575487537703
 20
168.52001727427512
 10
354.6190853805399
 20
168.75637326978816
 10
354.5052697050322
 20
168.99918041454706
 10
318.0878453999881
 20
168.99918041454706
 10
314.08784539998805
 20
172.99918041454706
 10
314.08784539998805
 20
175.99918041454706
 10
315.08784539998805
 20
175.99918041454706
 10
316.0878453999881
 20
174.9991804145471
 10
317.08784539998805
 20
175.99918041454703
 10
317.1878453999881
 20
175.99918041454706
 10
318.1878453999881
 20
174.9991804145471
 10
319.187845399988
 20
175.99918041454703
 10
319.28784539998804
 20
175.99918041454706
 10
320.2878453999881
 20
174.9991804145471
 10
321.28784539998804
 20
175.99918041454703
 10
321.38784539998807
 20
175.99918041454706
 10
322.3878453999881
 20
174.9991804145471
 10
323.387845399988
 20
175.99918041454703
 10
323.48784539998803
 20
175.99918041454706
 10
324.4878453999881
 20
174.9991804145471
  0
LWPOLYLINE
  5
93
330
17
100
AcDbEntity
  8
CORTE
100
AcDbPolyline
 90
62
 70
1
 10
386.08784539998805
 20
159.49918041454706
 10
386.2395978829692
 20
159.50687642945923
 10
386.38979318012105
 20
159.52988550266832
 10
386.5368900844481
 20
159.567971529947
 10
386.679379182658
 20
159.62074369711672
 10
386.81579834378465
 20
159.6876604903302
 10
386.94474772263027
 20
159.76803525273613
 10
387.0649041240714
 20
159.86104323050787
 10
387.1750345808317
 20
159.96573003593352
 10
387.2740090053946
 20
160.08102144072555
 10
387.3608117862302
 20
160.2057343990566
 10
387.43455220934413
 20
160.3385891872106
 10
387.49447359820863
 20
160.47822253527983
 10
387.5399610782873
 20
160.62320161615898
 10
387.5705478864802
 20
160.77203874829019
 10
387.58592016074465
 20
160.923206661289
 10
387.58592016074465
 20
161.07515416780512
 10
387.5705478864802
 20
161.22632208080393
 10
387.5399610782873
 20
161.37515921293513
 10
387.4944735982087
 20
161.52013829381428
 10
387.43455220934413
 20
161.6597716418835
 10
387.3608117862302
 20
161.7926264300375
 10
387.2740090053946
 20
161.91733938836856
 10
387.1750345808317
 20
162.0326307931606
 10
387.0649041240714
 20
162.13731759858626
 10
386.94474772263027
 20
162.23032557635798
 10
386.81579834378465
 20
162.31070033876392
 10
386.67937918265807
 20
162.37761713197742
 10
386.5368900844481
 20
162.43038929914712
 10
386.38979318012105
 20
162.4684753264258
 10
386.2395978829692
 20
162.4914843996349
 10
386.08784539998805
 20
162.49918041454706
 10
385.93609291700693
 20
162.4914843996349
 10
385.78589761985506
 20
162.4684753264258
 10
385.638800715528
 20
162.43038929914712
 10
385.49631161731804
 20
162.37761713197742
 10
385.35989245619146
 20
162.31070033876392
 10
385.23094307734584
 20
162.23032557635798
 10
385.1107866759047
 20
162.13731759858626
 10
385.0006562191444
 20
162.0326307931606
 10
384.90168179458146
 20
161.91733938836856
 10
384.8148790137459
 20
161.7926264300375
 10
384.741138590632
 20
161.6597716418835
 10
384.6812172017674
 20
161.52013829381428
 10
384.63572972168873
 20
161.37515921293516
 10
384.6051429134959
 20
161.22632208080393
 10
384.58977063923146
 20
161.07515416780512
 10
384.58977063923146
 20
160.923206661289
 10
384.6051429134959
 20
160.77203874829019
 10
384.63572972168873
 20
160.62320161615898
 10
384.6812172017674
 20
160.47822253527983
 10
384.741138590632
 20
160.3385891872106
 10
384.8148790137459
 20
160.2057343990566
 10
384.90168179458146
 20
160.08102144072558
 10
385.0006562191444
 20
159.96573003593352
 10
385.1107866759047
 20
159.86104323050787
 10
385.23094307734584
 20
159.76803525273615
 10
385.35989245619146
 20
159.6876604903302
 10
385.49631161731804
 20
159.62074369711672
 10
385.638800715528
 20
159.567971529947
 10
385.78589761985506
 20
159.52988550266832
 10
385.93609291700693
 20
159.50687642945923
  0
LWPOLYLINE
  5
94
330
17
100
AcDbEntity
  8
CORTE
100
AcDbPolyline
 90
62
 70
1
 10
359.08784539998805
 20
172.49918041454706
 10
358.93609291700693
 20
172.4914843996349
 10
358.78589761985506
 20
172.46847532642582
 10
358.638800715528
 20
172.43038929914712
 10
358.4963116173181
 20
172.37761713197742
 10
358.35989245619146
 20
172.31070033876392
 10
358.23094307734584
 20
172.23032557635798
 10
358.1107866759047
 20
172.13731759858626
 10
358.0006562191444
 20
172.0326307931606
 10
357.9016817945815
 20
171.91733938836856
 10
357.81487901374595
 20
171.7926264300375
 10
357.7411385906319
 20
171.6597716418835
 10
357.6812172017674
 20
171.52013829381428
 10
357.63572972168873
 20
171.37515921293516
 10
357.6051429134959
 20
171.22632208080393
 10
357.58977063923146
 20
171.07515416780512
 10
357.58977063923146
 20
170.923206661289
 10
357.6051429134959
 20
170.77203874829019
 10
357.63572972168873
 20
170.62320161615898
 10
357.6812172017674
 20
170.47822253527983
 10
357.7411385906319
 20
170.3385891872106
 10
357.81487901374595
 20
170.2057343990566
 10
357.9016817945815
 20
170.08102144072558
 10
358.0006562191444
 20
169.96573003593352
 10
358.1107866759047
 20
169.86104323050787
 10
358.23094307734584
 20
169.76803525273615
 10
358.35989245619146
 20
169.6876604903302
 10
358.4963116173181
 20
169.62074369711672
 10
358.638800715528
 20
169.567971529947
 10
358.78589761985506
 20
169.52988550266832
 10
358.93609291700693
 20
169.50687642945923
 10
359.08784539998805
 20
169.49918041454706
 10
359.2395978829692
 20
169.50687642945923
 10
359.38979318012105
 20
169.52988550266832
 10
359.5368900844481
 20
169.567971529947
 10
359.679379182658
 20
169.62074369711672
 10
359.81579834378465
 20
169.6876604903302
 10
359.94474772263027
 20
169.76803525273615
 10
360.0649041240714
 20
169.86104323050787
 10
360.1750345808317
 20
169.96573003593352
 10
360.2740090053946
 20
170.08102144072558
 10
360.36081178623016
 20
170.2057343990566
 10
360.4345522093442
 20
170.3385891872106
 10
360.4944735982087
 20
170.47822253527983
 10
360.5399610782874
 20
170.62320161615898
 10
360.5705478864802
 20
170.77203874829019
 10
360.58592016074465
 20
170.923206661289
 10
360.58592016074465
 20
171.07515416780512
 10
360.5705478864802
 20
171.22632208080393
 10
360.5399610782874
 20
171.37515921293516
 10
360.4944735982087
 20
171.52013829381428
 10
360.4345522093442
 20
171.65977164188354
 10
360.36081178623016
 20
171.7926264300375
 10
360.2740090053946
 20
171.91733938836856
 10
360.1750345808317
 20
172.0326307931606
 10
360.0649041240714
 20
172.13731759858626
 10
359.9447477226302
 20
172.23032557635798
 10
359.81579834378465
 20
172.31070033876395
 10
359.679379182658
 20
172.37761713197742
 10
359.5368900844481
 20
172.43038929914715
 10
359.38979318012105
 20
172.46847532642582
 10
359.2395978829692
 20
172.4914843996349
  0
LWPOLYLINE
  5
95
330
17
100
AcDbEntity
  8
CORTE
100
AcDbPolyline
 90
122
 70
1
 10
325.48784539998803
 20
199.9983608290941
 10
326.08784539998805
 20
199.9983608290941
 10
329.08784539998805
 20
196.9983608290941
 10
354.5052697050322
 20
196.99836082909414
 10
354.62260203616535
 20
197.24816119842404
 10
354.75353855289086
 20
197.49110713692534
 10
354.8976803330159
 20
197.72645846509
 10
355.0545882220827
 20
197.95349814178786
 10
355.22378417133336
 20
198.1715344488646
 10
355.40475269417334
 20
198.3799030985881
 10
355.59694243669645
 20
198.5779692575234
 10
355.79976785748573
 20
198.76512948066963
 10
356.01261101157326
 20
198.9408135499661
 10
356.2348234331231
 20
199.10448621156675
 10
356.465728111102
 20
199.25564880658928
 10
356.7046215519179
 20
199.39384079037134
 10
356.9507759227427
 20
199.51864113560458
 10
357.20344126898885
 20
199.62966961507172
 10
357.46184779918417
 20
199.72658796007883
 10
357.7252082302829
 20
199.8091008910532
 10
357.9927201862687
 20
199.8769570171667
 10
358.2635686427407
 20
199.9299496022444
 10
358.53692841003533
 20
199.96791719462428
 10
358.8119666473184
 20
199.99074411904945
 10
359.08784539998805
 20
199.9983608290941
 10
359.34109816903253
 20
199.99194301375587
 10
359.59370080627474
 20
199.97270604308264
 10
359.8450048488828
 20
199.9406993008046
 10
360.094365167681
 20
199.8960049522663
 10
360.3411416232779
 20
199.83873773349808
 10
360.5847007093847
 20
199.76904465667388
 10
360.824417179106
 20
199.68710463271265
 10
387.82441717910604
 20
189.6871046327126
 10
388.08458519251224
 20
189.5823580150608
 10
388.3384707238085
 20
189.46318844634635
 10
388.5852749551848
 20
189.3299708781209
 10
388.8242213492206
 20
189.18312446213983
 10
389.05455809215846
 20
189.02311123155576
 10
389.27556045938877
 20
188.85043464719132
 10
389.4865330957012
 20
188.66563801346513
 10
389.6868122031296
 20
188.46930276895498
 10
389.87576762950584
 20
188.26204665697722
 10
390.0528048511518
 20
188.04452178193745
 10
390.21736684347064
 20
187.81741255756904
 10
390.36893583355254
 20
187.58143355351416
 10
390.5070349292795
 20
187.3373272470234
 10
390.6312296198046
 20
187.0858616868476
 10
390.74112914268403
 20
186.82782807667238
 10
390.8363877133596
 20
186.5640382856986
 10
390.916705613126
 20
186.29532229420144
 10
390.9818301321556
 20
186.02252558210554
 10
391.0315563646178
 20
185.7465064687922
 10
391.06572785338847
 20
185.46813341250913
 10
391.0842370823215
 20
185.18828227787952
 10
391.0870258145351
 20
184.90783358010788
 10
391.0740852756459
 20
184.6276697145534
 10
391.04545618137684
 20
184.34867218038778
 10
391.0012286094501
 20
184.07171880707264
 10
390.9415417161698
 20
183.79768099238328
 10
390.86658329858403
 20
183.527420960669
 10
390.7765892036066
 20
183.2617890499761
 10
390.6718425859548
 20
183.00162103657
 10
390.5526730172403
 20
182.74773550527374
 10
390.4194554490149
 20
182.5009312738974
 10
390.27260903303375
 20
182.26198487986164
 10
390.11259580244973
 20
182.0316481369238
 10
389.93991921808527
 20
181.81064576969348
 10
389.7551225843591
 20
181.59967313338103
 10
389.55878733984895
 20
181.3993940259526
 10
389.3515312278712
 20
181.21043859957638
 10
389.1340063528314
 20
181.03340137793043
 10
388.906897128463
 20
180.86883938561158
 10
388.67091812440816
 20
180.71727039552968
 10
388.4268118179174
 20
180.5791712998027
 10
388.1753462577416
 20
180.45497660927754
 10
387.9173126475664
 20
180.3450770863982
 10
387.65352285659253
 20
180.24981851572252
 10
387.38480686509547
 20
180.1695006159562
 10
387.1120101529995
 20
180.1043760969266
 10
386.8359910396862
 20
180.05464986446435
 10
386.55761798340313
 20
180.02047837569373
 10
386.2777668487735
 20
180.00196914676064
 10
385.9973181510019
 20
179.99918041454706
 10
385.7171542854474
 20
180.01212095343624
 10
385.4381567512818
 20
180.04075004770533
 10
385.1612033779667
 20
180.084977619632
 10
384.8871655632773
 20
180.14466451291239
 10
384.616905531563
 20
180.21962293049813
 10
384.3512736208701
 20
180.3096170254756
 10
357.3512736208701
 20
190.30961702547563
 10
357.1023956753896
 20
190.4094623347829
 10
356.85922862329716
 20
190.52250702644912
 10
356.62247190366327
 20
190.64842594180914
 10
356.39280651705315
 20
190.78685689113217
 10
356.1708930667154
 20
190.9374016954146
 10
355.95736985844064
 20
191.09962733169098
 10
355.75285106455624
 20
191.2730671785697
 10
355.5579249573379
 20
191.4572223584098
 10
355.3731522169192
 20
191.6515631722792
 10
355.19906431856674
 20
191.85553062356607
 10
355.0361620039589
 20
192.06853802586153
 10
354.88491384086655
 20
192.28997269048838
 10
354.74575487537703
 20
192.5191976888222
 10
354.6190853805399
 20
192.7555536843352
 10
354.5052697050322
 20
192.9983608290941
 10
318.0878453999881
 20
192.9983608290941
 10
314.08784539998805
 20
196.9983608290941
 10
314.08784539998805
 20
199.9983608290941
 10
315.08784539998805
 20
199.9983608290941
 10
316.0878453999881
 20
198.99836082909417
 10
317.08784539998805
 20
199.9983608290941
 10
317.1878453999881
 20
199.9983608290941
 10
318.1878453999881
 20
198.99836082909417
 10
319.187845399988
 20
199.9983608290941
 10
319.28784539998804
 20
199.9983608290941
 10
320.2878453999881
 20
198.99836082909417
 10
321.28784539998804
 20
199.9983608290941
 10
321.38784539998807
 20
199.9983608290941
 10
322.3878453999881
 20
198.99836082909417
 10
323.387845399988
 20
199.9983608290941
 10
323.48784539998803
 20
199.9983608290941
 10
324.4878453999881
 20
198.99836082909417
  0
LWPOLYLINE
  5
96
330
17
100
AcDbEntity
  8
CORTE
100
AcDbPolyline
 90
62
 70
1
 10
386.08784539998805
 20
183.4983608290941
 10
386.2395978829692
 20
183.50605684400628
 10
386.38979318012105
 20
183.52906591721538
 10
386.5368900844481
 20
183.56715194449404
 10
386.679379182658
 20
183.61992411166375
 10
386.81579834378465
 20
183.68684090487724
 10
386.94474772263027
 20
183.7672156672832
 10
387.0649041240714
 20
183.86022364505493
 10
387.1750345808317
 20
183.96491045048057
 10
387.2740090053946
 20
184.0802018552726
 10
387.3608117862302
 20
184.20491481360366
 10
387.43455220934413
 20
184.33776960175766
 10
387.49447359820863
 20
184.47740294982688
 10
387.5399610782873
 20
184.62238203070604
 10
387.5705478864802
 20
184.77121916283724
 10
387.58592016074465
 20
184.92238707583604
 10
387.58592016074465
 20
185.07433458235218
 10
387.5705478864802
 20
185.22550249535098
 10
387.5399610782873
 20
185.3743396274822
 10
387.4944735982087
 20
185.51931870836134
 10
387.43455220934413
 20
185.65895205643056
 10
387.3608117862302
 20
185.79180684458456
 10
387.2740090053946
 20
185.91651980291562
 10
387.1750345808317
 20
186.03181120770765
 10
387.0649041240714
 20
186.1364980131333
 10
386.94474772263027
 20
186.22950599090504
 10
386.81579834378465
 20
186.309880753311
 10
386.67937918265807
 20
186.37679754652447
 10
386.5368900844481
 20
186.4295697136942
 10
386.38979318012105
 20
186.46765574097287
 10
386.2395978829692
 20
186.49066481418197
 10
386.08784539998805
 20
186.4983608290941
 10
385.93609291700693
 20
186.49066481418197
 10
385.78589761985506
 20
186.46765574097287
 10
385.638800715528
 20
186.4295697136942
 10
385.49631161731804
 20
186.37679754652447
 10
385.35989245619146
 20
186.309880753311
 10
385.23094307734584
 20
186.22950599090504
 10
385.1107866759047
 20
186.1364980131333
 10
385.0006562191444
 20
186.03181120770765
 10
384.90168179458146
 20
185.91651980291562
 10
384.8148790137459
 20
185.79180684458456
 10
384.741138590632
 20
185.65895205643056
 10
384.6812172017674
 20
185.51931870836134
 10
384.63572972168873
 20
185.3743396274822
 10
384.6051429134959
 20
185.22550249535098
 10
384.58977063923146
 20
185.07433458235218
 10
384.58977063923146
 20
184.92238707583604
 10
384.6051429134959
 20
184.77121916283724
 10
384.63572972168873
 20
184.62238203070604
 10
384.6812172017674
 20
184.47740294982688
 10
384.741138590632
 20
184.33776960175766
 10
384.8148790137459
 20
184.20491481360366
 10
384.90168179458146
 20
184.0802018552726
 10
385.0006562191444
 20
183.9649104504806
 10
385.1107866759047
 20
183.86022364505493
 10
385.23094307734584
 20
183.7672156672832
 10
385.35989245619146
 20
183.68684090487724
 10
385.49631161731804
 20
183.61992411166378
 10
385.638800715528
 20
183.56715194449404
 10
385.78589761985506
 20
183.52906591721538
 10
385.93609291700693
 20
183.50605684400628
  0
LWPOLYLINE
  5
97
330
17
100
AcDbEntity
  8
CORTE
100
AcDbPolyline
 90
62
 70
1
 10
359.08784539998805
 20
196.4983608290941
 10
358.93609291700693
 20
196.49066481418197
 10
358.78589761985506
 20
196.46765574097287
 10
358.638800715528
 20
196.4295697136942
 10
358.4963116173181
 20
196.37679754652447
 10
358.35989245619146
 20
196.309880753311
 10
358.23094307734584
 20
196.22950599090504
 10
358.1107866759047
 20
196.1364980131333
 10
358.0006562191444
 20
196.03181120770765
 10
357.9016817945815
 20
195.91651980291562
 10
357.81487901374595
 20
195.79180684458456
 10
357.7411385906319
 20
195.65895205643056
 10
357.6812172017674
 20
195.51931870836137
 10
357.63572972168873
 20
195.3743396274822
 10
357.6051429134959
 20
195.22550249535098
 10
357.58977063923146
 20
195.07433458235218
 10
357.58977063923146
 20
194.92238707583604
 10
357.6051429134959
 20
194.77121916283727
 10
357.63572972168873
 20
194.62238203070604
 10
357.6812172017674
 20
194.47740294982688
 10
357.7411385906319
 20
194.33776960175766
 10
357.81487901374595
 20
194.20491481360366
 10
357.9016817945815
 20
194.08020185527263
 10
358.0006562191444
 20
193.9649104504806
 10
358.1107866759047
 20
193.86022364505493
 10
358.23094307734584
 20
193.7672156672832
 10
358.35989245619146
 20
193.68684090487724
 10
358.4963116173181
 20
193.61992411166378
 10
358.638800715528
 20
193.56715194449404
 10
358.78589761985506
 20
193.52906591721538
 10
358.93609291700693
 20
193.50605684400628
 10
359.08784539998805
 20
193.4983608290941
 10
359.2395978829692
 20
193.50605684400628
 10
359.38979318012105
 20
193.52906591721538
 10
359.5368900844481
 20
193.56715194449404
 10
359.679379182658
 20
193.61992411166378
 10
359.81579834378465
 20
193.68684090487724
 10
359.94474772263027
 20
193.7672156672832
 10
360.0649041240714
 20
193.86022364505493
 10
360.1750345808317
 20
193.9649104504806
 10
360.2740090053946
 20
194.0802018552726
 10
360.36081178623016
 20
194.20491481360366
 10
360.4345522093442
 20
194.33776960175766
 10
360.4944735982087
 20
194.47740294982688
 10
360.5399610782874
 20
194.62238203070604
 10
360.5705478864802
 20
194.77121916283727
 10
360.58592016074465
 20
194.92238707583607
 10
360.58592016074465
 20
195.0743345823522
 10
360.5705478864802
 20
195.22550249535098
 10
360.5399610782874
 20
195.37433962748221
 10
360.4944735982087
 20
195.51931870836137
 10
360.4345522093442
 20
195.65895205643056
 10
360.36081178623016
 20
195.79180684458458
 10
360.2740090053946
 20
195.91651980291562
 10
360.1750345808317
 20
196.03181120770765
 10
360.0649041240714
 20
196.13649801313332
 10
359.9447477226302
 20
196.22950599090504
 10
359.81579834378465
 20
196.309880753311
 10
359.679379182658
 20
196.37679754652447
 10
359.5368900844481
 20
196.4295697136942
 10
359.38979318012105
 20
196.46765574097287
 10
359.2395978829692
 20
196.49066481418197
  0
LWPOLYLINE
  5
98
330
17
100
AcDbEntity
  8
CORTE
100
AcDbPolyline
 90
143
 70
1
 10
6.498023764289556
 20
135.0000000000001
 10
6.7423158309258895
 20
134.9933641501863
 10
6.9858874151333765
 20
134.973476171635
 10
7.22802015937792
 20
134.9403947192968
 10
7.4679999496480605
 20
134.8942173591936
 10
7.705119021567526
 20
134.83508028067047
 10
7.93867804778111
 20
134.763157894737
 10
8.198188076907314
 20
134.68324413258864
 10
8.461653712373419
 20
134.6175362675629
 10
8.728297923784709
 20
134.56622808967046
 10
8.997334306278674
 20
134.52947092040577
 10
9.26796939984257
 20
134.5073731664599
 10
9.539405029438527
 20
134.5000000000001
 10
153.4566424991406
 20
134.5000000000001
 10
153.72807812873646
 20
134.5073731664599
 10
153.99871322230035
 20
134.52947092040577
 10
154.26774960479432
 20
134.56622808967046
 10
154.5343938162056
 20
134.61753626756294
 10
154.7978594516717
 20
134.68324413258864
 10
155.05736948079795
 20
134.76315789473696
 10
155.2976913907306
 20
134.83695771169005
 10
155.54175958443633
 20
134.89722171584867
 10
155.78881231564068
 20
134.94376182092458
 10
156.03807852321228
 20
134.9764327734494
 10
156.2887802376744
 20
134.99513260611644
 10
156.54013500927766
 20
134.99980295602455
 10
156.79135835005627
 20
134.99042924683096
 10
157.041666182245
 20
134.96704073424468
 10
157.29027728541632
 20
134.9297104147183
 10
171.05013644034588
 20
132.4687601843193
 10
171.22009017728334
 20
132.43065964385863
 10
171.38608457247923
 20
132.37791701739823
 10
171.54686072759924
 20
132.3109323040135
 10
171.70119931934232
 20
132.23021351449614
 10
171.8479298467657
 20
132.13637281860974
 10
171.98593950834166
 20
132.0301219024062
 10
172.11418164142296
 20
131.9122665708121
 10
172.23168366011274
 20
131.78370063641955
 10
172.33755443133722
 20
131.6453991408285
 10
172.4309910331821
 20
131.4984109599496
 10
172.511284844237
 20
131.34385084934965
 10
172.57782691776686
 20
131.1828909899662
 10
172.6301125999523
 20
131.01675209830984
 10
172.66774535717454
 20
130.8466941685734
 10
172.69043978331896
 20
130.67400691685987
 10
172.69802376428956
 20
130.50000000000014
 10
172.69043978331896
 20
130.3259930831404
 10
172.66774535717454
 20
130.15330583142688
 10
172.6301125999523
 20
129.98324790169042
 10
172.57782691776688
 20
129.81710901003407
 10
172.511284844237
 20
129.6561491506506
 10
172.4309910331821
 20
129.50158904005065
 10
172.33755443133722
 20
129.3546008591718
 10
172.23168366011274
 20
129.2162993635807
 10
172.114181641423
 20
129.08773342918815
 10
171.9859395083417
 20
128.96987809759406
 10
171.84792984676577
 20
128.86362718139054
 10
171.70119931934235
 20
128.76978648550414
 10
171.54686072759924
 20
128.68906769598675
 10
171.38608457247926
 20
128.62208298260202
 10
171.22009017728337
 20
128.56934035614162
 10
171.05013644034594
 20
128.53123981568095
 10
157.29027728541632
 20
126.07028958528198
 10
157.02772908633762
 20
126.03128516553205
 10
156.76333796000304
 20
126.00782810017773
 10
156.49802376428957
 20
126.00000000000001
 10
156.2537316976532
 20
126.00663584981382
 10
156.01016011344566
 20
126.0265238283651
 10
155.7680273692011
 20
126.05960528070332
 10
155.52804757893094
 20
126.10578264080655
 10
155.29092850701144
 20
126.16491971932969
 10
155.05736948079783
 20
126.23684210526318
 10
154.7978594516716
 20
126.3167558674116
 10
154.5343938162055
 20
126.3824637324373
 10
154.2677496047942
 20
126.43377191032977
 10
153.99871322230024
 20
126.47052907959446
 10
153.72807812873634
 20
126.49262683354034
 10
153.4566424991404
 20
126.50000000000011
 10
9.53940502943908
 20
126.50000000000014
 10
9.267969399843096
 20
126.49262683354033
 10
8.997334306279186
 20
126.47052907959444
 10
8.72829792378522
 20
126.43377191032975
 10
8.461653712373916
 20
126.38246373243729
 10
8.198188076907812
 20
126.31675586741157
 10
7.938678047781579
 20
126.23684210526325
 10
7.705119021567896
 20
126.16491971932984
 10
7.467999949648359
 20
126.10578264080668
 10
7.228020159378147
 20
126.05960528070344
 10
6.985887415133519
 20
126.02652382836521
 10
6.7423158309259605
 20
126.0066358498139
 10
6.498023764289556
 20
126.00000000000011
 10
6.231440938767818
 20
126.00790320706066
 10
5.965794495143399
 20
126.03158506793929
 10
5.702017526237967
 20
126.07096239923592
 10
5.4410365582751155
 20
126.12589688663826
 10
5.183768296423153
 20
126.19619557075576
 10
4.9311164048347536
 20
126.28161152489656
 10
4.683968332493677
 20
126.38184472240653
 10
4.443192196017847
 20
126.49654309052374
 10
4.209633730368054
 20
126.62530374704701
 10
3.984113318173115
 20
126.7676744154742
 10
3.7674231081058878
 20
126.92315501364003
 10
3.560324232432208
 20
127.09119941027282
 10
3.3635441335060676
 20
127.27121734330063
 10
3.177774008601787
 20
127.46257649316817
 10
3.0036663820583698
 20
127.66460470388242
 10
2.8418328132639914
 20
127.876592343985
 10
2.6928417485313503
 20
128.09779479915855
 10
2.557216524409199
 20
128.32743508771176
 10
2.4354335294437135
 20
128.56470658975576
 10
2.3279205308463133
 20
128.80877588048605
 10
2.235055171945703
 20
129.05878565761734
 10
2.1571636457019565
 20
129.3138577526893
 10
2.094519548941804
 20
129.57309621566517
 10
2.0473429213398333
 20
129.83559046198894
 10
2.0157994725210955
 20
130.1004184710469
 10
2.0
 20
130.3666500247986
 10
2.0
 20
130.63334997520164
 10
2.0157994725210955
 20
130.89958152895332
 10
2.0473429213398333
 20
131.16440953801128
 10
2.094519548941804
 20
131.42690378433505
 10
2.1571636457019565
 20
131.6861422473109
 10
2.2350551719457172
 20
131.94121434238286
 10
2.3279205308463276
 20
132.19122411951417
 10
2.4354335294437277
 20
132.43529341024444
 10
2.5572165244092133
 20
132.67256491228846
 10
2.6928417485313503
 20
132.90220520084165
 10
2.8418328132640056
 20
133.12340765601522
 10
3.003666382058384
 20
133.3353952961178
 10
3.1777740086018014
 20
133.53742350683206
 10
3.363544133506082
 20
133.7287826566996
 10
3.5603242324322224
 20
133.9088005897274
 10
3.767423108105902
 20
134.0768449863602
 10
3.9841133181731436
 20
134.23232558452602
 10
4.209633730368083
 20
134.3746962529532
 10
4.443192196017861
 20
134.50345690947645
 10
4.683968332493691
 20
134.6181552775937
 10
4.931116404834782
 20
134.71838847510364
 10
5.183768296423182
 20
134.80380442924445
 10
5.441036558275144
 20
134.87410311336194
 10
5.702017526237995
 20
134.92903760076427
 10
5.965794495143427
 20
134.96841493206094
 10
6.231440938767861
 20
134.99209679293955
  0
LWPOLYLINE
  5
99
330
17
100
AcDbEntity
  8
CORTE
100
AcDbPolyline
 90
62
 70
1
 10
149.93202376428957
 20
129.0000000000001
 10
150.08377624727072
 20
129.00769601491228
 10
150.23397154442256
 20
129.03070508812138
 10
150.3810684487496
 20
129.06879111540005
 10
150.52355754695955
 20
129.12156328256978
 10
150.6599767080862
 20
129.18848007578325
 10
150.78892608693175
 20
129.2688548381892
 10
150.90908248837292
 20
129.36186281596093
 10
151.01921294513326
 20
129.46654962138658
 10
151.11818736969613
 20
129.5818410261786
 10
151.2049901505317
 20
129.70655398450967
 10
151.27873057364567
 20
129.83940877266366
 10
151.3386519625102
 20
129.97904212073288
 10
151.3841394425889
 20
130.12402120161204
 10
151.41472625078174
 20
130.27285833374324
 10
151.43009852504616
 20
130.42402624674205
 10
151.43009852504616
 20
130.57597375325818
 10
151.41472625078174
 20
130.72714166625698
 10
151.3841394425889
 20
130.8759787983882
 10
151.3386519625102
 20
131.02095787926734
 10
151.27873057364567
 20
131.16059122733657
 10
151.2049901505317
 20
131.29344601549056
 10
151.11818736969613
 20
131.41815897382162
 10
151.01921294513326
 20
131.53345037861365
 10
150.9090824883729
 20
131.63813718403932
 10
150.78892608693175
 20
131.73114516181104
 10
150.6599767080862
 20
131.811519924217
 10
150.52355754695955
 20
131.87843671743047
 10
150.3810684487496
 20
131.9312088846002
 10
150.23397154442256
 20
131.96929491187888
 10
150.08377624727072
 20
131.99230398508797
 10
149.93202376428957
 20
132.0000000000001
 10
149.78027128130842
 20
131.99230398508797
 10
149.63007598415658
 20
131.96929491187888
 10
149.48297907982953
 20
131.93120888460018
 10
149.34048998161958
 20
131.87843671743047
 10
149.20407082049294
 20
131.81151992421698
 10
149.07512144164738
 20
131.73114516181104
 10
148.95496504020625
 20
131.6381371840393
 10
148.8448345834459
 20
131.53345037861365
 10
148.74586015888303
 20
131.41815897382162
 10
148.65905737804744
 20
131.29344601549056
 10
148.58531695493346
 20
131.16059122733657
 10
148.52539556606897
 20
131.02095787926734
 10
148.47990808599027
 20
130.8759787983882
 10
148.4493212777974
 20
130.72714166625698
 10
148.433949003533
 20
130.57597375325818
 10
148.433949003533
 20
130.42402624674205
 10
148.4493212777974
 20
130.27285833374324
 10
148.47990808599027
 20
130.12402120161204
 10
148.52539556606897
 20
129.97904212073288
 10
148.58531695493346
 20
129.83940877266366
 10
148.65905737804744
 20
129.70655398450967
 10
148.74586015888303
 20
129.5818410261786
 10
148.8448345834459
 20
129.46654962138658
 10
148.95496504020625
 20
129.36186281596093
 10
149.07512144164738
 20
129.2688548381892
 10
149.20407082049294
 20
129.18848007578325
 10
149.34048998161958
 20
129.12156328256978
 10
149.48297907982953
 20
129.06879111540005
 10
149.63007598415658
 20
129.03070508812138
 10
149.78027128130842
 20
129.00769601491228
  0
LWPOLYLINE
  5
9A
330
17
100
AcDbEntity
  8
CORTE
100
AcDbPolyline
 90
62
 70
1
 10
106.49802376428958
 20
129.0000000000001
 10
106.64977624727074
 20
129.00769601491226
 10
106.79997154442258
 20
129.03070508812138
 10
106.94706844874962
 20
129.06879111540005
 10
107.08955754695957
 20
129.12156328256975
 10
107.22597670808621
 20
129.18848007578325
 10
107.35492608693178
 20
129.2688548381892
 10
107.47508248837292
 20
129.36186281596093
 10
107.58521294513326
 20
129.46654962138658
 10
107.68418736969613
 20
129.5818410261786
 10
107.77099015053172
 20
129.70655398450967
 10
107.8447305736457
 20
129.83940877266366
 10
107.90465196251021
 20
129.97904212073288
 10
107.95013944258889
 20
130.12402120161204
 10
107.98072625078176
 20
130.27285833374324
 10
107.99609852504616
 20
130.42402624674205
 10
107.99609852504616
 20
130.57597375325818
 10
107.98072625078176
 20
130.72714166625698
 10
107.95013944258889
 20
130.8759787983882
 10
107.9046519625102
 20
131.02095787926734
 10
107.84473057364569
 20
131.16059122733657
 10
107.77099015053172
 20
131.29344601549056
 10
107.68418736969613
 20
131.41815897382162
 10
107.58521294513326
 20
131.53345037861365
 10
107.47508248837292
 20
131.6381371840393
 10
107.35492608693177
 20
131.73114516181104
 10
107.2259767080862
 20
131.811519924217
 10
107.08955754695955
 20
131.87843671743047
 10
106.94706844874962
 20
131.93120888460018
 10
106.79997154442256
 20
131.96929491187885
 10
106.64977624727072
 20
131.99230398508797
 10
106.49802376428957
 20
132.0000000000001
 10
106.34627128130843
 20
131.99230398508797
 10
106.1960759841566
 20
131.96929491187885
 10
106.04897907982955
 20
131.93120888460018
 10
105.90648998161961
 20
131.87843671743047
 10
105.77007082049296
 20
131.81151992421698
 10
105.6411214416474
 20
131.731145161811
 10
105.52096504020625
 20
131.6381371840393
 10
105.4108345834459
 20
131.53345037861365
 10
105.31186015888304
 20
131.41815897382162
 10
105.22505737804747
 20
131.29344601549056
 10
105.15131695493348
 20
131.16059122733657
 10
105.09139556606897
 20
131.02095787926734
 10
105.04590808599028
 20
130.8759787983882
 10
105.01532127779743
 20
130.72714166625698
 10
104.999949003533
 20
130.57597375325818
 10
104.999949003533
 20
130.42402624674205
 10
105.01532127779741
 20
130.27285833374324
 10
105.04590808599028
 20
130.12402120161204
 10
105.09139556606897
 20
129.97904212073288
 10
105.15131695493348
 20
129.83940877266366
 10
105.22505737804745
 20
129.70655398450967
 10
105.31186015888304
 20
129.5818410261786
 10
105.4108345834459
 20
129.46654962138658
 10
105.52096504020625
 20
129.36186281596093
 10
105.6411214416474
 20
129.2688548381892
 10
105.77007082049296
 20
129.18848007578325
 10
105.90648998161961
 20
129.12156328256975
 10
106.04897907982955
 20
129.06879111540005
 10
106.1960759841566
 20
129.03070508812138
 10
106.34627128130843
 20
129.00769601491226
  0
LWPOLYLINE
  5
9B
330
17
100
AcDbEntity
  8
CORTE
100
AcDbPolyline
 90
62
 70
1
 10
56.49802376428958
 20
129.0000000000001
 10
56.64977624727073
 20
129.00769601491226
 10
56.79997154442257
 20
129.03070508812135
 10
56.94706844874962
 20
129.06879111540002
 10
57.08955754695956
 20
129.12156328256975
 10
57.22597670808621
 20
129.18848007578322
 10
57.35492608693177
 20
129.26885483818918
 10
57.47508248837292
 20
129.36186281596093
 10
57.585212945133264
 20
129.46654962138658
 10
57.68418736969613
 20
129.5818410261786
 10
57.77099015053171
 20
129.70655398450967
 10
57.8447305736457
 20
129.83940877266366
 10
57.90465196251021
 20
129.97904212073288
 10
57.95013944258889
 20
130.12402120161204
 10
57.98072625078176
 20
130.27285833374324
 10
57.996098525046165
 20
130.42402624674205
 10
57.996098525046165
 20
130.57597375325818
 10
57.98072625078175
 20
130.72714166625698
 10
57.95013944258889
 20
130.8759787983882
 10
57.9046519625102
 20
131.02095787926734
 10
57.8447305736457
 20
131.16059122733657
 10
57.77099015053171
 20
131.29344601549056
 10
57.684187369696126
 20
131.41815897382162
 10
57.58521294513326
 20
131.53345037861365
 10
57.47508248837291
 20
131.6381371840393
 10
57.35492608693176
 20
131.73114516181104
 10
57.22597670808619
 20
131.81151992421698
 10
57.089557546959554
 20
131.87843671743047
 10
56.94706844874961
 20
131.93120888460018
 10
56.79997154442256
 20
131.96929491187885
 10
56.64977624727072
 20
131.99230398508794
 10
56.49802376428957
 20
132.0000000000001
 10
56.34627128130844
 20
131.99230398508794
 10
56.19607598415659
 20
131.96929491187885
 10
56.04897907982955
 20
131.93120888460018
 10
55.90648998161961
 20
131.87843671743045
 10
55.77007082049296
 20
131.81151992421698
 10
55.6411214416474
 20
131.731145161811
 10
55.52096504020625
 20
131.6381371840393
 10
55.410834583445904
 20
131.53345037861365
 10
55.311860158883036
 20
131.41815897382162
 10
55.22505737804746
 20
131.29344601549056
 10
55.15131695493347
 20
131.16059122733657
 10
55.09139556606896
 20
131.02095787926734
 10
55.04590808599028
 20
130.8759787983882
 10
55.01532127779742
 20
130.72714166625698
 10
54.999949003533004
 20
130.57597375325818
 10
54.999949003533004
 20
130.42402624674205
 10
55.01532127779742
 20
130.27285833374324
 10
55.04590808599028
 20
130.12402120161204
 10
55.09139556606896
 20
129.97904212073288
 10
55.15131695493347
 20
129.83940877266366
 10
55.22505737804745
 20
129.70655398450967
 10
55.311860158883036
 20
129.5818410261786
 10
55.410834583445904
 20
129.46654962138658
 10
55.52096504020625
 20
129.36186281596093
 10
55.64112144164739
 20
129.26885483818918
 10
55.77007082049296
 20
129.18848007578322
 10
55.90648998161961
 20
129.12156328256975
 10
56.04897907982954
 20
129.06879111540002
 10
56.19607598415659
 20
129.03070508812135
 10
56.34627128130843
 20
129.00769601491226
  0
LWPOLYLINE
  5
9C
330
17
100
AcDbEntity
  8
CORTE
100
AcDbPolyline
 90
62
 70
1
 10
163.06402376428957
 20
129.0000000000001
 10
163.21577624727072
 20
129.00769601491228
 10
163.36597154442256
 20
129.03070508812138
 10
163.5130684487496
 20
129.06879111540005
 10
163.65555754695956
 20
129.12156328256978
 10
163.7919767080862
 20
129.18848007578325
 10
163.92092608693176
 20
129.2688548381892
 10
164.0410824883729
 20
129.36186281596093
 10
164.15121294513327
 20
129.4665496213866
 10
164.25018736969614
 20
129.58184102617864
 10
164.3369901505317
 20
129.70655398450967
 10
164.41073057364568
 20
129.83940877266366
 10
164.4706519625102
 20
129.97904212073288
 10
164.51613944258887
 20
130.12402120161204
 10
164.54672625078175
 20
130.27285833374327
 10
164.56209852504614
 20
130.42402624674205
 10
164.56209852504614
 20
130.57597375325818
 10
164.54672625078175
 20
130.72714166625698
 10
164.51613944258887
 20
130.87597879838822
 10
164.47065196251017
 20
131.02095787926737
 10
164.41073057364568
 20
131.16059122733657
 10
164.3369901505317
 20
131.2934460154906
 10
164.2501873696961
 20
131.41815897382162
 10
164.15121294513324
 20
131.53345037861365
 10
164.0410824883729
 20
131.63813718403932
 10
163.92092608693176
 20
131.73114516181104
 10
163.7919767080862
 20
131.811519924217
 10
163.65555754695956
 20
131.87843671743047
 10
163.5130684487496
 20
131.9312088846002
 10
163.36597154442254
 20
131.96929491187888
 10
163.21577624727072
 20
131.99230398508797
 10
163.06402376428954
 20
132.0000000000001
 10
162.91227128130842
 20
131.99230398508797
 10
162.76207598415658
 20
131.96929491187888
 10
162.61497907982954
 20
131.9312088846002
 10
162.4724899816196
 20
131.87843671743047
 10
162.33607082049295
 20
131.811519924217
 10
162.2071214416474
 20
131.73114516181104
 10
162.08696504020625
 20
131.6381371840393
 10
161.97683458344588
 20
131.53345037861365
 10
161.877860158883
 20
131.41815897382162
 10
161.79105737804744
 20
131.29344601549056
 10
161.71731695493347
 20
131.16059122733657
 10
161.65739556606894
 20
131.02095787926734
 10
161.61190808599028
 20
130.8759787983882
 10
161.5813212777974
 20
130.72714166625698
 10
161.565949003533
 20
130.57597375325818
 10
161.565949003533
 20
130.42402624674205
 10
161.5813212777974
 20
130.27285833374327
 10
161.61190808599028
 20
130.12402120161204
 10
161.65739556606894
 20
129.97904212073288
 10
161.71731695493347
 20
129.83940877266366
 10
161.79105737804744
 20
129.70655398450967
 10
161.877860158883
 20
129.58184102617864
 10
161.97683458344588
 20
129.4665496213866
 10
162.08696504020625
 20
129.36186281596093
 10
162.2071214416474
 20
129.2688548381892
 10
162.33607082049295
 20
129.18848007578325
 10
162.4724899816196
 20
129.12156328256978
 10
162.61497907982954
 20
129.06879111540005
 10
162.76207598415658
 20
129.03070508812138
 10
162.91227128130842
 20
129.00769601491228
  0
LWPOLYLINE
  5
9D
330
17
100
AcDbEntity
  8
CORTE
100
AcDbPolyline
 90
72
 70
1
 10
156.49802376428957
 20
128.5000000000001
 10
156.67233524978488
 20
128.50761060381663
 10
156.84532011962344
 20
128.5303844939757
 10
157.0156618544946
 20
128.56814834742198
 10
157.1820640509409
 20
128.6206147584283
 10
157.34326028777096
 20
128.6873844259268
 10
157.49802376428957
 20
128.76794919243125
 10
157.64517663699166
 20
128.86169591142215
 10
157.78359898366264
 20
128.96791111376217
 10
157.91223732666268
 20
129.085786437627
 10
158.0301126505275
 20
129.21442478062704
 10
158.13632785286754
 20
129.35284712729802
 10
158.23007457185844
 20
129.5000000000001
 10
158.31063933836288
 20
129.65476347651872
 10
158.37740900586138
 20
129.81595971334878
 10
158.4298754168677
 20
129.9823619097951
 10
158.46763927031398
 20
130.15270364466625
 10
158.49041316047305
 20
130.3256885145048
 10
158.49802376428957
 20
130.5000000000001
 10
158.49041316047305
 20
130.67431148549542
 10
158.46763927031398
 20
130.84729635533398
 10
158.4298754168677
 20
131.01763809020517
 10
158.37740900586138
 20
131.18404028665145
 10
158.31063933836288
 20
131.3452365234815
 10
158.23007457185847
 20
131.5000000000001
 10
158.13632785286757
 20
131.6471528727022
 10
158.0301126505275
 20
131.7855752193732
 10
157.91223732666268
 20
131.91421356237322
 10
157.78359898366264
 20
132.03208888623809
 10
157.64517663699166
 20
132.1383040885781
 10
157.49802376428957
 20
132.232050807569
 10
157.34326028777096
 20
132.31261557407342
 10
157.1820640509409
 20
132.37938524157192
 10
157.01566185449462
 20
132.43185165257825
 10
156.84532011962344
 20
132.46961550602452
 10
156.67233524978488
 20
132.49238939618363
 10
156.49802376428957
 20
132.5000000000001
 10
156.32371227879426
 20
132.49238939618363
 10
156.1507274089557
 20
132.46961550602452
 10
155.98038567408454
 20
132.43185165257825
 10
155.81398347763823
 20
132.37938524157192
 10
155.65278724080818
 20
132.31261557407342
 10
155.49802376428957
 20
132.232050807569
 10
155.35087089158748
 20
132.1383040885781
 10
155.2124485449165
 20
132.03208888623809
 10
155.08381020191646
 20
131.91421356237322
 10
154.96593487805163
 20
131.7855752193732
 10
154.8597196757116
 20
131.6471528727022
 10
154.7659729567207
 20
131.5000000000001
 10
154.68540819021626
 20
131.3452365234815
 10
154.61863852271776
 20
131.18404028665145
 10
154.56617211171144
 20
131.01763809020517
 10
154.52840825826516
 20
130.84729635533398
 10
154.5056343681061
 20
130.67431148549542
 10
154.49802376428957
 20
130.5000000000001
 10
154.5056343681061
 20
130.3256885145048
 10
154.52840825826516
 20
130.15270364466625
 10
154.56617211171144
 20
129.9823619097951
 10
154.61863852271776
 20
129.81595971334878
 10
154.68540819021626
 20
129.65476347651872
 10
154.76597295672067
 20
129.5000000000001
 10
154.85971967571157
 20
129.35284712729802
 10
154.96593487805163
 20
129.21442478062704
 10
155.08381020191646
 20
129.08578643762704
 10
155.2124485449165
 20
128.96791111376217
 10
155.35087089158748
 20
128.86169591142215
 10
155.49802376428957
 20
128.76794919243125
 10
155.65278724080818
 20
128.68738442592684
 10
155.81398347763823
 20
128.6206147584283
 10
155.98038567408452
 20
128.56814834742198
 10
156.1507274089557
 20
128.5303844939757
 10
156.32371227879426
 20
128.50761060381663
  0
LWPOLYLINE
  5
9E
330
17
100
AcDbEntity
  8
CORTE
100
AcDbPolyline
 90
62
 70
1
 10
6.49802376428957
 20
129.0000000000001
 10
6.649776247270708
 20
129.00769601491226
 10
6.7999715444225615
 20
129.03070508812135
 10
6.947068448749604
 20
129.06879111540002
 10
7.08955754695954
 20
129.12156328256975
 10
7.225976708086193
 20
129.18848007578322
 10
7.354926086931755
 20
129.26885483818918
 10
7.475082488372905
 20
129.3618628159609
 10
7.58521294513325
 20
129.46654962138658
 10
7.684187369696119
 20
129.5818410261786
 10
7.770990150531702
 20
129.70655398450967
 10
7.844730573645691
 20
129.83940877266366
 10
7.9046519625101865
 20
129.97904212073288
 10
7.950139442588878
 20
130.12402120161204
 10
7.980726250781743
 20
130.27285833374324
 10
7.9960985250461505
 20
130.42402624674205
 10
7.9960985250461505
 20
130.57597375325818
 10
7.980726250781743
 20
130.72714166625698
 10
7.950139442588878
 20
130.8759787983882
 10
7.9046519625101865
 20
131.02095787926734
 10
7.844730573645677
 20
131.16059122733657
 10
7.770990150531688
 20
131.29344601549056
 10
7.684187369696119
 20
131.41815897382162
 10
7.58521294513325
 20
131.53345037861365
 10
7.475082488372891
 20
131.6381371840393
 10
7.354926086931755
 20
131.731145161811
 10
7.225976708086179
 20
131.81151992421698
 10
7.08955754695954
 20
131.87843671743045
 10
6.94706844874959
 20
131.93120888460018
 10
6.799971544422547
 20
131.96929491187885
 10
6.649776247270708
 20
131.99230398508794
 10
6.498023764289556
 20
132.0000000000001
 10
6.346271281308418
 20
131.99230398508794
 10
6.196075984156579
 20
131.96929491187885
 10
6.048979079829536
 20
131.93120888460018
 10
5.906489981619586
 20
131.87843671743045
 10
5.770070820492947
 20
131.81151992421698
 10
5.641121441647385
 20
131.731145161811
 10
5.520965040206235
 20
131.6381371840393
 10
5.41083458344589
 20
131.53345037861362
 10
5.311860158883022
 20
131.4181589738216
 10
5.225057378047438
 20
131.29344601549056
 10
5.151316954933463
 20
131.16059122733657
 10
5.091395566068954
 20
131.02095787926734
 10
5.045908085990263
 20
130.8759787983882
 10
5.015321277797398
 20
130.72714166625695
 10
4.99994900353299
 20
130.57597375325818
 10
4.99994900353299
 20
130.42402624674205
 10
5.015321277797398
 20
130.27285833374324
 10
5.045908085990263
 20
130.12402120161204
 10
5.091395566068954
 20
129.97904212073288
 10
5.151316954933449
 20
129.83940877266366
 10
5.225057378047438
 20
129.70655398450967
 10
5.311860158883022
 20
129.5818410261786
 10
5.41083458344589
 20
129.46654962138658
 10
5.520965040206235
 20
129.3618628159609
 10
5.641121441647385
 20
129.26885483818918
 10
5.770070820492947
 20
129.18848007578322
 10
5.906489981619586
 20
129.12156328256975
 10
6.048979079829536
 20
129.06879111540002
 10
6.196075984156579
 20
129.03070508812135
 10
6.346271281308418
 20
129.00769601491226
  0
LWPOLYLINE
  5
9F
330
17
100
AcDbEntity
  8
CORTE
100
AcDbPolyline
 90
301
 70
1
 10
164.05782898948604
 20
385.74486573912264
 10
163.72076492122807
 20
385.2967334548657
 10
163.39639649153025
 20
384.8393278885251
 10
163.08497868214192
 20
384.3730086005906
 10
162.78675629450026
 20
383.898142158511
 10
162.5019637572954
 20
383.41510184854053
 10
162.23082494218897
 20
382.924267382303
 10
161.97355298783134
 20
382.42602459830607
 10
161.73035013231657
 20
381.9207651586383
 10
161.50140755420534
 20
381.4088862410887
 10
161.28690522224213
 20
380.89079022693073
 10
161.08701175388427
 20
380.3668843846157
 10
160.9018842827537
 20
379.8375805496241
 10
160.73166833511658
 20
379.3032948007275
 10
160.57649771548694
 20
378.76444713291426
 10
160.43649440144458
 20
378.2214611272372
 10
160.31176844775024
 20
377.6747636178419
 10
160.20241789983294
 20
377.1247843564382
 10
160.10852871671773
 20
376.5719556744779
 10
160.03017470345463
 20
376.01671214330486
 10
159.96741745310118
 20
375.4594902325439
 10
159.9203062983051
 20
374.9007279669982
 10
159.88887827252455
 20
374.34086458232343
 10
159.87315808091648
 20
373.7803401797504
 10
159.87315808091648
 20
373.21959538012766
 10
159.88887827252455
 20
372.6590709775547
 10
159.92030629830515
 20
372.09920759287985
 10
159.96741745310123
 20
371.54044532733417
 10
160.03017470345463
 20
370.98322341657325
 10
160.10852871671779
 20
370.4279798854002
 10
160.20241789983294
 20
369.8751512034399
 10
160.31176844775024
 20
369.32517194203615
 10
160.43649440144463
 20
368.77847443264085
 10
160.576497715487
 20
368.2354884269638
 10
160.73166833511664
 20
367.69664075915057
 10
160.9018842827537
 20
367.162355010254
 10
161.08701175388433
 20
366.63305117526244
 10
161.28690522224218
 20
366.1091453329474
 10
161.5014075542054
 20
365.59104931878943
 10
161.73035013231663
 20
365.0791704012398
 10
161.9735529878314
 20
364.573910961572
 10
162.23082494218903
 20
364.0756681775751
 10
162.50196375729547
 20
363.5848337113376
 10
162.78675629450032
 20
363.10179340136705
 10
163.08497868214198
 20
362.6269269592875
 10
163.3963964915303
 20
362.160607671353
 10
163.72076492122812
 20
361.7032021050124
 10
164.05782898948615
 20
361.25506982075547
 10
164.21352491790606
 20
361.041308306809
 10
164.35639523781055
 20
360.8187700434438
 10
164.48594653362454
 20
360.58822358668476
 10
164.6017313882278
 20
360.3504651495775
 10
164.70334992815015
 20
360.10631585239383
 10
164.7904512045708
 20
359.8566188868193
 10
164.86273440535172
 20
359.60223660391404
 10
164.9199498939198
 20
359.3440475359055
 10
164.96190007140905
 20
359.0829433620977
 10
164.98844005908637
 20
358.8198258293765
 10
164.99947819870334
 20
358.55560363794467
 10
164.99497636904619
 20
358.291189303044
 10
164.97495011759088
 20
358.027496003501
 10
164.9394686068086
 20
357.7654344279814
 10
164.88865437530666
 20
357.5059096298443
 10
164.82268291463072
 20
357.2498179014588
 10
164.7417820631885
 20
356.99804367877675
 10
164.64623121938928
 20
356.7514564868537
 10
164.53636037671646
 20
356.51090793686524
 10
164.41254898406498
 20
356.2772287849904
 10
164.2752246352802
 20
356.0512260633208
 10
164.12486159242422
 20
355.8336802927017
 10
163.96197914786842
 20
355.6253427871326
 10
163.78713983087073
 20
355.4269330590369
 10
163.6009474648297
 20
355.2391363343603
 10
163.40404508192586
 20
355.06260118608094
 10
163.19711270235183
 20
354.8979372943042
 10
162.98086498580125
 20
354.74571334067707
 10
162.75604876332665
 20
354.6064550443947
 10
162.52344045809087
 20
354.4806433465818
 10
162.28384340391966
 20
354.36871274931855
 10
162.03808507091543
 20
354.2710498150488
 10
161.78701420771432
 20
354.1879918315513
 10
161.53149791025623
 20
354.11982564708615
 10
161.2724186271904
 20
354.0667866797383
 10
161.01067111225927
 20
354.0290581043797
 10
160.7471593341853
 20
354.0067702200587
 10
160.48279335473336
 20
354.0
 10
160.21848618573011
 20
354.00877082577114
 10
159.955150635895
 20
354.03305240653185
 10
159.69369615837263
 20
354.0727608836462
 10
159.43502570985441
 20
354.1277591202962
 10
159.18003263213564
 20
354.19785717509603
 10
158.92959756687878
 20
354.28281295807176
 10
158.6845854142381
 20
354.3823330667412
 10
158.4458423458483
 20
354.4960737994057
 10
158.21419288249467
 20
354.623642342155
 10
157.99043704655566
 20
354.7645981254861
 10
157.77534759905348
 20
354.91845434584917
 10
157.5696673708536
 20
355.08467964686815
 10
157.37410669723158
 20
355.26269995442806
 10
157.1893409646657
 20
355.4519004592916
 10
157.01600827832868
 20
355.6516277403987
 10
156.85470725833386
 20
355.86119202151514
 10
156.70599497234633
 20
356.0798695534373
 10
156.57038501169933
 20
356.30690511352543
 10
156.4483457176603
 20
356.54151461393343
 10
156.02477015204204
 20
357.4002162750471
 10
155.58754566998527
 20
358.2520493308032
 10
155.1367836161454
 20
359.09679685131243
 10
154.67259878268925
 20
359.93424371110586
 10
154.19510938006152
 20
360.76417664391835
 10
153.704437006881
 20
361.58638429699994
 10
153.20070661897404
 20
362.40065728493926
 10
152.6840464975529
 20
363.20678824298614
 10
152.1545882165475
 20
364.0045718798598
 10
151.6124666090982
 20
364.7938050300284
 10
151.05781973321916
 20
365.57428670544823
 10
150.49078883663998
 20
366.34581814674743
 10
149.91151832083534
 20
367.1082028738426
 10
149.32015570425108
 20
367.8612467359749
 10
148.71685158473724
 20
368.60475796115315
 10
148.10175960119602
 20
369.33854720499085
 10
147.4750363944559
 20
370.0624275989248
 10
146.8368415673812
 20
370.7762147978039
 10
146.1873376442271
 20
371.4797270268348
 10
145.5266900292508
 20
372.17278512787294
 10
144.85506696458924
 20
372.85521260504777
 10
144.17263948741441
 20
373.5268356697093
 10
143.47958138637625
 20
374.1874832846857
 10
142.77606915734538
 20
374.8369872078398
 10
142.06228195846626
 20
375.4751820349145
 10
141.33840156453232
 20
376.1019052416546
 10
140.60461232069463
 20
376.7169972251959
 10
139.86110109551635
 20
377.3203013447097
 10
139.108057233384
 20
377.911663961294
 10
138.34567250628885
 20
378.4909344770987
 10
137.57414106498965
 20
379.05796537367786
 10
136.79365938956983
 20
379.61261224955695
 10
136.00442623940114
 20
380.15473385700625
 10
135.2066426025275
 20
380.6841921380117
 10
134.40051164448056
 20
381.20085225943285
 10
133.58623865654124
 20
381.7045826473398
 10
132.76403100345965
 20
382.19525502052034
 10
131.9340980706471
 20
382.6727444231481
 10
131.09665121085374
 20
383.1369292566043
 10
130.25190369034442
 20
383.58769131044414
 10
129.4000706345883
 20
384.02491579250096
 10
128.54136897347433
 20
384.44849135811893
 10
128.30781570287803
 20
384.56994134467243
 10
128.08176366551504
 20
384.7048402173287
 10
127.86398643076284
 20
384.85272634062494
 10
127.65522925091794
 20
385.0130936356171
 10
127.45620651087857
 20
385.1853933117257
 10
127.26759928345858
 20
385.3690357447439
 10
127.09005299869806
 20
385.563392494582
 10
126.92417523514673
 20
385.7677984558432
 10
126.77053364067815
 20
385.9815541338708
 10
126.62965398995026
 20
386.203928038479
 10
126.50201838515959
 20
386.43415918717443
 10
126.3880636062464
 20
386.6714597093036
 10
126.28817961619639
 20
386.9150175422131
 10
126.20270822655401
 20
387.1639992101979
 10
126.13194192771427
 20
387.417552676726
 10
126.07612288799554
 20
387.6748102601804
 10
126.03544212491896
 20
387.9348916031395
 10
126.0100388515301
 20
388.19690668503563
 10
125.99999999999999
 20
388.45995886788126
 10
126.00535992413599
 20
388.7231479646409
 10
126.02610028181992
 20
388.9855733197479
 10
126.0621500977765
 20
389.2463368912248
 10
126.11338600645665
 20
389.5045463238597
 10
126.17963267420514
 20
389.75931800292176
 10
126.26066339926716
 20
390.00978007796675
 10
126.35620088758115
 20
390.25507544638316
 10
126.46591820170279
 20
390.49436468647104
 10
126.58943987961284
 20
390.7268289300144
 10
126.72634321958013
 20
390.9516726645184
 10
126.87615972668318
 20
391.16812645552085
 10
127.03837671603968
 20
391.3754495796629
 10
127.21243906725799
 20
391.57293255950736
 10
127.39775112410656
 20
391.75989959143135
 10
127.59367873290039
 20
391.9357108582837
 10
127.79955141262907
 20
392.0997647188943
 10
128.01466464940017
 20
392.2514997669411
 10
128.23828230734574
 20
392.3903967521309
 10
128.4696391477425
 20
392.515980357118
 10
128.70794344772355
 20
392.62782082408063
 10
128.95237970962222
 20
392.72553542538924
 10
129.20211145167434
 20
392.80878977333293
 10
129.45628407053033
 20
392.87729896442266
 10
129.7140277657811
 20
392.9308285543556
 10
129.974460516489
 20
392.9691953603033
 10
130.23669109953897
 20
392.9922680877791
 10
130.49982213948016
 20
392.9999677799391
 10
130.7467842724185
 20
392.9931859701558
 10
130.99300202748606
 20
392.97286098211447
 10
131.2377332704695
 20
392.9390540781273
 10
131.48024034770742
 20
392.89186715685753
 10
131.71979230948034
 20
392.8314424461827
 10
131.9556671131936
 20
392.7579620745
 10
132.18715379971326
 20
392.6716475217667
 10
132.4135546362947
 20
392.5727589519287
 10
132.63418721964524
 20
392.4615944287504
 10
132.84838653278172
 20
392.3384890174101
 10
133.05550694948306
 20
392.2038137745669
 10
133.2549241802966
 20
392.057974629945
 10
133.70305646455319
 20
391.72091056168733
 10
134.16046203089377
 20
391.39654213198946
 10
134.6267813188283
 20
391.08512432260113
 10
135.10164776090784
 20
390.7869019349595
 10
135.58468807087837
 20
390.5021093977546
 10
136.0755225371159
 20
390.2309705826481
 10
136.57376532111283
 20
389.9736986282905
 10
137.0790247607806
 20
389.7304957727757
 10
137.59090367833028
 20
389.50155319466444
 10
138.10899969248823
 20
389.2870508627013
 10
138.63290553480323
 20
389.08715739434336
 10
139.16220936979482
 20
388.9020299232128
 10
139.69649511869142
 20
388.7318139755757
 10
140.23534278650465
 20
388.57664335594603
 10
140.77832879218175
 20
388.4366400419036
 10
141.32502630157705
 20
388.3119140882093
 10
141.87500556298073
 20
388.202563540292
 10
142.42783424494104
 20
388.10867435717677
 10
142.98307777611416
 20
388.0303203439137
 10
143.54029968687507
 20
387.9675630935602
 10
144.0990619524208
 20
387.92045193876413
 10
144.65892533709558
 20
387.88902391298353
 10
145.21944973966856
 20
387.87330372137546
 10
145.78019453929136
 20
387.87330372137546
 10
146.34071894186434
 20
387.88902391298353
 10
146.90058232653917
 20
387.9204519387641
 10
147.45934459208485
 20
387.96756309356016
 10
148.01656650284582
 20
388.0303203439136
 10
148.57181003401888
 20
388.1086743571767
 10
149.1246387159792
 20
388.20256354029186
 10
149.67461797738292
 20
388.3119140882092
 10
150.22131548677822
 20
388.43664004190356
 10
150.76430149245533
 20
388.5766433559459
 10
151.3031491602685
 20
388.73181397557556
 10
151.83743490916515
 20
388.9020299232127
 10
152.3667387441567
 20
389.08715739434325
 10
152.89064458647175
 20
389.2870508627011
 10
153.4087406006297
 20
389.5015531946643
 10
153.92061951817936
 20
389.73049577277555
 10
154.42587895784715
 20
389.9736986282903
 10
154.9241217418441
 20
390.23097058264796
 10
155.4149562080816
 20
390.50210939775445
 10
155.89799651805214
 20
390.7869019349593
 10
156.37286296013173
 20
391.0851243226009
 10
156.8391822480662
 20
391.3965421319893
 10
157.29658781440685
 20
391.7209105616871
 10
157.74472009866378
 20
392.0579746299451
 10
157.94413732947731
 20
392.2038137745669
 10
158.1512577461786
 20
392.3384890174101
 10
158.36545705931508
 20
392.4615944287504
 10
158.58608964266563
 20
392.5727589519287
 10
158.81249047924706
 20
392.6716475217667
 10
159.0439771657667
 20
392.7579620745
 10
159.27985196947998
 20
392.8314424461827
 10
159.5194039312529
 20
392.89186715685753
 10
159.7619110084908
 20
392.9390540781273
 10
160.0066422514742
 20
392.97286098211447
 10
160.25286000654177
 20
392.9931859701558
 10
160.49982213948016
 20
392.9999677799391
 10
160.76371325190433
 20
392.99222350293434
 10
161.02669607727364
 20
392.969017326954
 10
161.28786545476692
 20
392.93042912535583
 10
161.5463224652712
 20
392.8765917149053
 10
161.8011775253717
 20
392.80769039863344
 10
162.05155344921002
 20
392.72396232804215
 10
162.29658846767074
 20
392.62569568685205
 10
162.53543919450556
 20
392.5132286991032
 10
162.7672835291849
 20
392.3869484650208
 10
162.99132348648675
 20
392.2472896286551
 10
163.20678794308236
 20
392.09473288187945
 10
163.41293529166666
 20
391.92980330989644
 10
163.60905599349684
 20
391.7530685839469
 10
163.79447502055456
 20
391.56513700744154
 10
163.9685541789254
 20
391.36665542224097
 10
164.13069430539895
 20
391.15830698229007
 10
164.28033732972955
 20
390.94080880227006
 10
164.4169681954583
 20
390.7149094893605
 10
164.54011663268687
 20
390.4813865666077
 10
164.64935877669933
 20
390.24104379676766
 10
164.74431862686288
 20
389.994708415834
 10
164.82466934078468
 20
389.7432282857738
 10
164.8901343592708
 20
389.4874689762708
 10
164.94048835821587
 20
389.2283107855203
 10
164.97555802414604
 20
388.96664571033
 10
164.99522265074688
 20
388.7033743759552
 10
164.99941455432253
 20
388.4394029362364
 10
164.9881193067564
 20
388.17563995470704
 10
164.96137578517113
 20
387.9129932774083
 10
164.91927603811752
 20
387.6523669081729
 10
164.86196496875243
 20
387.3946578971332
 10
164.78963983609657
 20
387.140753253164
 10
164.70254957608847
 20
386.89152689088553
 10
164.6009939447717
 20
386.64783662273624
 10
164.4853224865641
 20
386.4105212064672
 10
164.35593333116083
 20
386.180397458221
 10
164.21327182321102
 20
385.958257441132
  0
LWPOLYLINE
  5
A0
330
17
100
AcDbEntity
  8
CORTE
100
AcDbPolyline
 90
62
 70
1
 10
160.49982213948016
 20
359.9999677799391
 10
160.34806965649898
 20
359.99227176502694
 10
160.19787435934717
 20
359.96926269181785
 10
160.05077745502012
 20
359.9311766645392
 10
159.90828835681015
 20
359.87840449736944
 10
159.7718691956835
 20
359.811487704156
 10
159.64291981683795
 20
359.73111294175004
 10
159.5227634153968
 20
359.63810496397826
 10
159.4126329586365
 20
359.53341815855265
 10
159.31365853407362
 20
359.4181267537606
 10
159.226855753238
 20
359.29341379542956
 10
159.15311533012402
 20
359.16055900727554
 10
159.09319394125953
 20
359.02092565920634
 10
159.04770646118084
 20
358.87594657832716
 10
159.01711965298796
 20
358.727109446196
 10
159.00174737872356
 20
358.5759415331972
 10
159.00174737872356
 20
358.42399402668104
 10
159.01711965298796
 20
358.27282611368224
 10
159.04770646118084
 20
358.123988981551
 10
159.09319394125953
 20
357.9790099006719
 10
159.15311533012402
 20
357.83937655260263
 10
159.226855753238
 20
357.70652176444867
 10
159.31365853407357
 20
357.5818088061176
 10
159.41263295863644
 20
357.4665174013256
 10
159.5227634153968
 20
357.3618305958999
 10
159.64291981683795
 20
357.2688226181282
 10
159.7718691956835
 20
357.18844785572225
 10
159.90828835681015
 20
357.1215310625088
 10
160.05077745502012
 20
357.06875889533904
 10
160.19787435934717
 20
357.0306728680604
 10
160.34806965649898
 20
357.0076637948513
 10
160.49982213948016
 20
356.9999677799391
 10
160.65157462246128
 20
357.0076637948513
 10
160.80176991961315
 20
357.0306728680604
 10
160.9488668239402
 20
357.06875889533904
 10
161.09135592215011
 20
357.1215310625087
 10
161.22777508327675
 20
357.18844785572225
 10
161.35672446212232
 20
357.2688226181282
 10
161.47688086356345
 20
357.3618305958999
 10
161.58701132032382
 20
357.4665174013256
 10
161.6859857448867
 20
357.5818088061176
 10
161.77278852572226
 20
357.70652176444867
 10
161.84652894883624
 20
357.83937655260263
 10
161.9064503377008
 20
357.9790099006719
 10
161.95193781777948
 20
358.123988981551
 10
161.9825246259723
 20
358.27282611368224
 10
161.99789690023675
 20
358.42399402668104
 10
161.99789690023675
 20
358.5759415331972
 10
161.9825246259723
 20
358.727109446196
 10
161.95193781777942
 20
358.87594657832716
 10
161.9064503377008
 20
359.02092565920634
 10
161.84652894883624
 20
359.16055900727554
 10
161.77278852572226
 20
359.29341379542956
 10
161.6859857448867
 20
359.4181267537606
 10
161.58701132032382
 20
359.53341815855265
 10
161.47688086356345
 20
359.63810496397826
 10
161.35672446212232
 20
359.73111294175004
 10
161.22777508327675
 20
359.811487704156
 10
161.09135592215011
 20
359.87840449736944
 10
160.9488668239402
 20
359.9311766645392
 10
160.80176991961315
 20
359.96926269181785
 10
160.65157462246128
 20
359.99227176502694
  0
LWPOLYLINE
  5
A1
330
17
100
AcDbEntity
  8
CORTE
100
AcDbPolyline
 90
62
 70
1
 10
160.4998221394801
 20
386.9999677799391
 10
160.65157462246128
 20
387.0076637948513
 10
160.80176991961315
 20
387.0306728680604
 10
160.9488668239402
 20
387.068758895339
 10
161.09135592215011
 20
387.1215310625087
 10
161.22777508327675
 20
387.1884478557222
 10
161.35672446212232
 20
387.2688226181282
 10
161.47688086356345
 20
387.3618305958999
 10
161.58701132032382
 20
387.4665174013256
 10
161.6859857448867
 20
387.5818088061176
 10
161.77278852572226
 20
387.70652176444867
 10
161.84652894883624
 20
387.83937655260263
 10
161.9064503377008
 20
387.9790099006719
 10
161.95193781777942
 20
388.123988981551
 10
161.9825246259723
 20
388.27282611368224
 10
161.9978969002367
 20
388.42399402668104
 10
161.9978969002367
 20
388.5759415331972
 10
161.9825246259723
 20
388.727109446196
 10
161.95193781777948
 20
388.87594657832716
 10
161.9064503377008
 20
389.02092565920634
 10
161.84652894883624
 20
389.16055900727554
 10
161.77278852572226
 20
389.29341379542956
 10
161.6859857448867
 20
389.4181267537606
 10
161.58701132032382
 20
389.53341815855265
 10
161.47688086356345
 20
389.63810496397826
 10
161.35672446212232
 20
389.73111294175
 10
161.22777508327675
 20
389.811487704156
 10
161.09135592215011
 20
389.87840449736944
 10
160.9488668239402
 20
389.9311766645392
 10
160.80176991961315
 20
389.96926269181785
 10
160.65157462246128
 20
389.99227176502694
 10
160.49982213948016
 20
389.9999677799391
 10
160.34806965649898
 20
389.99227176502694
 10
160.19787435934717
 20
389.96926269181785
 10
160.05077745502012
 20
389.9311766645392
 10
159.90828835681015
 20
389.87840449736944
 10
159.7718691956835
 20
389.811487704156
 10
159.64291981683795
 20
389.73111294175
 10
159.5227634153968
 20
389.63810496397826
 10
159.41263295863644
 20
389.53341815855265
 10
159.31365853407357
 20
389.4181267537606
 10
159.226855753238
 20
389.29341379542956
 10
159.15311533012402
 20
389.16055900727554
 10
159.09319394125953
 20
389.02092565920634
 10
159.04770646118084
 20
388.87594657832716
 10
159.01711965298796
 20
388.727109446196
 10
159.00174737872356
 20
388.5759415331972
 10
159.00174737872356
 20
388.42399402668104
 10
159.01711965298796
 20
388.27282611368224
 10
159.04770646118084
 20
388.123988981551
 10
159.09319394125953
 20
387.9790099006719
 10
159.15311533012402
 20
387.83937655260263
 10
159.226855753238
 20
387.70652176444867
 10
159.31365853407362
 20
387.5818088061176
 10
159.4126329586365
 20
387.4665174013256
 10
159.5227634153968
 20
387.3618305958999
 10
159.64291981683795
 20
387.2688226181282
 10
159.7718691956835
 20
387.18844785572225
 10
159.90828835681015
 20
387.1215310625088
 10
160.05077745502012
 20
387.06875889533904
 10
160.19787435934717
 20
387.0306728680604
 10
160.34806965649898
 20
387.0076637948513
  0
LWPOLYLINE
  5
A2
330
17
100
AcDbEntity
  8
CORTE
100
AcDbPolyline
 90
62
 70
1
 10
130.49982213948016
 20
386.9999677799391
 10
130.65157462246128
 20
387.0076637948513
 10
130.80176991961315
 20
387.0306728680604
 10
130.9488668239402
 20
387.068758895339
 10
131.09135592215011
 20
387.1215310625087
 10
131.2277750832768
 20
387.1884478557222
 10
131.35672446212237
 20
387.2688226181282
 10
131.4768808635635
 20
387.3618305958999
 10
131.58701132032382
 20
387.4665174013256
 10
131.6859857448867
 20
387.5818088061176
 10
131.77278852572232
 20
387.70652176444867
 10
131.8465289488363
 20
387.83937655260263
 10
131.9064503377008
 20
387.9790099006719
 10
131.95193781777948
 20
388.123988981551
 10
131.98252462597236
 20
388.27282611368224
 10
131.99789690023675
 20
388.42399402668104
 10
131.99789690023675
 20
388.5759415331972
 10
131.98252462597236
 20
388.727109446196
 10
131.95193781777948
 20
388.87594657832716
 10
131.9064503377008
 20
389.02092565920634
 10
131.8465289488363
 20
389.16055900727554
 10
131.77278852572232
 20
389.29341379542956
 10
131.6859857448867
 20
389.4181267537606
 10
131.58701132032388
 20
389.53341815855265
 10
131.4768808635635
 20
389.63810496397826
 10
131.35672446212237
 20
389.73111294175
 10
131.2277750832768
 20
389.811487704156
 10
131.09135592215017
 20
389.87840449736944
 10
130.9488668239402
 20
389.9311766645392
 10
130.80176991961315
 20
389.96926269181785
 10
130.65157462246134
 20
389.99227176502694
 10
130.49982213948016
 20
389.9999677799391
 10
130.34806965649904
 20
389.99227176502694
 10
130.19787435934717
 20
389.96926269181785
 10
130.05077745502012
 20
389.9311766645392
 10
129.9082883568102
 20
389.87840449736944
 10
129.77186919568356
 20
389.811487704156
 10
129.642919816838
 20
389.73111294175
 10
129.5227634153968
 20
389.63810496397826
 10
129.4126329586365
 20
389.53341815855265
 10
129.31365853407362
 20
389.4181267537606
 10
129.22685575323806
 20
389.29341379542956
 10
129.15311533012408
 20
389.16055900727554
 10
129.09319394125953
 20
389.02092565920634
 10
129.0477064611809
 20
388.87594657832716
 10
129.01711965298801
 20
388.727109446196
 10
129.00174737872362
 20
388.5759415331972
 10
129.00174737872362
 20
388.42399402668104
 10
129.01711965298801
 20
388.27282611368224
 10
129.0477064611809
 20
388.123988981551
 10
129.09319394125953
 20
387.9790099006719
 10
129.15311533012408
 20
387.83937655260263
 10
129.22685575323806
 20
387.70652176444867
 10
129.31365853407362
 20
387.5818088061176
 10
129.4126329586365
 20
387.4665174013256
 10
129.52276341539687
 20
387.3618305958999
 10
129.642919816838
 20
387.2688226181282
 10
129.77186919568356
 20
387.18844785572225
 10
129.9082883568102
 20
387.1215310625088
 10
130.05077745502012
 20
387.06875889533904
 10
130.19787435934717
 20
387.0306728680604
 10
130.34806965649904
 20
387.0076637948513
  0
LWPOLYLINE
  5
A3
330
17
100
AcDbEntity
  8
CORTE
100
AcDbPolyline
 90
182
 70
1
 10
155.83920274455056
 20
363.84009026033294
 10
155.91013299767735
 20
363.7407499853586
 10
155.99263808956016
 20
363.650791656928
 10
156.08548872807114
 20
363.5715556173455
 10
156.1873014766686
 20
363.5042224511966
 10
156.29655936703574
 20
363.44979539512025
 10
156.41163450128818
 20
363.40908538999366
 10
156.5308123069865
 20
363.38269899824445
 10
156.65231708356475
 20
363.3710293663187
 10
156.77433845954243
 20
363.3742503669597
 10
156.89505836631923
 20
363.3923140085751
 10
157.01267812665373
 20
363.42495115029226
 10
157.12544525421868
 20
363.4716755120468
 10
157.23167956493052
 20
363.5317909199569
 10
157.45675325795338
 20
363.67101523497985
 10
157.6877475438635
 20
363.8001787633517
 10
157.92421300032464
 20
363.91903020459324
 10
158.03326123222286
 20
363.9794644735211
 10
158.13394197177428
 20
364.0529981829634
 10
158.2246902559133
 20
364.1384883383427
 10
158.30409550985098
 20
364.2346060962652
 10
158.37092347279247
 20
364.33985741982013
 10
158.4241353830618
 20
364.45260630161704
 10
158.46290412442403
 20
364.57110019358686
 10
158.48662708262947
 20
364.6934972482693
 10
158.4949355123394
 20
364.8178949481545
 10
158.48770026883676
 20
364.9423596780679
 10
158.4650338154279
 20
365.0649567809326
 10
158.42728847533334
 20
365.1837806297262
 10
158.22211052330437
 20
365.7335504596351
 10
158.03102472656565
 20
366.2883757259684
 10
157.85415546963782
 20
366.8478952732864
 10
157.69161788299198
 20
367.41174489047563
 10
157.5435177681066
 20
367.97955754782663
 10
157.40995152859807
 20
368.55096363594663
 10
157.2910061074677
 20
369.1255912063513
 10
157.1867589305079
 20
369.70306621357935
 10
157.09727785590263
 20
370.2830127586717
 10
157.02262113005628
 20
370.8650533338578
 10
156.96283734967892
 20
371.44880906828865
 10
156.91796543015317
 20
372.0338999746572
 10
156.8880345802025
 20
372.61994519654564
 10
156.8730642828785
 20
373.2065632563385
 10
156.8730642828785
 20
373.79337230353957
 10
156.8880345802025
 20
374.3799903633324
 10
156.91796543015317
 20
374.9660355852209
 10
156.96283734967892
 20
375.55112649158946
 10
157.02262113005622
 20
376.13488222602024
 10
157.09727785590263
 20
376.71692280120635
 10
157.1867589305079
 20
377.29686934629876
 10
157.2910061074677
 20
377.87434435352674
 10
157.40995152859801
 20
378.4489719239314
 10
157.5435177681066
 20
379.0203780120515
 10
157.69161788299198
 20
379.5881906694025
 10
157.85415546963782
 20
380.15204028659167
 10
158.0310247265656
 20
380.71155983390963
 10
158.2221105233043
 20
381.2663851002429
 10
158.42728847533317
 20
381.8161549301521
 10
158.4650338154279
 20
381.9349787789456
 10
158.48770026883676
 20
382.05757588181035
 10
158.4949355123394
 20
382.1820406117238
 10
158.48662708262947
 20
382.30643831160893
 10
158.46290412442403
 20
382.4288353662914
 10
158.4241353830618
 20
382.54732925826124
 10
158.37092347279253
 20
382.66007814005815
 10
158.30409550985104
 20
382.765329463613
 10
158.2246902559133
 20
382.8614472215355
 10
158.13394197177428
 20
382.9469373769149
 10
158.03326123222286
 20
383.0204710863572
 10
157.9242130003247
 20
383.08090535528504
 10
157.6628464595235
 20
383.2130434385725
 10
157.40823924510056
 20
383.35777805111934
 10
157.16099797954922
 20
383.5147643508841
 10
156.9217117353877
 20
383.6836283051797
 10
156.69095063164582
 20
383.86396758183645
 10
156.46926447550953
 20
384.05535250779144
 10
156.25718145236084
 20
384.2573270928198
 10
156.05520686733252
 20
384.4694101159685
 10
155.86382194137752
 20
384.69109627210474
 10
155.68348266472077
 20
384.9218573758467
 10
155.51461871042517
 20
385.1611436200082
 10
155.35763241066036
 20
385.40838488555954
 10
155.21289779811354
 20
385.66299209998243
 10
155.080759714826
 20
385.92435864078357
 10
155.02032544589804
 20
386.0334068726817
 10
154.94679173645574
 20
386.1340876122331
 10
154.86130158107642
 20
386.22483589637216
 10
154.7651838231539
 20
386.30424115030985
 10
154.65993249959905
 20
386.3710691132513
 10
154.54718361780215
 20
386.4242810235206
 10
154.42868972583238
 20
386.46304976488284
 10
154.3062926711499
 20
386.4867727230883
 10
154.18189497126474
 20
386.4950811527982
 10
154.05743024135137
 20
386.4878459092956
 10
153.93483313848662
 20
386.4651794558867
 10
153.8160092896931
 20
386.42743411579215
 10
153.2846485646454
 20
386.2288691047785
 10
152.74855260069927
 20
386.04346845439426
 10
152.20804748636635
 20
385.87134493740075
 10
151.6634619920909
 20
385.7126032505411
 10
151.11512737027027
 20
385.56733995085716
 10
150.56337715376554
 20
385.435643396957
 10
150.00854695302502
 20
385.3175936952695
 10
149.4509742519444
 20
385.2132626513186
 10
148.89099820258673
 20
385.1227137260461
 10
148.3289594188882
 20
385.0460019972109
 10
147.76519976947435
 20
384.9831741258872
 10
147.2000621697137
 20
384.9342683280818
 10
146.63389037313374
 20
384.89931435148895
 10
146.067028762328
 20
384.87833345739574
 10
145.49982213947993
 20
384.87133840774965
 10
144.9326155166321
 20
384.87833345739574
 10
144.3657539058264
 20
384.899314351489
 10
143.79958210924644
 20
384.9342683280818
 10
143.2344445094858
 20
384.9831741258872
 10
142.67068486007201
 20
385.0460019972109
 10
142.10864607637347
 20
385.1227137260461
 10
141.54867002701582
 20
385.2132626513186
 10
140.9910973259352
 20
385.3175936952695
 10
140.43626712519472
 20
385.435643396957
 10
139.88451690869
 20
385.56733995085716
 10
139.33618228686936
 20
385.7126032505411
 10
138.79159679259396
 20
385.87134493740075
 10
138.2510916782611
 20
386.0434684543942
 10
137.71499571431497
 20
386.2288691047784
 10
137.18363498926715
 20
386.42743411579215
 10
137.06620534059664
 20
386.4648295142676
 10
136.94506760358001
 20
386.48749638181744
 10
136.82206163491014
 20
386.49509045092447
 10
136.69715385227363
 20
386.4872588065158
 10
136.5742025363121
 20
386.4638865425981
 10
136.45513350899785
 20
386.4253397456915
 10
136.34181178289504
 20
386.37222218540876
 10
136.23601234892874
 20
386.305365857438
 10
136.13939237419004
 20
386.22581795175347
 10
136.05346524524862
 20
386.1348244501767
 10
135.97957686354243
 20
386.03381061020343
 10
135.91888456413437
 20
385.92435864078357
 10
135.80003312289273
 20
385.68789318432243
 10
135.67086959452087
 20
385.45689889841225
 10
135.5316452794977
 20
385.23182520538944
 10
135.47152987158762
 20
385.1255908946776
 10
135.42480550983316
 20
385.01282376711265
 10
135.39216836811607
 20
384.8952040067781
 10
135.37410472650066
 20
384.7744841000013
 10
135.3708837258597
 20
384.6524627240236
 10
135.38255335778553
 20
384.5309579474454
 10
135.40893974953474
 20
384.4117801417471
 10
135.44964975466138
 20
384.2967050074947
 10
135.50407681073773
 20
384.1874471171276
 10
135.57140997688668
 20
384.0856343685301
 10
135.65064601646918
 20
383.9927837300192
 10
135.74060434489974
 20
383.9102786381364
 10
135.83994461987413
 20
383.83934838500966
 10
136.66977616615134
 20
383.31118436882304
 10
137.4912602854435
 20
382.77012848913756
 10
138.3041967132877
 20
382.2163126465733
 10
139.10838726900965
 20
381.6498718524217
 10
139.9036359040362
 20
381.0709441957324
 10
140.68974874968916
 20
380.4796708096487
 10
141.4665341644469
 20
379.876195837002
 10
142.233802780664
 20
379.2606663951719
 10
142.9913675507354
 20
378.6332325402214
 10
143.739043792696
 20
377.99404723031586
 10
144.47664923524292
 20
377.34326628843405
 10
145.20400406217033
 20
376.6810483643813
 10
145.92093095620572
 20
376.0075548961129
 10
146.6272551422369
 20
375.32295007037857
 10
147.32280442991942
 20
374.627400782696
 10
148.00740925565378
 20
373.9210765966648
 10
148.68090272392215
 20
373.2041497026295
 10
149.34312064797496
 20
372.47679487570207
 10
149.9939015898567
 20
371.7391894331551
 10
150.63308689976225
 20
370.99151319119454
 10
151.26052075471273
 20
370.23394842112316
 10
151.87605019654285
 20
369.4666798049061
 10
152.47952516918957
 20
368.68989439014837
 10
153.0707985552732
 20
367.9037815444955
 10
153.6497262119625
 20
367.1085329094689
 10
154.216167006114
 20
366.304342353747
 10
154.76998284867835
 20
365.4914059259028
 10
155.31103872836383
 20
364.6699218066107
  0
LWPOLYLINE
  5
A4
330
17
100
AcDbEntity
  8
CORTE
100
AcDbPolyline
 90
156
 70
1
 10
6.498023764289556
 20
148.0000000000002
 10
6.7423158309258895
 20
147.9933641501864
 10
6.9858874151333765
 20
147.97347617163513
 10
7.22802015937792
 20
147.9403947192969
 10
7.4679999496480605
 20
147.8942173591937
 10
7.7051190215675405
 20
147.83508028067058
 10
7.93867804778111
 20
147.7631578947371
 10
8.198188076907314
 20
147.68324413258873
 10
8.461653712373419
 20
147.61753626756303
 10
8.728297923784709
 20
147.56622808967055
 10
8.997334306278674
 20
147.52947092040586
 10
9.26796939984257
 20
147.50737316645998
 10
9.539405029438527
 20
147.5000000000002
 10
153.4566424991399
 20
147.5000000000002
 10
153.7280781287359
 20
147.50737316646
 10
153.99871322229984
 20
147.52947092040588
 10
154.2677496047939
 20
147.5662280896706
 10
154.53439381620518
 20
147.61753626756308
 10
154.79785945167134
 20
147.6832441325888
 10
155.0573694807976
 20
147.76315789473716
 10
155.2909285070113
 20
147.8350802806706
 10
155.52804757893085
 20
147.89421735919376
 10
155.76802736920104
 20
147.940394719297
 10
156.01016011344564
 20
147.9734761716352
 10
156.25373169765317
 20
147.99336415018652
 10
156.4980237642896
 20
148.0000000000003
 10
156.76460658981136
 20
147.99209679293978
 10
157.03025303343577
 20
147.96841493206114
 10
157.29403000234123
 20
147.9290376007645
 10
157.55501097030407
 20
147.87410311336217
 10
157.81227923215602
 20
147.80380442924465
 10
158.06493112374443
 20
147.71838847510384
 10
158.3120791960855
 20
147.61815527759387
 10
158.55285533256136
 20
147.50345690947665
 10
158.78641379821113
 20
147.37469625295338
 10
159.01193421040608
 20
147.2323255845262
 10
159.22862442047335
 20
147.07684498636036
 10
159.43572329614705
 20
146.90880058972758
 10
159.63250339507317
 20
146.72878265669976
 10
159.81827351997742
 20
146.53742350683223
 10
159.99238114652087
 20
146.33539529611795
 10
160.15421471531522
 20
146.1234076560154
 10
160.3032057800479
 20
145.90220520084182
 10
160.43883100417003
 20
145.6725649122886
 10
160.5606139991355
 20
145.43529341024458
 10
160.66812699773294
 20
145.19122411951432
 10
160.76099235663355
 20
144.941214342383
 10
160.83888388287733
 20
144.68614224731104
 10
160.90152797963748
 20
144.42690378433517
 10
160.94870460723945
 20
144.1644095380114
 10
160.98024805605814
 20
143.89958152895343
 10
160.99604752857925
 20
143.63334997520172
 10
160.99604752857925
 20
143.36665002479867
 10
160.98024805605814
 20
143.100418471047
 10
160.9487046072394
 20
142.83559046198903
 10
160.90152797963742
 20
142.57309621566523
 10
160.83888388287727
 20
142.3138577526894
 10
160.76099235663355
 20
142.05878565761742
 10
160.66812699773294
 20
141.8087758804861
 10
160.5606139991355
 20
141.56470658975582
 10
160.43883100417003
 20
141.32743508771182
 10
160.3032057800479
 20
141.0977947991586
 10
160.15421471531522
 20
140.87659234398504
 10
159.99238114652087
 20
140.66460470388245
 10
159.81827351997742
 20
140.4625764931682
 10
159.63250339507312
 20
140.27121734330063
 10
159.435723296147
 20
140.09119941027285
 10
159.2286244204733
 20
139.92315501364004
 10
159.01193421040608
 20
139.76767441547423
 10
158.78641379821113
 20
139.625303747047
 10
158.5528553325613
 20
139.49654309052374
 10
158.3120791960855
 20
139.38184472240653
 10
158.06493112374437
 20
139.28161152489656
 10
157.81227923215596
 20
139.19619557075578
 10
157.555010970304
 20
139.12589688663826
 10
157.29403000234117
 20
139.07096239923592
 10
157.0302530334357
 20
139.0315850679393
 10
156.7646065898113
 20
139.00790320706068
 10
156.49802376428954
 20
139.0000000000001
 10
156.25373169765322
 20
139.0066358498139
 10
156.0101601134457
 20
139.0265238283652
 10
155.7680273692011
 20
139.05960528070344
 10
155.52804757893097
 20
139.10578264080664
 10
155.29092850701147
 20
139.1649197193298
 10
155.05736948079783
 20
139.2368421052633
 10
154.79785945167163
 20
139.3167558674117
 10
154.53439381620552
 20
139.3824637324374
 10
154.26774960479423
 20
139.43377191032988
 10
153.99871322230024
 20
139.47052907959457
 10
153.72807812873634
 20
139.49262683354044
 10
153.4566424991404
 20
139.50000000000023
 10
9.53940502943908
 20
139.50000000000023
 10
9.267969399843096
 20
139.49262683354044
 10
8.997334306279186
 20
139.47052907959454
 10
8.72829792378522
 20
139.43377191032985
 10
8.461653712373916
 20
139.38246373243737
 10
8.198188076907812
 20
139.31675586741167
 10
7.938678047781579
 20
139.23684210526335
 10
7.705119021567896
 20
139.16491971932993
 10
7.467999949648359
 20
139.10578264080678
 10
7.228020159378147
 20
139.05960528070355
 10
6.985887415133519
 20
139.02652382836533
 10
6.7423158309259605
 20
139.00663584981402
 10
6.498023764289556
 20
139.0000000000002
 10
6.231440938767818
 20
139.00790320706076
 10
5.965794495143399
 20
139.03158506793937
 10
5.702017526237967
 20
139.070962399236
 10
5.4410365582751155
 20
139.12589688663837
 10
5.183768296423153
 20
139.19619557075586
 10
4.9311164048347536
 20
139.28161152489668
 10
4.683968332493677
 20
139.38184472240664
 10
4.443192196017847
 20
139.49654309052386
 10
4.209633730368054
 20
139.62530374704713
 10
3.984113318173115
 20
139.76767441547432
 10
3.7674231081058878
 20
139.92315501364013
 10
3.560324232432208
 20
140.09119941027294
 10
3.3635441335060676
 20
140.27121734330072
 10
3.177774008601787
 20
140.46257649316829
 10
3.0036663820583698
 20
140.6646047038825
 10
2.8418328132639914
 20
140.8765923439851
 10
2.6928417485313503
 20
141.09779479915866
 10
2.557216524409199
 20
141.32743508771188
 10
2.4354335294437277
 20
141.56470658975587
 10
2.3279205308463133
 20
141.80877588048614
 10
2.235055171945703
 20
142.05878565761745
 10
2.1571636457019565
 20
142.31385775268942
 10
2.094519548941804
 20
142.57309621566526
 10
2.0473429213398333
 20
142.83559046198906
 10
2.0157994725210955
 20
143.100418471047
 10
2.0
 20
143.3666500247987
 10
2.0
 20
143.63334997520172
 10
2.0157994725210955
 20
143.8995815289534
 10
2.0473429213398333
 20
144.16440953801137
 10
2.094519548941804
 20
144.42690378433514
 10
2.1571636457019565
 20
144.686142247311
 10
2.2350551719457172
 20
144.94121434238298
 10
2.3279205308463276
 20
145.1912241195143
 10
2.4354335294437277
 20
145.43529341024455
 10
2.5572165244092133
 20
145.67256491228855
 10
2.6928417485313503
 20
145.90220520084176
 10
2.8418328132640056
 20
146.12340765601533
 10
3.003666382058384
 20
146.3353952961179
 10
3.1777740086018014
 20
146.53742350683214
 10
3.363544133506082
 20
146.7287826566997
 10
3.5603242324322224
 20
146.9088005897275
 10
3.767423108105902
 20
147.0768449863603
 10
3.9841133181731294
 20
147.2323255845261
 10
4.209633730368083
 20
147.3746962529533
 10
4.443192196017861
 20
147.50345690947657
 10
4.683968332493691
 20
147.6181552775938
 10
4.931116404834782
 20
147.71838847510375
 10
5.183768296423182
 20
147.80380442924456
 10
5.441036558275144
 20
147.87410311336205
 10
5.702017526237995
 20
147.9290376007644
 10
5.965794495143427
 20
147.96841493206102
 10
6.231440938767861
 20
147.99209679293966
  0
LWPOLYLINE
  5
A5
330
17
100
AcDbEntity
  8
CORTE
100
AcDbPolyline
 90
62
 70
1
 10
149.93202376428957
 20
142.00000000000023
 10
150.08377624727075
 20
142.00769601491237
 10
150.23397154442256
 20
142.03070508812146
 10
150.3810684487496
 20
142.06879111540013
 10
150.52355754695958
 20
142.12156328256987
 10
150.65997670808622
 20
142.18848007578333
 10
150.78892608693178
 20
142.2688548381893
 10
150.90908248837292
 20
142.36186281596102
 10
151.01921294513323
 20
142.4665496213867
 10
151.1181873696961
 20
142.58184102617872
 10
151.20499015053173
 20
142.70655398450978
 10
151.2787305736457
 20
142.83940877266377
 10
151.3386519625102
 20
142.979042120733
 10
151.3841394425889
 20
143.12402120161215
 10
151.41472625078177
 20
143.27285833374336
 10
151.43009852504616
 20
143.42402624674216
 10
151.43009852504616
 20
143.5759737532583
 10
151.41472625078177
 20
143.7271416662571
 10
151.3841394425889
 20
143.8759787983883
 10
151.3386519625102
 20
144.02095787926746
 10
151.2787305736457
 20
144.16059122733668
 10
151.20499015053173
 20
144.29344601549067
 10
151.1181873696961
 20
144.41815897382173
 10
151.01921294513323
 20
144.53345037861376
 10
150.90908248837292
 20
144.6381371840394
 10
150.78892608693178
 20
144.73114516181113
 10
150.65997670808616
 20
144.8115199242171
 10
150.52355754695952
 20
144.87843671743056
 10
150.3810684487496
 20
144.9312088846003
 10
150.23397154442256
 20
144.96929491187896
 10
150.0837762472707
 20
144.99230398508806
 10
149.93202376428957
 20
145.00000000000023
 10
149.78027128130844
 20
144.99230398508806
 10
149.63007598415658
 20
144.96929491187896
 10
149.48297907982953
 20
144.9312088846003
 10
149.3404899816196
 20
144.87843671743056
 10
149.20407082049297
 20
144.8115199242171
 10
149.0751214416474
 20
144.73114516181113
 10
148.95496504020622
 20
144.6381371840394
 10
148.8448345834459
 20
144.53345037861374
 10
148.74586015888303
 20
144.4181589738217
 10
148.65905737804746
 20
144.29344601549067
 10
148.5853169549335
 20
144.16059122733668
 10
148.52539556606894
 20
144.02095787926746
 10
148.47990808599025
 20
143.8759787983883
 10
148.44932127779742
 20
143.72714166625707
 10
148.43394900353297
 20
143.5759737532583
 10
148.43394900353297
 20
143.42402624674216
 10
148.44932127779742
 20
143.27285833374336
 10
148.47990808599025
 20
143.12402120161215
 10
148.52539556606894
 20
142.979042120733
 10
148.5853169549335
 20
142.83940877266377
 10
148.65905737804746
 20
142.70655398450978
 10
148.74586015888303
 20
142.58184102617872
 10
148.8448345834459
 20
142.4665496213867
 10
148.95496504020622
 20
142.36186281596102
 10
149.0751214416474
 20
142.2688548381893
 10
149.20407082049297
 20
142.18848007578333
 10
149.3404899816196
 20
142.12156328256987
 10
149.48297907982953
 20
142.06879111540013
 10
149.63007598415658
 20
142.03070508812146
 10
149.78027128130844
 20
142.00769601491237
  0
LWPOLYLINE
  5
A6
330
17
100
AcDbEntity
  8
CORTE
100
AcDbPolyline
 90
62
 70
1
 10
106.49802376428958
 20
142.00000000000023
 10
106.64977624727074
 20
142.00769601491237
 10
106.79997154442258
 20
142.03070508812146
 10
106.94706844874962
 20
142.06879111540013
 10
107.08955754695957
 20
142.12156328256987
 10
107.22597670808621
 20
142.18848007578333
 10
107.35492608693177
 20
142.2688548381893
 10
107.47508248837292
 20
142.36186281596102
 10
107.58521294513326
 20
142.4665496213867
 10
107.68418736969613
 20
142.58184102617872
 10
107.77099015053172
 20
142.70655398450978
 10
107.8447305736457
 20
142.83940877266377
 10
107.90465196251021
 20
142.97904212073297
 10
107.95013944258889
 20
143.12402120161212
 10
107.98072625078176
 20
143.27285833374336
 10
107.99609852504616
 20
143.42402624674216
 10
107.99609852504616
 20
143.5759737532583
 10
107.98072625078176
 20
143.72714166625707
 10
107.95013944258889
 20
143.8759787983883
 10
107.9046519625102
 20
144.02095787926746
 10
107.84473057364569
 20
144.16059122733668
 10
107.77099015053172
 20
144.29344601549067
 10
107.68418736969613
 20
144.4181589738217
 10
107.58521294513326
 20
144.53345037861374
 10
107.47508248837292
 20
144.6381371840394
 10
107.35492608693177
 20
144.73114516181113
 10
107.2259767080862
 20
144.8115199242171
 10
107.08955754695955
 20
144.87843671743056
 10
106.94706844874962
 20
144.9312088846003
 10
106.79997154442256
 20
144.96929491187896
 10
106.64977624727072
 20
144.99230398508806
 10
106.49802376428957
 20
145.00000000000023
 10
106.34627128130843
 20
144.99230398508806
 10
106.1960759841566
 20
144.96929491187896
 10
106.04897907982955
 20
144.9312088846003
 10
105.90648998161961
 20
144.87843671743056
 10
105.77007082049296
 20
144.8115199242171
 10
105.6411214416474
 20
144.73114516181113
 10
105.52096504020625
 20
144.6381371840394
 10
105.4108345834459
 20
144.53345037861374
 10
105.31186015888304
 20
144.4181589738217
 10
105.22505737804747
 20
144.29344601549064
 10
105.15131695493348
 20
144.16059122733668
 10
105.09139556606897
 20
144.02095787926746
 10
105.04590808599028
 20
143.8759787983883
 10
105.01532127779743
 20
143.72714166625707
 10
104.999949003533
 20
143.5759737532583
 10
104.999949003533
 20
143.42402624674213
 10
105.01532127779741
 20
143.27285833374336
 10
105.04590808599028
 20
143.12402120161212
 10
105.09139556606897
 20
142.97904212073297
 10
105.15131695493348
 20
142.83940877266377
 10
105.22505737804745
 20
142.70655398450978
 10
105.31186015888304
 20
142.58184102617872
 10
105.4108345834459
 20
142.4665496213867
 10
105.52096504020625
 20
142.36186281596102
 10
105.6411214416474
 20
142.2688548381893
 10
105.77007082049296
 20
142.18848007578333
 10
105.9064899816196
 20
142.12156328256987
 10
106.04897907982955
 20
142.06879111540013
 10
106.1960759841566
 20
142.03070508812146
 10
106.34627128130843
 20
142.00769601491237
  0
LWPOLYLINE
  5
A7
330
17
100
AcDbEntity
  8
CORTE
100
AcDbPolyline
 90
62
 70
1
 10
56.49802376428958
 20
142.0000000000002
 10
56.64977624727073
 20
142.00769601491237
 10
56.79997154442257
 20
142.03070508812146
 10
56.94706844874962
 20
142.06879111540013
 10
57.08955754695956
 20
142.12156328256987
 10
57.22597670808621
 20
142.18848007578333
 10
57.35492608693177
 20
142.2688548381893
 10
57.47508248837292
 20
142.36186281596102
 10
57.585212945133264
 20
142.4665496213867
 10
57.68418736969613
 20
142.58184102617872
 10
57.77099015053171
 20
142.70655398450975
 10
57.8447305736457
 20
142.83940877266377
 10
57.90465196251021
 20
142.97904212073297
 10
57.95013944258889
 20
143.12402120161212
 10
57.98072625078176
 20
143.27285833374336
 10
57.996098525046165
 20
143.42402624674213
 10
57.996098525046165
 20
143.57597375325827
 10
57.98072625078175
 20
143.72714166625707
 10
57.95013944258889
 20
143.8759787983883
 10
57.9046519625102
 20
144.02095787926746
 10
57.8447305736457
 20
144.16059122733668
 10
57.77099015053171
 20
144.29344601549067
 10
57.684187369696126
 20
144.4181589738217
 10
57.58521294513326
 20
144.53345037861374
 10
57.47508248837291
 20
144.6381371840394
 10
57.35492608693176
 20
144.73114516181113
 10
57.22597670808619
 20
144.8115199242171
 10
57.089557546959554
 20
144.87843671743056
 10
56.94706844874961
 20
144.9312088846003
 10
56.79997154442256
 20
144.96929491187896
 10
56.64977624727072
 20
144.99230398508806
 10
56.49802376428957
 20
145.0000000000002
 10
56.34627128130844
 20
144.99230398508806
 10
56.19607598415659
 20
144.96929491187896
 10
56.04897907982955
 20
144.9312088846003
 10
55.90648998161961
 20
144.87843671743056
 10
55.77007082049296
 20
144.8115199242171
 10
55.6411214416474
 20
144.73114516181113
 10
55.52096504020625
 20
144.6381371840394
 10
55.410834583445904
 20
144.53345037861374
 10
55.311860158883036
 20
144.4181589738217
 10
55.22505737804746
 20
144.29344601549064
 10
55.15131695493347
 20
144.16059122733665
 10
55.09139556606896
 20
144.02095787926743
 10
55.04590808599028
 20
143.8759787983883
 10
55.01532127779742
 20
143.72714166625707
 10
54.999949003533004
 20
143.57597375325827
 10
54.999949003533004
 20
143.42402624674213
 10
55.01532127779742
 20
143.27285833374336
 10
55.04590808599028
 20
143.12402120161212
 10
55.09139556606896
 20
142.97904212073297
 10
55.15131695493347
 20
142.83940877266377
 10
55.22505737804745
 20
142.70655398450975
 10
55.311860158883036
 20
142.58184102617872
 10
55.410834583445904
 20
142.4665496213867
 10
55.52096504020625
 20
142.36186281596102
 10
55.64112144164739
 20
142.2688548381893
 10
55.77007082049296
 20
142.18848007578333
 10
55.90648998161961
 20
142.12156328256987
 10
56.04897907982954
 20
142.06879111540013
 10
56.19607598415659
 20
142.03070508812146
 10
56.34627128130843
 20
142.00769601491237
  0
LWPOLYLINE
  5
A8
330
17
100
AcDbEntity
  8
CORTE
100
AcDbPolyline
 90
72
 70
1
 10
156.49802376428954
 20
141.50000000000023
 10
156.6723352497849
 20
141.50761060381672
 10
156.8453201196234
 20
141.53038449397582
 10
157.01566185449462
 20
141.5681483474221
 10
157.18206405094088
 20
141.62061475842842
 10
157.343260287771
 20
141.68738442592692
 10
157.4980237642896
 20
141.76794919243133
 10
157.64517663699166
 20
141.86169591142223
 10
157.78359898366267
 20
141.96791111376226
 10
157.91223732666265
 20
142.08578643762712
 10
158.03011265052754
 20
142.21442478062716
 10
158.13632785286757
 20
142.35284712729813
 10
158.23007457185844
 20
142.50000000000023
 10
158.31063933836288
 20
142.6547634765188
 10
158.3774090058614
 20
142.8159597133489
 10
158.42987541686773
 20
142.98236190979517
 10
158.467639270314
 20
143.15270364466636
 10
158.49041316047305
 20
143.3256885145049
 10
158.4980237642896
 20
143.50000000000023
 10
158.49041316047305
 20
143.67431148549554
 10
158.467639270314
 20
143.84729635533407
 10
158.42987541686773
 20
144.01763809020525
 10
158.3774090058614
 20
144.18404028665157
 10
158.31063933836288
 20
144.34523652348162
 10
158.23007457185844
 20
144.50000000000023
 10
158.13632785286757
 20
144.6471528727023
 10
158.03011265052754
 20
144.7855752193733
 10
157.91223732666265
 20
144.9142135623733
 10
157.78359898366267
 20
145.03208888623817
 10
157.64517663699166
 20
145.1383040885782
 10
157.4980237642896
 20
145.2320508075691
 10
157.343260287771
 20
145.3126155740735
 10
157.18206405094094
 20
145.37938524157204
 10
157.01566185449462
 20
145.43185165257836
 10
156.84532011962347
 20
145.46961550602464
 10
156.6723352497849
 20
145.4923893961837
 10
156.4980237642896
 20
145.50000000000023
 10
156.32371227879423
 20
145.4923893961837
 10
156.15072740895573
 20
145.46961550602464
 10
155.98038567408452
 20
145.43185165257836
 10
155.81398347763826
 20
145.37938524157204
 10
155.65278724080815
 20
145.3126155740735
 10
155.4980237642896
 20
145.2320508075691
 10
155.35087089158748
 20
145.1383040885782
 10
155.21244854491647
 20
145.03208888623817
 10
155.0838102019165
 20
144.9142135623733
 10
154.9659348780516
 20
144.7855752193733
 10
154.85971967571157
 20
144.64715287270232
 10
154.7659729567207
 20
144.50000000000023
 10
154.68540819021626
 20
144.34523652348162
 10
154.61863852271773
 20
144.18404028665157
 10
154.5661721117114
 20
144.01763809020525
 10
154.52840825826513
 20
143.8472963553341
 10
154.5056343681061
 20
143.67431148549554
 10
154.4980237642896
 20
143.50000000000023
 10
154.5056343681061
 20
143.32568851450492
 10
154.52840825826513
 20
143.15270364466636
 10
154.5661721117114
 20
142.98236190979517
 10
154.61863852271773
 20
142.8159597133489
 10
154.68540819021626
 20
142.6547634765188
 10
154.7659729567207
 20
142.50000000000023
 10
154.85971967571157
 20
142.35284712729813
 10
154.9659348780516
 20
142.21442478062716
 10
155.0838102019165
 20
142.08578643762712
 10
155.21244854491647
 20
141.96791111376226
 10
155.35087089158748
 20
141.86169591142223
 10
155.49802376428954
 20
141.76794919243133
 10
155.65278724080815
 20
141.68738442592692
 10
155.8139834776382
 20
141.62061475842842
 10
155.98038567408452
 20
141.5681483474221
 10
156.15072740895573
 20
141.53038449397582
 10
156.32371227879423
 20
141.50761060381672
  0
LWPOLYLINE
  5
A9
330
17
100
AcDbEntity
  8
CORTE
100
AcDbPolyline
 90
62
 70
1
 10
6.49802376428957
 20
142.0000000000002
 10
6.649776247270708
 20
142.00769601491237
 10
6.7999715444225615
 20
142.03070508812146
 10
6.947068448749604
 20
142.06879111540013
 10
7.08955754695954
 20
142.12156328256987
 10
7.225976708086193
 20
142.18848007578333
 10
7.354926086931755
 20
142.2688548381893
 10
7.475082488372905
 20
142.36186281596102
 10
7.58521294513325
 20
142.46654962138666
 10
7.684187369696119
 20
142.58184102617872
 10
7.770990150531702
 20
142.70655398450975
 10
7.844730573645691
 20
142.83940877266375
 10
7.9046519625101865
 20
142.97904212073297
 10
7.950139442588878
 20
143.12402120161212
 10
7.980726250781743
 20
143.27285833374333
 10
7.9960985250461505
 20
143.42402624674213
 10
7.9960985250461505
 20
143.57597375325827
 10
7.980726250781743
 20
143.72714166625707
 10
7.950139442588878
 20
143.8759787983883
 10
7.9046519625101865
 20
144.02095787926743
 10
7.844730573645677
 20
144.16059122733665
 10
7.770990150531688
 20
144.29344601549064
 10
7.684187369696119
 20
144.4181589738217
 10
7.58521294513325
 20
144.53345037861374
 10
7.475082488372891
 20
144.6381371840394
 10
7.354926086931755
 20
144.73114516181113
 10
7.225976708086179
 20
144.8115199242171
 10
7.08955754695954
 20
144.87843671743056
 10
6.94706844874959
 20
144.93120888460027
 10
6.799971544422547
 20
144.96929491187893
 10
6.649776247270708
 20
144.99230398508806
 10
6.498023764289556
 20
145.0000000000002
 10
6.346271281308418
 20
144.99230398508806
 10
6.196075984156579
 20
144.96929491187893
 10
6.048979079829536
 20
144.93120888460027
 10
5.906489981619586
 20
144.87843671743056
 10
5.770070820492947
 20
144.81151992421707
 10
5.641121441647385
 20
144.73114516181113
 10
5.520965040206235
 20
144.63813718403938
 10
5.41083458344589
 20
144.53345037861374
 10
5.311860158883022
 20
144.4181589738217
 10
5.225057378047438
 20
144.29344601549064
 10
5.151316954933463
 20
144.16059122733665
 10
5.091395566068954
 20
144.02095787926743
 10
5.045908085990263
 20
143.87597879838827
 10
5.015321277797398
 20
143.72714166625707
 10
4.99994900353299
 20
143.57597375325827
 10
4.99994900353299
 20
143.42402624674213
 10
5.015321277797398
 20
143.27285833374333
 10
5.045908085990263
 20
143.12402120161212
 10
5.091395566068954
 20
142.97904212073297
 10
5.151316954933449
 20
142.83940877266375
 10
5.225057378047438
 20
142.70655398450975
 10
5.311860158883022
 20
142.58184102617872
 10
5.41083458344589
 20
142.46654962138666
 10
5.520965040206235
 20
142.36186281596102
 10
5.641121441647385
 20
142.2688548381893
 10
5.770070820492947
 20
142.18848007578333
 10
5.906489981619586
 20
142.12156328256987
 10
6.048979079829536
 20
142.06879111540013
 10
6.196075984156579
 20
142.03070508812146
 10
6.346271281308418
 20
142.00769601491237
  0
LWPOLYLINE
  5
AA
330
17
100
AcDbEntity
  8
CORTE
100
AcDbPolyline
 90
156
 70
1
 10
314.08784539998817
 20
208.49638459338365
 10
314.09448124980196
 20
208.74067666002
 10
314.11436922835327
 20
208.9842482442275
 10
314.14745068069146
 20
209.22638098847204
 10
314.1936280407947
 20
209.46636077874217
 10
314.2527651193178
 20
209.70347985066167
 10
314.3246875052513
 20
209.93703887687522
 10
314.40460126739964
 20
210.19654890600142
 10
314.47030913242537
 20
210.46001454146753
 10
314.5216173103178
 20
210.72665875287882
 10
314.55837447958254
 20
210.99569513537278
 10
314.5804722335284
 20
211.26633022893668
 10
314.58784539998817
 20
211.53776585853262
 10
314.58784539998817
 20
355.455003328234
 10
314.5804722335284
 20
355.72643895783
 10
314.5583744795825
 20
355.99707405139395
 10
314.52161731031777
 20
356.266110433888
 10
314.4703091324253
 20
356.5327546452993
 10
314.4046012673996
 20
356.79622028076545
 10
314.32468750525123
 20
357.0557303098917
 10
314.25276511931776
 20
357.2892893361054
 10
314.19362804079464
 20
357.52640840802496
 10
314.1474506806914
 20
357.76638819829515
 10
314.11436922835315
 20
358.00852094253975
 10
314.09448124980185
 20
358.2520925267473
 10
314.08784539998805
 20
358.4963845933837
 10
314.0957486070486
 20
358.7629674189055
 10
314.11943046792726
 20
359.0286138625299
 10
314.1588077992239
 20
359.29239083143534
 10
314.2137422866262
 20
359.5533717993982
 10
314.2840409707437
 20
359.8106400612501
 10
314.3694569248845
 20
360.06329195283854
 10
314.46969012239447
 20
360.3104400251796
 10
314.58438849051174
 20
360.5512161616555
 10
314.713149147035
 20
360.78477462730524
 10
314.8555198154622
 20
361.0102950395002
 10
315.011000413628
 20
361.22698524956746
 10
315.1790448102608
 20
361.43408412524116
 10
315.35906274328863
 20
361.6308642241673
 10
315.55042189315617
 20
361.81663434907153
 10
315.7524501038704
 20
361.990741975615
 10
315.964437743973
 20
362.15257554440933
 10
316.1856401991466
 20
362.301566609142
 10
316.41528048769976
 20
362.43719183326414
 10
316.6525519897438
 20
362.5589748282296
 10
316.89662128047405
 20
362.66648782682705
 10
317.14663105760536
 20
362.75935318572766
 10
317.4017031526773
 20
362.83724471197144
 10
317.6609416156532
 20
362.8998888087316
 10
317.923435861977
 20
362.94706543633356
 10
318.18826387103496
 20
362.97860888515225
 10
318.45449542478667
 20
362.99440835767336
 10
318.7211953751897
 20
362.99440835767336
 10
318.9874269289414
 20
362.97860888515225
 10
319.25225493799934
 20
362.9470654363335
 10
319.51474918432314
 20
362.89988880873153
 10
319.773987647299
 20
362.8372447119714
 10
320.029059742371
 20
362.75935318572766
 10
320.2790695195023
 20
362.66648782682705
 10
320.5231388102326
 20
362.5589748282296
 10
320.7604103122766
 20
362.43719183326414
 10
320.99005060082976
 20
362.301566609142
 10
321.21125305600333
 20
362.15257554440933
 10
321.42324069610595
 20
361.990741975615
 10
321.62526890682017
 20
361.81663434907153
 10
321.8166280566877
 20
361.6308642241672
 10
321.99664598971555
 20
361.4340841252411
 10
322.16469038634835
 20
361.2269852495674
 10
322.32017098451416
 20
361.0102950395002
 10
322.46254165294135
 20
360.78477462730524
 10
322.5913023094646
 20
360.5512161616554
 10
322.70600067758187
 20
360.3104400251796
 10
322.80623387509183
 20
360.0632919528385
 10
322.8916498292326
 20
359.81064006125007
 10
322.96194851335014
 20
359.5533717993981
 10
323.01688300075244
 20
359.2923908314353
 10
323.0562603320491
 20
359.0286138625298
 10
323.0799421929277
 20
358.7629674189054
 10
323.0878453999883
 20
358.49638459338365
 10
323.08120955017444
 20
358.25209252674733
 10
323.0613215716232
 20
358.0085209425398
 10
323.02824011928493
 20
357.7663881982952
 10
322.9820627591817
 20
357.5264084080251
 10
322.9229256806586
 20
357.2892893361056
 10
322.8510032947251
 20
357.05573030989194
 10
322.7710895325767
 20
356.79622028076574
 10
322.70538166755097
 20
356.53275464529963
 10
322.6540734896585
 20
356.26611043388834
 10
322.6173163203938
 20
355.99707405139435
 10
322.59521856644795
 20
355.72643895783045
 10
322.58784539998817
 20
355.4550033282345
 10
322.58784539998817
 20
211.5377658585332
 10
322.59521856644795
 20
211.2663302289372
 10
322.61731632039385
 20
210.9956951353733
 10
322.6540734896585
 20
210.72665875287933
 10
322.705381667551
 20
210.460014541468
 10
322.7710895325767
 20
210.1965489060019
 10
322.85100329472505
 20
209.9370388768757
 10
322.9229256806584
 20
209.703479850662
 10
322.9820627591816
 20
209.46636077874246
 10
323.0282401192848
 20
209.22638098847227
 10
323.06132157162307
 20
208.98424824422762
 10
323.0812095501744
 20
208.74067666002009
 10
323.08784539998817
 20
208.49638459338365
 10
323.0799421929276
 20
208.22980176786194
 10
323.056260332049
 20
207.9641553242375
 10
323.01688300075233
 20
207.70037835533208
 10
322.96194851335
 20
207.43939738736924
 10
322.8916498292325
 20
207.18212912551726
 10
322.8062338750917
 20
206.92947723392888
 10
322.70600067758176
 20
206.6823291615878
 10
322.59130230946454
 20
206.44155302511194
 10
322.46254165294124
 20
206.20799455946218
 10
322.32017098451405
 20
205.98247414726723
 10
322.16469038634824
 20
205.7657839372
 10
321.99664598971543
 20
205.55868506152632
 10
321.81662805668765
 20
205.3619049626002
 10
321.6252689068201
 20
205.17613483769588
 10
321.42324069610584
 20
205.0020272111525
 10
321.2112530560033
 20
204.8401936423581
 10
320.9900506008297
 20
204.69120257762546
 10
320.7604103122765
 20
204.5555773535033
 10
320.5231388102325
 20
204.43379435853785
 10
320.27906951950223
 20
204.32628135994042
 10
320.0290597423709
 20
204.2334160010398
 10
319.77398764729895
 20
204.15552447479607
 10
319.51474918432314
 20
204.09288037803591
 10
319.25225493799934
 20
204.04570375043394
 10
318.9874269289414
 20
204.01416030161522
 10
318.72119537518967
 20
203.9983608290941
 10
318.45449542478667
 20
203.9983608290941
 10
318.18826387103496
 20
204.01416030161522
 10
317.923435861977
 20
204.04570375043394
 10
317.6609416156532
 20
204.09288037803591
 10
317.4017031526774
 20
204.15552447479607
 10
317.1466310576054
 20
204.2334160010398
 10
316.8966212804741
 20
204.32628135994042
 10
316.6525519897438
 20
204.43379435853785
 10
316.4152804876998
 20
204.55557735350334
 10
316.18564019914663
 20
204.69120257762546
 10
315.96443774397306
 20
204.84019364235812
 10
315.7524501038705
 20
205.0020272111525
 10
315.5504218931562
 20
205.1761348376959
 10
315.3590627432887
 20
205.3619049626002
 10
315.1790448102609
 20
205.55868506152632
 10
315.0110004136281
 20
205.7657839372
 10
314.8555198154623
 20
205.98247414726723
 10
314.7131491470351
 20
206.20799455946218
 10
314.5843884905118
 20
206.44155302511197
 10
314.4696901223946
 20
206.6823291615878
 10
314.3694569248846
 20
206.92947723392888
 10
314.28404097074383
 20
207.1821291255173
 10
314.2137422866263
 20
207.43939738736924
 10
314.158807799224
 20
207.7003783553321
 10
314.1194304679274
 20
207.96415532423754
 10
314.09574860704873
 20
208.22980176786197
  0
LWPOLYLINE
  5
AB
330
17
100
AcDbEntity
  8
CORTE
100
AcDbPolyline
 90
62
 70
1
 10
320.08784539998817
 20
351.9303845933837
 10
320.080149385076
 20
352.08213707636486
 10
320.0571403118669
 20
352.23233237351667
 10
320.0190542845882
 20
352.3794292778437
 10
319.96628211741853
 20
352.5219183760537
 10
319.899365324205
 20
352.65833753718033
 10
319.81899056179907
 20
352.7872869160259
 10
319.72598258402735
 20
352.907443317467
 10
319.6212957786017
 20
353.01757377422734
 10
319.5060043738097
 20
353.1165481987902
 10
319.3812914154786
 20
353.20335097962584
 10
319.2484366273246
 20
353.2770914027398
 10
319.10880327925537
 20
353.3370127916043
 10
318.96382419837624
 20
353.382500271683
 10
318.814987066245
 20
353.4130870798759
 10
318.6638191532462
 20
353.4284593541403
 10
318.51187164673007
 20
353.4284593541403
 10
318.36070373373127
 20
353.4130870798759
 10
318.2118666016001
 20
353.382500271683
 10
318.0668875207209
 20
353.3370127916043
 10
317.9272541726517
 20
353.2770914027398
 10
317.7943993844977
 20
353.20335097962584
 10
317.66968642616666
 20
353.1165481987902
 10
317.5543950213746
 20
353.01757377422734
 10
317.449708215949
 20
352.907443317467
 10
317.35670023817727
 20
352.7872869160259
 10
317.2763254757713
 20
352.6583375371803
 10
317.2094086825578
 20
352.52191837605363
 10
317.1566365153881
 20
352.3794292778437
 10
317.1185504881094
 20
352.23233237351667
 10
317.0955414149003
 20
352.0821370763648
 10
317.08784539998817
 20
351.9303845933837
 10
317.0955414149003
 20
351.77863211040255
 10
317.1185504881094
 20
351.6284368132507
 10
317.1566365153881
 20
351.48133990892364
 10
317.2094086825578
 20
351.3388508107137
 10
317.2763254757713
 20
351.2024316495871
 10
317.35670023817727
 20
351.0734822707415
 10
317.449708215949
 20
350.95332586930033
 10
317.5543950213746
 20
350.84319541254
 10
317.66968642616666
 20
350.74422098797714
 10
317.7943993844977
 20
350.6574182071416
 10
317.9272541726517
 20
350.5836777840276
 10
318.0668875207209
 20
350.52375639516305
 10
318.2118666016001
 20
350.47826891508436
 10
318.36070373373127
 20
350.44768210689153
 10
318.51187164673007
 20
350.4323098326271
 10
318.6638191532462
 20
350.4323098326271
 10
318.814987066245
 20
350.44768210689153
 10
318.96382419837624
 20
350.47826891508436
 10
319.10880327925537
 20
350.52375639516305
 10
319.2484366273246
 20
350.5836777840276
 10
319.3812914154786
 20
350.6574182071416
 10
319.5060043738097
 20
350.74422098797714
 10
319.6212957786017
 20
350.84319541254
 10
319.72598258402735
 20
350.95332586930033
 10
319.81899056179907
 20
351.0734822707415
 10
319.899365324205
 20
351.2024316495871
 10
319.96628211741853
 20
351.3388508107137
 10
320.0190542845882
 20
351.48133990892364
 10
320.0571403118669
 20
351.6284368132507
 10
320.080149385076
 20
351.77863211040255
  0
LWPOLYLINE
  5
AC
330
17
100
AcDbEntity
  8
CORTE
100
AcDbPolyline
 90
62
 70
1
 10
320.08784539998817
 20
308.4963845933837
 10
320.080149385076
 20
308.64813707636483
 10
320.05714031186693
 20
308.7983323735167
 10
320.01905428458826
 20
308.94542927784374
 10
319.96628211741853
 20
309.08791837605366
 10
319.89936532420506
 20
309.2243375371803
 10
319.81899056179907
 20
309.35328691602587
 10
319.72598258402735
 20
309.47344331746706
 10
319.6212957786017
 20
309.5835737742274
 10
319.5060043738097
 20
309.68254819879024
 10
319.3812914154786
 20
309.7693509796258
 10
319.2484366273246
 20
309.8430914027398
 10
319.10880327925537
 20
309.90301279160434
 10
318.96382419837624
 20
309.948500271683
 10
318.814987066245
 20
309.97908707987585
 10
318.6638191532462
 20
309.9944593541403
 10
318.51187164673007
 20
309.9944593541403
 10
318.36070373373127
 20
309.97908707987585
 10
318.2118666016001
 20
309.948500271683
 10
318.0668875207209
 20
309.9030127916043
 10
317.9272541726517
 20
309.8430914027398
 10
317.7943993844977
 20
309.7693509796258
 10
317.66968642616666
 20
309.68254819879024
 10
317.5543950213746
 20
309.5835737742274
 10
317.449708215949
 20
309.47344331746706
 10
317.35670023817727
 20
309.35328691602587
 10
317.2763254757713
 20
309.2243375371803
 10
317.2094086825578
 20
309.08791837605366
 10
317.1566365153881
 20
308.94542927784374
 10
317.1185504881094
 20
308.7983323735167
 10
317.0955414149003
 20
308.64813707636483
 10
317.08784539998817
 20
308.4963845933837
 10
317.0955414149003
 20
308.34463211040253
 10
317.1185504881094
 20
308.1944368132507
 10
317.1566365153881
 20
308.0473399089237
 10
317.2094086825578
 20
307.9048508107137
 10
317.2763254757713
 20
307.76843164958706
 10
317.35670023817727
 20
307.6394822707415
 10
317.449708215949
 20
307.51932586930036
 10
317.55439502137466
 20
307.40919541254004
 10
317.66968642616666
 20
307.3102209879771
 10
317.7943993844977
 20
307.22341820714155
 10
317.9272541726517
 20
307.1496777840276
 10
318.0668875207209
 20
307.0897563951631
 10
318.2118666016001
 20
307.0442689150844
 10
318.36070373373127
 20
307.01368210689157
 10
318.51187164673007
 20
306.9983098326271
 10
318.6638191532462
 20
306.9983098326271
 10
318.814987066245
 20
307.0136821068915
 10
318.96382419837624
 20
307.0442689150844
 10
319.10880327925537
 20
307.0897563951631
 10
319.2484366273246
 20
307.1496777840276
 10
319.3812914154786
 20
307.22341820714155
 10
319.5060043738097
 20
307.3102209879771
 10
319.6212957786017
 20
307.40919541254004
 10
319.72598258402735
 20
307.51932586930036
 10
319.81899056179907
 20
307.6394822707415
 10
319.89936532420506
 20
307.76843164958706
 10
319.96628211741853
 20
307.9048508107137
 10
320.01905428458826
 20
308.0473399089237
 10
320.05714031186693
 20
308.1944368132507
 10
320.080149385076
 20
308.34463211040253
  0
LWPOLYLINE
  5
AD
330
17
100
AcDbEntity
  8
CORTE
100
AcDbPolyline
 90
62
 70
1
 10
320.08784539998817
 20
258.4963845933837
 10
320.080149385076
 20
258.64813707636483
 10
320.05714031186693
 20
258.7983323735167
 10
320.01905428458826
 20
258.94542927784374
 10
319.96628211741853
 20
259.08791837605366
 10
319.89936532420506
 20
259.2243375371803
 10
319.81899056179907
 20
259.35328691602587
 10
319.72598258402735
 20
259.47344331746706
 10
319.6212957786017
 20
259.5835737742274
 10
319.5060043738097
 20
259.68254819879024
 10
319.3812914154786
 20
259.7693509796258
 10
319.2484366273246
 20
259.8430914027398
 10
319.1088032792554
 20
259.90301279160434
 10
318.96382419837624
 20
259.948500271683
 10
318.814987066245
 20
259.97908707987585
 10
318.6638191532462
 20
259.9944593541403
 10
318.51187164673007
 20
259.9944593541403
 10
318.36070373373127
 20
259.97908707987585
 10
318.2118666016001
 20
259.948500271683
 10
318.0668875207209
 20
259.9030127916043
 10
317.9272541726517
 20
259.8430914027398
 10
317.7943993844977
 20
259.7693509796258
 10
317.66968642616666
 20
259.68254819879024
 10
317.5543950213746
 20
259.5835737742274
 10
317.449708215949
 20
259.473443317467
 10
317.35670023817727
 20
259.35328691602587
 10
317.2763254757713
 20
259.2243375371803
 10
317.2094086825578
 20
259.08791837605366
 10
317.1566365153881
 20
258.94542927784374
 10
317.1185504881094
 20
258.7983323735167
 10
317.0955414149003
 20
258.64813707636483
 10
317.08784539998817
 20
258.4963845933837
 10
317.0955414149003
 20
258.34463211040253
 10
317.1185504881094
 20
258.1944368132507
 10
317.1566365153881
 20
258.0473399089237
 10
317.2094086825578
 20
257.9048508107137
 10
317.2763254757713
 20
257.76843164958706
 10
317.35670023817727
 20
257.6394822707415
 10
317.449708215949
 20
257.51932586930036
 10
317.55439502137466
 20
257.40919541254004
 10
317.66968642616666
 20
257.3102209879771
 10
317.79439938449775
 20
257.22341820714155
 10
317.9272541726517
 20
257.1496777840276
 10
318.0668875207209
 20
257.0897563951631
 10
318.2118666016001
 20
257.0442689150844
 10
318.3607037337313
 20
257.0136821068915
 10
318.51187164673007
 20
256.9983098326271
 10
318.6638191532462
 20
256.9983098326271
 10
318.814987066245
 20
257.0136821068915
 10
318.96382419837624
 20
257.0442689150844
 10
319.1088032792554
 20
257.0897563951631
 10
319.2484366273246
 20
257.1496777840276
 10
319.3812914154786
 20
257.22341820714155
 10
319.5060043738097
 20
257.3102209879771
 10
319.6212957786017
 20
257.40919541254004
 10
319.72598258402735
 20
257.51932586930036
 10
319.81899056179907
 20
257.6394822707415
 10
319.89936532420506
 20
257.76843164958706
 10
319.96628211741853
 20
257.9048508107137
 10
320.01905428458826
 20
258.0473399089237
 10
320.05714031186693
 20
258.1944368132507
 10
320.080149385076
 20
258.34463211040253
  0
LWPOLYLINE
  5
AE
330
17
100
AcDbEntity
  8
CORTE
100
AcDbPolyline
 90
72
 70
1
 10
320.58784539998817
 20
358.49638459338365
 10
320.5802347961716
 20
358.670696078879
 10
320.5574609060126
 20
358.8436809487175
 10
320.5196970525663
 20
359.01402268358873
 10
320.46723064156
 20
359.180424880035
 10
320.40046097406145
 20
359.3416211168651
 10
320.31989620755706
 20
359.4963845933837
 10
320.22614948856614
 20
359.6435374660858
 10
320.1199342862261
 20
359.7819598127568
 10
320.0020589623613
 20
359.91059815575676
 10
319.87342061936124
 20
360.02847347962165
 10
319.73499827269023
 20
360.1346886819617
 10
319.58784539998817
 20
360.22843540095255
 10
319.43308192346956
 20
360.309000167457
 10
319.2718856866395
 20
360.3757698349555
 10
319.1054834901932
 20
360.42823624596184
 10
318.93514175532204
 20
360.4660000994081
 10
318.7621568854835
 20
360.48877398956716
 10
318.58784539998817
 20
360.4963845933837
 10
318.41353391449286
 20
360.48877398956716
 10
318.2405490446543
 20
360.4660000994081
 10
318.07020730978314
 20
360.42823624596184
 10
317.90380511333683
 20
360.3757698349555
 10
317.7426088765068
 20
360.309000167457
 10
317.58784539998817
 20
360.22843540095255
 10
317.44069252728605
 20
360.1346886819617
 10
317.3022701806151
 20
360.02847347962165
 10
317.17363183761506
 20
359.91059815575676
 10
317.0557565137502
 20
359.7819598127568
 10
316.9495413114102
 20
359.6435374660858
 10
316.8557945924193
 20
359.4963845933837
 10
316.77522982591483
 20
359.3416211168651
 10
316.70846015841636
 20
359.18042488003505
 10
316.65599374741004
 20
359.01402268358873
 10
316.61822989396376
 20
358.8436809487176
 10
316.59545600380466
 20
358.670696078879
 10
316.58784539998817
 20
358.4963845933837
 10
316.59545600380466
 20
358.32207310788834
 10
316.61822989396376
 20
358.14908823804984
 10
316.65599374741004
 20
357.9787465031786
 10
316.70846015841636
 20
357.81234430673237
 10
316.77522982591483
 20
357.65114806990226
 10
316.8557945924193
 20
357.4963845933837
 10
316.9495413114102
 20
357.3492317206816
 10
317.0557565137502
 20
357.2108093740106
 10
317.17363183761506
 20
357.0821710310106
 10
317.3022701806151
 20
356.9642957071457
 10
317.44069252728605
 20
356.8580805048057
 10
317.58784539998817
 20
356.7643337858148
 10
317.7426088765068
 20
356.6837690193104
 10
317.90380511333683
 20
356.61699935181184
 10
318.07020730978314
 20
356.5645329408055
 10
318.2405490446543
 20
356.52676908735924
 10
318.41353391449286
 20
356.5039951972002
 10
318.58784539998817
 20
356.4963845933837
 10
318.7621568854835
 20
356.5039951972002
 10
318.93514175532204
 20
356.52676908735924
 10
319.1054834901932
 20
356.5645329408055
 10
319.2718856866395
 20
356.61699935181184
 10
319.43308192346956
 20
356.6837690193104
 10
319.58784539998817
 20
356.7643337858148
 10
319.73499827269023
 20
356.8580805048057
 10
319.87342061936124
 20
356.9642957071457
 10
320.0020589623613
 20
357.0821710310106
 10
320.1199342862261
 20
357.2108093740106
 10
320.22614948856614
 20
357.3492317206816
 10
320.319896207557
 20
357.49638459338365
 10
320.40046097406145
 20
357.65114806990226
 10
320.46723064156
 20
357.8123443067323
 10
320.5196970525663
 20
357.9787465031786
 10
320.5574609060126
 20
358.14908823804984
 10
320.5802347961716
 20
358.32207310788834
  0
LWPOLYLINE
  5
AF
330
17
100
AcDbEntity
  8
CORTE
100
AcDbPolyline
 90
62
 70
1
 10
320.08784539998817
 20
208.49638459338368
 10
320.080149385076
 20
208.64813707636483
 10
320.05714031186693
 20
208.79833237351667
 10
320.01905428458826
 20
208.94542927784371
 10
319.96628211741853
 20
209.08791837605366
 10
319.89936532420506
 20
209.2243375371803
 10
319.81899056179907
 20
209.35328691602587
 10
319.72598258402735
 20
209.473443317467
 10
319.62129577860173
 20
209.58357377422737
 10
319.5060043738097
 20
209.68254819879024
 10
319.38129141547864
 20
209.7693509796258
 10
319.2484366273246
 20
209.8430914027398
 10
319.1088032792554
 20
209.90301279160428
 10
318.96382419837624
 20
209.94850027168297
 10
318.81498706624507
 20
209.97908707987585
 10
318.66381915324627
 20
209.99445935414025
 10
318.5118716467301
 20
209.99445935414025
 10
318.3607037337313
 20
209.97908707987585
 10
318.2118666016001
 20
209.94850027168297
 10
318.0668875207209
 20
209.90301279160428
 10
317.9272541726517
 20
209.8430914027398
 10
317.79439938449775
 20
209.7693509796258
 10
317.66968642616666
 20
209.68254819879024
 10
317.55439502137466
 20
209.58357377422737
 10
317.449708215949
 20
209.473443317467
 10
317.35670023817727
 20
209.35328691602587
 10
317.2763254757713
 20
209.2243375371803
 10
317.2094086825578
 20
209.08791837605366
 10
317.1566365153881
 20
208.9454292778437
 10
317.1185504881094
 20
208.79833237351664
 10
317.0955414149003
 20
208.64813707636483
 10
317.08784539998817
 20
208.49638459338365
 10
317.0955414149003
 20
208.34463211040253
 10
317.1185504881094
 20
208.1944368132507
 10
317.1566365153881
 20
208.04733990892365
 10
317.2094086825578
 20
207.9048508107137
 10
317.2763254757713
 20
207.76843164958706
 10
317.35670023817727
 20
207.6394822707415
 10
317.449708215949
 20
207.51932586930036
 10
317.55439502137466
 20
207.40919541254
 10
317.66968642616666
 20
207.31022098797712
 10
317.79439938449775
 20
207.22341820714155
 10
317.9272541726517
 20
207.14967778402757
 10
318.06688752072097
 20
207.08975639516308
 10
318.2118666016001
 20
207.0442689150844
 10
318.3607037337313
 20
207.0136821068915
 10
318.5118716467301
 20
206.99830983262711
 10
318.66381915324627
 20
206.99830983262711
 10
318.81498706624507
 20
207.0136821068915
 10
318.96382419837624
 20
207.0442689150844
 10
319.1088032792554
 20
207.08975639516308
 10
319.2484366273246
 20
207.14967778402757
 10
319.38129141547864
 20
207.22341820714155
 10
319.5060043738097
 20
207.31022098797712
 10
319.62129577860173
 20
207.40919541254
 10
319.72598258402735
 20
207.51932586930036
 10
319.81899056179907
 20
207.6394822707415
 10
319.89936532420506
 20
207.76843164958706
 10
319.96628211741853
 20
207.9048508107137
 10
320.01905428458826
 20
208.04733990892365
 10
320.05714031186693
 20
208.1944368132507
 10
320.080149385076
 20
208.34463211040253
  0
LWPOLYLINE
  5
B0
330
17
100
AcDbEntity
  8
CORTE
100
AcDbPolyline
 90
156
 70
1
 10
327.0878453999884
 20
208.49638459338365
 10
327.0944812498022
 20
208.74067666002
 10
327.1143692283535
 20
208.9842482442275
 10
327.1474506806917
 20
209.22638098847204
 10
327.1936280407949
 20
209.46636077874217
 10
327.25276511931804
 20
209.70347985066167
 10
327.3246875052515
 20
209.93703887687522
 10
327.40460126739987
 20
210.19654890600142
 10
327.4703091324256
 20
210.46001454146753
 10
327.52161731031805
 20
210.72665875287882
 10
327.55837447958277
 20
210.99569513537278
 10
327.5804722335286
 20
211.26633022893668
 10
327.5878453999884
 20
211.53776585853262
 10
327.5878453999884
 20
355.455003328234
 10
327.5804722335286
 20
355.72643895783
 10
327.5583744795827
 20
355.99707405139395
 10
327.521617310318
 20
356.266110433888
 10
327.47030913242554
 20
356.5327546452993
 10
327.4046012673998
 20
356.79622028076545
 10
327.32468750525146
 20
357.0557303098917
 10
327.252765119318
 20
357.2892893361054
 10
327.19362804079486
 20
357.52640840802496
 10
327.14745068069163
 20
357.76638819829515
 10
327.1143692283534
 20
358.00852094253975
 10
327.0944812498021
 20
358.2520925267473
 10
327.0878453999883
 20
358.4963845933837
 10
327.09574860704885
 20
358.7629674189055
 10
327.1194304679275
 20
359.0286138625299
 10
327.1588077992241
 20
359.29239083143534
 10
327.2137422866264
 20
359.5533717993982
 10
327.28404097074394
 20
359.8106400612501
 10
327.36945692488473
 20
360.06329195283854
 10
327.4696901223947
 20
360.3104400251796
 10
327.58438849051197
 20
360.5512161616555
 10
327.7131491470352
 20
360.78477462730524
 10
327.8555198154624
 20
361.0102950395002
 10
328.0110004136282
 20
361.22698524956746
 10
328.179044810261
 20
361.43408412524116
 10
328.35906274328886
 20
361.6308642241673
 10
328.5504218931564
 20
361.81663434907153
 10
328.7524501038706
 20
361.990741975615
 10
328.96443774397324
 20
362.15257554440933
 10
329.1856401991468
 20
362.301566609142
 10
329.4152804877
 20
362.43719183326414
 10
329.65255198974404
 20
362.5589748282296
 10
329.8966212804743
 20
362.66648782682705
 10
330.1466310576056
 20
362.75935318572766
 10
330.40170315267756
 20
362.83724471197144
 10
330.6609416156534
 20
362.8998888087316
 10
330.9234358619772
 20
362.94706543633356
 10
331.1882638710352
 20
362.97860888515225
 10
331.4544954247869
 20
362.99440835767336
 10
331.72119537518995
 20
362.99440835767336
 10
331.9874269289416
 20
362.97860888515225
 10
332.25225493799957
 20
362.9470654363335
 10
332.51474918432336
 20
362.89988880873153
 10
332.77398764729924
 20
362.8372447119714
 10
333.0290597423712
 20
362.75935318572766
 10
333.2790695195025
 20
362.66648782682705
 10
333.5231388102328
 20
362.5589748282296
 10
333.7604103122768
 20
362.43719183326414
 10
333.99005060083
 20
362.301566609142
 10
334.21125305600356
 20
362.15257554440933
 10
334.4232406961062
 20
361.990741975615
 10
334.6252689068204
 20
361.81663434907153
 10
334.81662805668793
 20
361.6308642241672
 10
334.9966459897158
 20
361.4340841252411
 10
335.1646903863486
 20
361.2269852495674
 10
335.3201709845144
 20
361.0102950395002
 10
335.4625416529416
 20
360.78477462730524
 10
335.5913023094648
 20
360.5512161616554
 10
335.7060006775821
 20
360.3104400251796
 10
335.80623387509206
 20
360.0632919528385
 10
335.89164982923285
 20
359.81064006125007
 10
335.96194851335036
 20
359.5533717993981
 10
336.01688300075267
 20
359.2923908314353
 10
336.0562603320493
 20
359.0286138625298
 10
336.07994219292794
 20
358.7629674189054
 10
336.0878453999885
 20
358.49638459338365
 10
336.08120955017466
 20
358.25209252674733
 10
336.0613215716234
 20
358.0085209425398
 10
336.02824011928516
 20
357.7663881982952
 10
335.98206275918193
 20
357.5264084080251
 10
335.9229256806588
 20
357.2892893361056
 10
335.85100329472533
 20
357.05573030989194
 10
335.7710895325769
 20
356.79622028076574
 10
335.7053816675512
 20
356.53275464529963
 10
335.65407348965874
 20
356.26611043388834
 10
335.617316320394
 20
355.99707405139435
 10
335.5952185664482
 20
355.72643895783045
 10
335.5878453999884
 20
355.4550033282345
 10
335.5878453999884
 20
211.5377658585332
 10
335.5952185664482
 20
211.2663302289372
 10
335.6173163203941
 20
210.9956951353733
 10
335.65407348965874
 20
210.72665875287933
 10
335.70538166755125
 20
210.460014541468
 10
335.7710895325769
 20
210.1965489060019
 10
335.8510032947253
 20
209.9370388768757
 10
335.92292568065864
 20
209.703479850662
 10
335.9820627591818
 20
209.46636077874246
 10
336.02824011928504
 20
209.22638098847227
 10
336.0613215716233
 20
208.98424824422762
 10
336.0812095501746
 20
208.74067666002009
 10
336.0878453999884
 20
208.49638459338365
 10
336.07994219292783
 20
208.22980176786194
 10
336.05626033204925
 20
207.9641553242375
 10
336.01688300075256
 20
207.70037835533208
 10
335.96194851335025
 20
207.43939738736924
 10
335.89164982923273
 20
207.18212912551726
 10
335.80623387509195
 20
206.92947723392888
 10
335.706000677582
 20
206.6823291615878
 10
335.59130230946477
 20
206.44155302511194
 10
335.46254165294147
 20
206.20799455946218
 10
335.3201709845143
 20
205.98247414726723
 10
335.16469038634847
 20
205.7657839372
 10
334.99664598971566
 20
205.55868506152632
 10
334.8166280566879
 20
205.3619049626002
 10
334.62526890682034
 20
205.17613483769588
 10
334.42324069610606
 20
205.0020272111525
 10
334.2112530560035
 20
204.8401936423581
 10
333.99005060082993
 20
204.69120257762546
 10
333.76041031227675
 20
204.5555773535033
 10
333.52313881023275
 20
204.43379435853785
 10
333.27906951950246
 20
204.32628135994042
 10
333.02905974237115
 20
204.2334160010398
 10
332.7739876472992
 20
204.15552447479607
 10
332.51474918432336
 20
204.09288037803591
 10
332.25225493799957
 20
204.04570375043394
 10
331.9874269289416
 20
204.01416030161522
 10
331.7211953751899
 20
203.9983608290941
 10
331.4544954247869
 20
203.9983608290941
 10
331.1882638710352
 20
204.01416030161522
 10
330.9234358619772
 20
204.04570375043394
 10
330.6609416156534
 20
204.09288037803591
 10
330.4017031526776
 20
204.15552447479607
 10
330.14663105760565
 20
204.2334160010398
 10
329.89662128047433
 20
204.32628135994042
 10
329.65255198974404
 20
204.43379435853785
 10
329.41528048770004
 20
204.55557735350334
 10
329.18564019914686
 20
204.69120257762546
 10
328.9644377439733
 20
204.84019364235812
 10
328.75245010387073
 20
205.0020272111525
 10
328.55042189315645
 20
205.1761348376959
 10
328.3590627432889
 20
205.3619049626002
 10
328.17904481026113
 20
205.55868506152632
 10
328.0110004136283
 20
205.7657839372
 10
327.8555198154625
 20
205.98247414726723
 10
327.7131491470353
 20
206.20799455946218
 10
327.584388490512
 20
206.44155302511197
 10
327.4696901223948
 20
206.6823291615878
 10
327.36945692488484
 20
206.92947723392888
 10
327.28404097074406
 20
207.1821291255173
 10
327.21374228662654
 20
207.43939738736924
 10
327.15880779922423
 20
207.7003783553321
 10
327.1194304679276
 20
207.96415532423754
 10
327.09574860704896
 20
208.22980176786197
  0
LWPOLYLINE
  5
B1
330
17
100
AcDbEntity
  8
CORTE
100
AcDbPolyline
 90
62
 70
1
 10
333.0878453999884
 20
351.9303845933837
 10
333.08014938507625
 20
352.08213707636486
 10
333.0571403118671
 20
352.23233237351667
 10
333.01905428458844
 20
352.3794292778437
 10
332.96628211741876
 20
352.5219183760537
 10
332.89936532420523
 20
352.65833753718033
 10
332.8189905617993
 20
352.7872869160259
 10
332.7259825840276
 20
352.907443317467
 10
332.6212957786019
 20
353.01757377422734
 10
332.5060043738099
 20
353.1165481987902
 10
332.3812914154788
 20
353.20335097962584
 10
332.24843662732485
 20
353.2770914027398
 10
332.1088032792556
 20
353.3370127916043
 10
331.96382419837647
 20
353.382500271683
 10
331.81498706624524
 20
353.4130870798759
 10
331.66381915324644
 20
353.4284593541403
 10
331.5118716467303
 20
353.4284593541403
 10
331.3607037337315
 20
353.4130870798759
 10
331.2118666016003
 20
353.382500271683
 10
331.06688752072114
 20
353.3370127916043
 10
330.92725417265194
 20
353.2770914027398
 10
330.7943993844979
 20
353.20335097962584
 10
330.6696864261669
 20
353.1165481987902
 10
330.55439502137483
 20
353.01757377422734
 10
330.4497082159492
 20
352.907443317467
 10
330.3567002381775
 20
352.7872869160259
 10
330.2763254757715
 20
352.6583375371803
 10
330.20940868255803
 20
352.52191837605363
 10
330.1566365153883
 20
352.3794292778437
 10
330.11855048810963
 20
352.23233237351667
 10
330.09554141490054
 20
352.0821370763648
 10
330.0878453999884
 20
351.9303845933837
 10
330.09554141490054
 20
351.77863211040255
 10
330.11855048810963
 20
351.6284368132507
 10
330.1566365153883
 20
351.48133990892364
 10
330.20940868255803
 20
351.3388508107137
 10
330.2763254757715
 20
351.2024316495871
 10
330.3567002381775
 20
351.0734822707415
 10
330.4497082159492
 20
350.95332586930033
 10
330.55439502137483
 20
350.84319541254
 10
330.6696864261669
 20
350.74422098797714
 10
330.7943993844979
 20
350.6574182071416
 10
330.92725417265194
 20
350.5836777840276
 10
331.06688752072114
 20
350.52375639516305
 10
331.2118666016003
 20
350.47826891508436
 10
331.3607037337315
 20
350.44768210689153
 10
331.5118716467303
 20
350.4323098326271
 10
331.66381915324644
 20
350.4323098326271
 10
331.81498706624524
 20
350.44768210689153
 10
331.96382419837647
 20
350.47826891508436
 10
332.1088032792556
 20
350.52375639516305
 10
332.24843662732485
 20
350.5836777840276
 10
332.3812914154788
 20
350.6574182071416
 10
332.5060043738099
 20
350.74422098797714
 10
332.6212957786019
 20
350.84319541254
 10
332.7259825840276
 20
350.95332586930033
 10
332.8189905617993
 20
351.0734822707415
 10
332.89936532420523
 20
351.2024316495871
 10
332.96628211741876
 20
351.3388508107137
 10
333.01905428458844
 20
351.48133990892364
 10
333.0571403118671
 20
351.6284368132507
 10
333.08014938507625
 20
351.77863211040255
  0
LWPOLYLINE
  5
B2
330
17
100
AcDbEntity
  8
CORTE
100
AcDbPolyline
 90
62
 70
1
 10
333.0878453999884
 20
308.4963845933837
 10
333.08014938507625
 20
308.64813707636483
 10
333.05714031186716
 20
308.7983323735167
 10
333.0190542845885
 20
308.94542927784374
 10
332.96628211741876
 20
309.08791837605366
 10
332.8993653242053
 20
309.2243375371803
 10
332.8189905617993
 20
309.35328691602587
 10
332.7259825840276
 20
309.47344331746706
 10
332.6212957786019
 20
309.5835737742274
 10
332.5060043738099
 20
309.68254819879024
 10
332.3812914154788
 20
309.7693509796258
 10
332.24843662732485
 20
309.8430914027398
 10
332.1088032792556
 20
309.90301279160434
 10
331.96382419837647
 20
309.948500271683
 10
331.81498706624524
 20
309.97908707987585
 10
331.66381915324644
 20
309.9944593541403
 10
331.5118716467303
 20
309.9944593541403
 10
331.3607037337315
 20
309.97908707987585
 10
331.2118666016003
 20
309.948500271683
 10
331.06688752072114
 20
309.9030127916043
 10
330.92725417265194
 20
309.8430914027398
 10
330.7943993844979
 20
309.7693509796258
 10
330.6696864261669
 20
309.68254819879024
 10
330.55439502137483
 20
309.5835737742274
 10
330.4497082159492
 20
309.47344331746706
 10
330.3567002381775
 20
309.35328691602587
 10
330.2763254757715
 20
309.2243375371803
 10
330.20940868255803
 20
309.08791837605366
 10
330.1566365153883
 20
308.94542927784374
 10
330.11855048810963
 20
308.7983323735167
 10
330.09554141490054
 20
308.64813707636483
 10
330.0878453999884
 20
308.4963845933837
 10
330.09554141490054
 20
308.34463211040253
 10
330.11855048810963
 20
308.1944368132507
 10
330.1566365153883
 20
308.0473399089237
 10
330.20940868255803
 20
307.9048508107137
 10
330.2763254757715
 20
307.76843164958706
 10
330.3567002381775
 20
307.6394822707415
 10
330.4497082159492
 20
307.51932586930036
 10
330.5543950213749
 20
307.40919541254004
 10
330.6696864261669
 20
307.3102209879771
 10
330.7943993844979
 20
307.22341820714155
 10
330.92725417265194
 20
307.1496777840276
 10
331.06688752072114
 20
307.0897563951631
 10
331.2118666016003
 20
307.0442689150844
 10
331.3607037337315
 20
307.01368210689157
 10
331.5118716467303
 20
306.9983098326271
 10
331.66381915324644
 20
306.9983098326271
 10
331.81498706624524
 20
307.0136821068915
 10
331.96382419837647
 20
307.0442689150844
 10
332.1088032792556
 20
307.0897563951631
 10
332.24843662732485
 20
307.1496777840276
 10
332.3812914154788
 20
307.22341820714155
 10
332.5060043738099
 20
307.3102209879771
 10
332.6212957786019
 20
307.40919541254004
 10
332.7259825840276
 20
307.51932586930036
 10
332.8189905617993
 20
307.6394822707415
 10
332.8993653242053
 20
307.76843164958706
 10
332.96628211741876
 20
307.9048508107137
 10
333.0190542845885
 20
308.0473399089237
 10
333.05714031186716
 20
308.1944368132507
 10
333.08014938507625
 20
308.34463211040253
  0
LWPOLYLINE
  5
B3
330
17
100
AcDbEntity
  8
CORTE
100
AcDbPolyline
 90
62
 70
1
 10
333.0878453999884
 20
258.4963845933837
 10
333.08014938507625
 20
258.64813707636483
 10
333.05714031186716
 20
258.7983323735167
 10
333.0190542845885
 20
258.94542927784374
 10
332.96628211741876
 20
259.08791837605366
 10
332.8993653242053
 20
259.2243375371803
 10
332.8189905617993
 20
259.35328691602587
 10
332.7259825840276
 20
259.47344331746706
 10
332.6212957786019
 20
259.5835737742274
 10
332.5060043738099
 20
259.68254819879024
 10
332.3812914154788
 20
259.7693509796258
 10
332.24843662732485
 20
259.8430914027398
 10
332.10880327925565
 20
259.90301279160434
 10
331.96382419837647
 20
259.948500271683
 10
331.81498706624524
 20
259.97908707987585
 10
331.66381915324644
 20
259.9944593541403
 10
331.5118716467303
 20
259.9944593541403
 10
331.3607037337315
 20
259.97908707987585
 10
331.2118666016003
 20
259.948500271683
 10
331.06688752072114
 20
259.9030127916043
 10
330.92725417265194
 20
259.8430914027398
 10
330.7943993844979
 20
259.7693509796258
 10
330.6696864261669
 20
259.68254819879024
 10
330.55439502137483
 20
259.5835737742274
 10
330.4497082159492
 20
259.473443317467
 10
330.3567002381775
 20
259.35328691602587
 10
330.2763254757715
 20
259.2243375371803
 10
330.20940868255803
 20
259.08791837605366
 10
330.1566365153883
 20
258.94542927784374
 10
330.11855048810963
 20
258.7983323735167
 10
330.09554141490054
 20
258.64813707636483
 10
330.0878453999884
 20
258.4963845933837
 10
330.09554141490054
 20
258.34463211040253
 10
330.11855048810963
 20
258.1944368132507
 10
330.1566365153883
 20
258.0473399089237
 10
330.20940868255803
 20
257.9048508107137
 10
330.2763254757715
 20
257.76843164958706
 10
330.3567002381775
 20
257.6394822707415
 10
330.4497082159492
 20
257.51932586930036
 10
330.5543950213749
 20
257.40919541254004
 10
330.6696864261669
 20
257.3102209879771
 10
330.794399384498
 20
257.22341820714155
 10
330.92725417265194
 20
257.1496777840276
 10
331.06688752072114
 20
257.0897563951631
 10
331.2118666016003
 20
257.0442689150844
 10
331.36070373373155
 20
257.0136821068915
 10
331.5118716467303
 20
256.9983098326271
 10
331.66381915324644
 20
256.9983098326271
 10
331.81498706624524
 20
257.0136821068915
 10
331.96382419837647
 20
257.0442689150844
 10
332.10880327925565
 20
257.0897563951631
 10
332.24843662732485
 20
257.1496777840276
 10
332.3812914154788
 20
257.22341820714155
 10
332.5060043738099
 20
257.3102209879771
 10
332.6212957786019
 20
257.40919541254004
 10
332.7259825840276
 20
257.51932586930036
 10
332.8189905617993
 20
257.6394822707415
 10
332.8993653242053
 20
257.76843164958706
 10
332.96628211741876
 20
257.9048508107137
 10
333.0190542845885
 20
258.0473399089237
 10
333.05714031186716
 20
258.1944368132507
 10
333.08014938507625
 20
258.34463211040253
  0
LWPOLYLINE
  5
B4
330
17
100
AcDbEntity
  8
CORTE
100
AcDbPolyline
 90
72
 70
1
 10
333.5878453999884
 20
358.49638459338365
 10
333.58023479617185
 20
358.670696078879
 10
333.5574609060128
 20
358.8436809487175
 10
333.5196970525665
 20
359.01402268358873
 10
333.4672306415602
 20
359.180424880035
 10
333.4004609740617
 20
359.3416211168651
 10
333.3198962075573
 20
359.4963845933837
 10
333.22614948856636
 20
359.6435374660858
 10
333.11993428622634
 20
359.7819598127568
 10
333.0020589623615
 20
359.91059815575676
 10
332.87342061936147
 20
360.02847347962165
 10
332.73499827269046
 20
360.1346886819617
 10
332.5878453999884
 20
360.22843540095255
 10
332.4330819234698
 20
360.309000167457
 10
332.27188568663973
 20
360.3757698349555
 10
332.1054834901934
 20
360.42823624596184
 10
331.93514175532226
 20
360.4660000994081
 10
331.7621568854837
 20
360.48877398956716
 10
331.5878453999884
 20
360.4963845933837
 10
331.4135339144931
 20
360.48877398956716
 10
331.24054904465453
 20
360.4660000994081
 10
331.07020730978337
 20
360.42823624596184
 10
330.90380511333706
 20
360.3757698349555
 10
330.742608876507
 20
360.309000167457
 10
330.5878453999884
 20
360.22843540095255
 10
330.4406925272863
 20
360.1346886819617
 10
330.3022701806153
 20
360.02847347962165
 10
330.1736318376153
 20
359.91059815575676
 10
330.05575651375045
 20
359.7819598127568
 10
329.9495413114104
 20
359.6435374660858
 10
329.8557945924195
 20
359.4963845933837
 10
329.77522982591506
 20
359.3416211168651
 10
329.7084601584166
 20
359.18042488003505
 10
329.65599374741026
 20
359.01402268358873
 10
329.618229893964
 20
358.8436809487176
 10
329.5954560038049
 20
358.670696078879
 10
329.5878453999884
 20
358.4963845933837
 10
329.5954560038049
 20
358.32207310788834
 10
329.618229893964
 20
358.14908823804984
 10
329.65599374741026
 20
357.9787465031786
 10
329.7084601584166
 20
357.81234430673237
 10
329.77522982591506
 20
357.65114806990226
 10
329.8557945924195
 20
357.4963845933837
 10
329.9495413114104
 20
357.3492317206816
 10
330.05575651375045
 20
357.2108093740106
 10
330.1736318376153
 20
357.0821710310106
 10
330.3022701806153
 20
356.9642957071457
 10
330.4406925272863
 20
356.8580805048057
 10
330.5878453999884
 20
356.7643337858148
 10
330.742608876507
 20
356.6837690193104
 10
330.90380511333706
 20
356.61699935181184
 10
331.07020730978337
 20
356.5645329408055
 10
331.24054904465453
 20
356.52676908735924
 10
331.4135339144931
 20
356.5039951972002
 10
331.5878453999884
 20
356.4963845933837
 10
331.7621568854837
 20
356.5039951972002
 10
331.93514175532226
 20
356.52676908735924
 10
332.1054834901934
 20
356.5645329408055
 10
332.27188568663973
 20
356.61699935181184
 10
332.4330819234698
 20
356.6837690193104
 10
332.5878453999884
 20
356.7643337858148
 10
332.73499827269046
 20
356.8580805048057
 10
332.87342061936147
 20
356.9642957071457
 10
333.0020589623615
 20
357.0821710310106
 10
333.11993428622634
 20
357.2108093740106
 10
333.22614948856636
 20
357.3492317206816
 10
333.31989620755724
 20
357.49638459338365
 10
333.4004609740617
 20
357.65114806990226
 10
333.4672306415602
 20
357.8123443067323
 10
333.5196970525665
 20
357.9787465031786
 10
333.5574609060128
 20
358.14908823804984
 10
333.58023479617185
 20
358.32207310788834
  0
LWPOLYLINE
  5
B5
330
17
100
AcDbEntity
  8
CORTE
100
AcDbPolyline
 90
62
 70
1
 10
333.0878453999884
 20
208.49638459338368
 10
333.08014938507625
 20
208.64813707636483
 10
333.05714031186716
 20
208.79833237351667
 10
333.0190542845885
 20
208.94542927784371
 10
332.96628211741876
 20
209.08791837605366
 10
332.8993653242053
 20
209.2243375371803
 10
332.8189905617993
 20
209.35328691602587
 10
332.7259825840276
 20
209.473443317467
 10
332.62129577860196
 20
209.58357377422737
 10
332.5060043738099
 20
209.68254819879024
 10
332.38129141547887
 20
209.7693509796258
 10
332.24843662732485
 20
209.8430914027398
 10
332.10880327925565
 20
209.90301279160428
 10
331.96382419837647
 20
209.94850027168297
 10
331.8149870662453
 20
209.97908707987585
 10
331.6638191532465
 20
209.99445935414025
 10
331.51187164673036
 20
209.99445935414025
 10
331.36070373373155
 20
209.97908707987585
 10
331.2118666016003
 20
209.94850027168297
 10
331.06688752072114
 20
209.90301279160428
 10
330.92725417265194
 20
209.8430914027398
 10
330.794399384498
 20
209.7693509796258
 10
330.6696864261669
 20
209.68254819879024
 10
330.5543950213749
 20
209.58357377422737
 10
330.4497082159492
 20
209.473443317467
 10
330.3567002381775
 20
209.35328691602587
 10
330.2763254757715
 20
209.2243375371803
 10
330.20940868255803
 20
209.08791837605366
 10
330.1566365153883
 20
208.9454292778437
 10
330.11855048810963
 20
208.79833237351664
 10
330.09554141490054
 20
208.64813707636483
 10
330.0878453999884
 20
208.49638459338365
 10
330.09554141490054
 20
208.34463211040253
 10
330.11855048810963
 20
208.1944368132507
 10
330.1566365153883
 20
208.04733990892365
 10
330.20940868255803
 20
207.9048508107137
 10
330.2763254757715
 20
207.76843164958706
 10
330.3567002381775
 20
207.6394822707415
 10
330.4497082159492
 20
207.51932586930036
 10
330.5543950213749
 20
207.40919541254
 10
330.6696864261669
 20
207.31022098797712
 10
330.794399384498
 20
207.22341820714155
 10
330.92725417265194
 20
207.14967778402757
 10
331.0668875207212
 20
207.08975639516308
 10
331.2118666016003
 20
207.0442689150844
 10
331.36070373373155
 20
207.0136821068915
 10
331.51187164673036
 20
206.99830983262711
 10
331.6638191532465
 20
206.99830983262711
 10
331.8149870662453
 20
207.0136821068915
 10
331.96382419837647
 20
207.0442689150844
 10
332.10880327925565
 20
207.08975639516308
 10
332.24843662732485
 20
207.14967778402757
 10
332.38129141547887
 20
207.22341820714155
 10
332.5060043738099
 20
207.31022098797712
 10
332.62129577860196
 20
207.40919541254
 10
332.7259825840276
 20
207.51932586930036
 10
332.8189905617993
 20
207.6394822707415
 10
332.8993653242053
 20
207.76843164958706
 10
332.96628211741876
 20
207.9048508107137
 10
333.0190542845885
 20
208.04733990892365
 10
333.05714031186716
 20
208.1944368132507
 10
333.08014938507625
 20
208.34463211040253
  0
LWPOLYLINE
  5
B6
330
17
100
AcDbEntity
  8
CORTE
100
AcDbPolyline
 90
156
 70
1
 10
340.0878453999886
 20
208.49638459338365
 10
340.0944812498024
 20
208.74067666002
 10
340.1143692283537
 20
208.9842482442275
 10
340.1474506806919
 20
209.22638098847204
 10
340.19362804079515
 20
209.46636077874217
 10
340.25276511931827
 20
209.70347985066167
 10
340.32468750525175
 20
209.93703887687522
 10
340.4046012674001
 20
210.19654890600142
 10
340.4703091324258
 20
210.46001454146753
 10
340.5216173103183
 20
210.72665875287882
 10
340.558374479583
 20
210.99569513537278
 10
340.58047223352884
 20
211.26633022893668
 10
340.5878453999886
 20
211.53776585853262
 10
340.5878453999886
 20
355.455003328234
 10
340.58047223352884
 20
355.72643895783
 10
340.55837447958294
 20
355.99707405139395
 10
340.5216173103182
 20
356.266110433888
 10
340.47030913242577
 20
356.5327546452993
 10
340.40460126740004
 20
356.79622028076545
 10
340.3246875052517
 20
357.0557303098917
 10
340.2527651193182
 20
357.2892893361054
 10
340.1936280407951
 20
357.52640840802496
 10
340.14745068069186
 20
357.76638819829515
 10
340.1143692283536
 20
358.00852094253975
 10
340.0944812498023
 20
358.2520925267473
 10
340.0878453999885
 20
358.4963845933837
 10
340.0957486070491
 20
358.7629674189055
 10
340.1194304679277
 20
359.0286138625299
 10
340.15880779922435
 20
359.29239083143534
 10
340.21374228662665
 20
359.5533717993982
 10
340.2840409707442
 20
359.8106400612501
 10
340.36945692488496
 20
360.06329195283854
 10
340.4696901223949
 20
360.3104400251796
 10
340.5843884905122
 20
360.5512161616555
 10
340.71314914703544
 20
360.78477462730524
 10
340.8555198154626
 20
361.0102950395002
 10
341.01100041362844
 20
361.22698524956746
 10
341.17904481026125
 20
361.43408412524116
 10
341.3590627432891
 20
361.6308642241673
 10
341.5504218931566
 20
361.81663434907153
 10
341.75245010387084
 20
361.990741975615
 10
341.96443774397346
 20
362.15257554440933
 10
342.18564019914703
 20
362.301566609142
 10
342.4152804877002
 20
362.43719183326414
 10
342.65255198974427
 20
362.5589748282296
 10
342.8966212804745
 20
362.66648782682705
 10
343.1466310576058
 20
362.75935318572766
 10
343.4017031526778
 20
362.83724471197144
 10
343.66094161565366
 20
362.8998888087316
 10
343.92343586197745
 20
362.94706543633356
 10
344.1882638710354
 20
362.97860888515225
 10
344.4544954247871
 20
362.99440835767336
 10
344.7211953751902
 20
362.99440835767336
 10
344.98742692894183
 20
362.97860888515225
 10
345.2522549379998
 20
362.9470654363335
 10
345.5147491843236
 20
362.89988880873153
 10
345.77398764729946
 20
362.8372447119714
 10
346.02905974237143
 20
362.75935318572766
 10
346.27906951950274
 20
362.66648782682705
 10
346.52313881023304
 20
362.5589748282296
 10
346.76041031227703
 20
362.43719183326414
 10
346.9900506008302
 20
362.301566609142
 10
347.2112530560038
 20
362.15257554440933
 10
347.4232406961064
 20
361.990741975615
 10
347.6252689068206
 20
361.81663434907153
 10
347.81662805668816
 20
361.6308642241672
 10
347.996645989716
 20
361.4340841252411
 10
348.1646903863488
 20
361.2269852495674
 10
348.3201709845146
 20
361.0102950395002
 10
348.4625416529418
 20
360.78477462730524
 10
348.59130230946505
 20
360.5512161616554
 10
348.7060006775823
 20
360.3104400251796
 10
348.8062338750923
 20
360.0632919528385
 10
348.8916498292331
 20
359.81064006125007
 10
348.9619485133506
 20
359.5533717993981
 10
349.0168830007529
 20
359.2923908314353
 10
349.05626033204953
 20
359.0286138625298
 10
349.0799421929282
 20
358.7629674189054
 10
349.08784539998874
 20
358.49638459338365
 10
349.0812095501749
 20
358.25209252674733
 10
349.06132157162364
 20
358.0085209425398
 10
349.0282401192854
 20
357.7663881982952
 10
348.98206275918216
 20
357.5264084080251
 10
348.92292568065903
 20
357.2892893361056
 10
348.85100329472556
 20
357.05573030989194
 10
348.77108953257715
 20
356.79622028076574
 10
348.7053816675514
 20
356.53275464529963
 10
348.65407348965897
 20
356.26611043388834
 10
348.61731632039425
 20
355.99707405139435
 10
348.5952185664484
 20
355.72643895783045
 10
348.5878453999886
 20
355.4550033282345
 10
348.5878453999886
 20
211.5377658585332
 10
348.5952185664484
 20
211.2663302289372
 10
348.6173163203943
 20
210.9956951353733
 10
348.65407348965897
 20
210.72665875287933
 10
348.7053816675515
 20
210.460014541468
 10
348.77108953257715
 20
210.1965489060019
 10
348.8510032947255
 20
209.9370388768757
 10
348.92292568065886
 20
209.703479850662
 10
348.98206275918204
 20
209.46636077874246
 10
349.0282401192853
 20
209.22638098847227
 10
349.0613215716235
 20
208.98424824422762
 10
349.08120955017483
 20
208.74067666002009
 10
349.0878453999886
 20
208.49638459338365
 10
349.07994219292806
 20
208.22980176786194
 10
349.0562603320495
 20
207.9641553242375
 10
349.0168830007528
 20
207.70037835533208
 10
348.9619485133505
 20
207.43939738736924
 10
348.89164982923296
 20
207.18212912551726
 10
348.8062338750922
 20
206.92947723392888
 10
348.7060006775822
 20
206.6823291615878
 10
348.591302309465
 20
206.44155302511194
 10
348.4625416529417
 20
206.20799455946218
 10
348.3201709845145
 20
205.98247414726723
 10
348.1646903863487
 20
205.7657839372
 10
347.9966459897159
 20
205.55868506152632
 10
347.8166280566881
 20
205.3619049626002
 10
347.62526890682057
 20
205.17613483769588
 10
347.4232406961063
 20
205.0020272111525
 10
347.2112530560037
 20
204.8401936423581
 10
346.99005060083016
 20
204.69120257762546
 10
346.760410312277
 20
204.5555773535033
 10
346.523138810233
 20
204.43379435853785
 10
346.2790695195027
 20
204.32628135994042
 10
346.0290597423714
 20
204.2334160010398
 10
345.7739876472994
 20
204.15552447479607
 10
345.5147491843236
 20
204.09288037803591
 10
345.2522549379998
 20
204.04570375043394
 10
344.98742692894183
 20
204.01416030161522
 10
344.7211953751901
 20
203.9983608290941
 10
344.4544954247871
 20
203.9983608290941
 10
344.1882638710354
 20
204.01416030161522
 10
343.92343586197745
 20
204.04570375043394
 10
343.66094161565366
 20
204.09288037803591
 10
343.40170315267784
 20
204.15552447479607
 10
343.1466310576059
 20
204.2334160010398
 10
342.89662128047456
 20
204.32628135994042
 10
342.65255198974427
 20
204.43379435853785
 10
342.4152804877003
 20
204.55557735350334
 10
342.1856401991471
 20
204.69120257762546
 10
341.9644377439735
 20
204.84019364235812
 10
341.75245010387096
 20
205.0020272111525
 10
341.5504218931567
 20
205.1761348376959
 10
341.35906274328914
 20
205.3619049626002
 10
341.17904481026136
 20
205.55868506152632
 10
341.01100041362855
 20
205.7657839372
 10
340.85551981546274
 20
205.98247414726723
 10
340.71314914703555
 20
206.20799455946218
 10
340.58438849051225
 20
206.44155302511197
 10
340.46969012239504
 20
206.6823291615878
 10
340.36945692488507
 20
206.92947723392888
 10
340.2840409707443
 20
207.1821291255173
 10
340.21374228662677
 20
207.43939738736924
 10
340.15880779922446
 20
207.7003783553321
 10
340.1194304679278
 20
207.96415532423754
 10
340.0957486070492
 20
208.22980176786197
  0
LWPOLYLINE
  5
B7
330
17
100
AcDbEntity
  8
CORTE
100
AcDbPolyline
 90
62
 70
1
 10
346.0878453999886
 20
351.9303845933837
 10
346.0801493850765
 20
352.08213707636486
 10
346.05714031186733
 20
352.23233237351667
 10
346.01905428458866
 20
352.3794292778437
 10
345.966282117419
 20
352.5219183760537
 10
345.89936532420546
 20
352.65833753718033
 10
345.8189905617995
 20
352.7872869160259
 10
345.7259825840278
 20
352.907443317467
 10
345.62129577860213
 20
353.01757377422734
 10
345.50600437381013
 20
353.1165481987902
 10
345.38129141547904
 20
353.20335097962584
 10
345.2484366273251
 20
353.2770914027398
 10
345.1088032792558
 20
353.3370127916043
 10
344.9638241983767
 20
353.382500271683
 10
344.81498706624546
 20
353.4130870798759
 10
344.66381915324666
 20
353.4284593541403
 10
344.5118716467305
 20
353.4284593541403
 10
344.3607037337317
 20
353.4130870798759
 10
344.21186660160055
 20
353.382500271683
 10
344.06688752072137
 20
353.3370127916043
 10
343.92725417265217
 20
353.2770914027398
 10
343.79439938449815
 20
353.20335097962584
 10
343.6696864261671
 20
353.1165481987902
 10
343.55439502137506
 20
353.01757377422734
 10
343.44970821594944
 20
352.907443317467
 10
343.3567002381777
 20
352.7872869160259
 10
343.2763254757717
 20
352.6583375371803
 10
343.20940868255826
 20
352.52191837605363
 10
343.1566365153885
 20
352.3794292778437
 10
343.11855048810986
 20
352.23233237351667
 10
343.09554141490077
 20
352.0821370763648
 10
343.0878453999886
 20
351.9303845933837
 10
343.09554141490077
 20
351.77863211040255
 10
343.11855048810986
 20
351.6284368132507
 10
343.1566365153885
 20
351.48133990892364
 10
343.20940868255826
 20
351.3388508107137
 10
343.2763254757717
 20
351.2024316495871
 10
343.3567002381777
 20
351.0734822707415
 10
343.44970821594944
 20
350.95332586930033
 10
343.55439502137506
 20
350.84319541254
 10
343.6696864261671
 20
350.74422098797714
 10
343.79439938449815
 20
350.6574182071416
 10
343.92725417265217
 20
350.5836777840276
 10
344.06688752072137
 20
350.52375639516305
 10
344.21186660160055
 20
350.47826891508436
 10
344.3607037337317
 20
350.44768210689153
 10
344.5118716467305
 20
350.4323098326271
 10
344.66381915324666
 20
350.4323098326271
 10
344.81498706624546
 20
350.44768210689153
 10
344.9638241983767
 20
350.47826891508436
 10
345.1088032792558
 20
350.52375639516305
 10
345.2484366273251
 20
350.5836777840276
 10
345.38129141547904
 20
350.6574182071416
 10
345.50600437381013
 20
350.74422098797714
 10
345.62129577860213
 20
350.84319541254
 10
345.7259825840278
 20
350.95332586930033
 10
345.8189905617995
 20
351.0734822707415
 10
345.89936532420546
 20
351.2024316495871
 10
345.966282117419
 20
351.3388508107137
 10
346.01905428458866
 20
351.48133990892364
 10
346.05714031186733
 20
351.6284368132507
 10
346.0801493850765
 20
351.77863211040255
  0
LWPOLYLINE
  5
B8
330
17
100
AcDbEntity
  8
CORTE
100
AcDbPolyline
 90
62
 70
1
 10
346.0878453999886
 20
308.4963845933837
 10
346.0801493850765
 20
308.64813707636483
 10
346.0571403118674
 20
308.7983323735167
 10
346.0190542845887
 20
308.94542927784374
 10
345.966282117419
 20
309.08791837605366
 10
345.8993653242055
 20
309.2243375371803
 10
345.8189905617995
 20
309.35328691602587
 10
345.7259825840278
 20
309.47344331746706
 10
345.62129577860213
 20
309.5835737742274
 10
345.50600437381013
 20
309.68254819879024
 10
345.38129141547904
 20
309.7693509796258
 10
345.2484366273251
 20
309.8430914027398
 10
345.1088032792558
 20
309.90301279160434
 10
344.9638241983767
 20
309.948500271683
 10
344.81498706624546
 20
309.97908707987585
 10
344.66381915324666
 20
309.9944593541403
 10
344.5118716467305
 20
309.9944593541403
 10
344.3607037337317
 20
309.97908707987585
 10
344.21186660160055
 20
309.948500271683
 10
344.06688752072137
 20
309.9030127916043
 10
343.92725417265217
 20
309.8430914027398
 10
343.79439938449815
 20
309.7693509796258
 10
343.6696864261671
 20
309.68254819879024
 10
343.55439502137506
 20
309.5835737742274
 10
343.44970821594944
 20
309.47344331746706
 10
343.3567002381777
 20
309.35328691602587
 10
343.2763254757717
 20
309.2243375371803
 10
343.20940868255826
 20
309.08791837605366
 10
343.1566365153885
 20
308.94542927784374
 10
343.11855048810986
 20
308.7983323735167
 10
343.09554141490077
 20
308.64813707636483
 10
343.0878453999886
 20
308.4963845933837
 10
343.09554141490077
 20
308.34463211040253
 10
343.11855048810986
 20
308.1944368132507
 10
343.1566365153885
 20
308.0473399089237
 10
343.20940868255826
 20
307.9048508107137
 10
343.2763254757717
 20
307.76843164958706
 10
343.3567002381777
 20
307.6394822707415
 10
343.44970821594944
 20
307.51932586930036
 10
343.5543950213751
 20
307.40919541254004
 10
343.6696864261671
 20
307.3102209879771
 10
343.79439938449815
 20
307.22341820714155
 10
343.92725417265217
 20
307.1496777840276
 10
344.06688752072137
 20
307.0897563951631
 10
344.21186660160055
 20
307.0442689150844
 10
344.3607037337317
 20
307.01368210689157
 10
344.5118716467305
 20
306.9983098326271
 10
344.66381915324666
 20
306.9983098326271
 10
344.81498706624546
 20
307.0136821068915
 10
344.9638241983767
 20
307.0442689150844
 10
345.1088032792558
 20
307.0897563951631
 10
345.2484366273251
 20
307.1496777840276
 10
345.38129141547904
 20
307.22341820714155
 10
345.50600437381013
 20
307.3102209879771
 10
345.62129577860213
 20
307.40919541254004
 10
345.7259825840278
 20
307.51932586930036
 10
345.8189905617995
 20
307.6394822707415
 10
345.8993653242055
 20
307.76843164958706
 10
345.966282117419
 20
307.9048508107137
 10
346.0190542845887
 20
308.0473399089237
 10
346.0571403118674
 20
308.1944368132507
 10
346.0801493850765
 20
308.34463211040253
  0
LWPOLYLINE
  5
B9
330
17
100
AcDbEntity
  8
CORTE
100
AcDbPolyline
 90
62
 70
1
 10
346.0878453999886
 20
258.4963845933837
 10
346.0801493850765
 20
258.64813707636483
 10
346.0571403118674
 20
258.7983323735167
 10
346.0190542845887
 20
258.94542927784374
 10
345.966282117419
 20
259.08791837605366
 10
345.8993653242055
 20
259.2243375371803
 10
345.8189905617995
 20
259.35328691602587
 10
345.7259825840278
 20
259.47344331746706
 10
345.62129577860213
 20
259.5835737742274
 10
345.50600437381013
 20
259.68254819879024
 10
345.38129141547904
 20
259.7693509796258
 10
345.2484366273251
 20
259.8430914027398
 10
345.1088032792559
 20
259.90301279160434
 10
344.9638241983767
 20
259.948500271683
 10
344.81498706624546
 20
259.97908707987585
 10
344.66381915324666
 20
259.9944593541403
 10
344.5118716467305
 20
259.9944593541403
 10
344.3607037337317
 20
259.97908707987585
 10
344.21186660160055
 20
259.948500271683
 10
344.06688752072137
 20
259.9030127916043
 10
343.92725417265217
 20
259.8430914027398
 10
343.79439938449815
 20
259.7693509796258
 10
343.6696864261671
 20
259.68254819879024
 10
343.55439502137506
 20
259.5835737742274
 10
343.44970821594944
 20
259.473443317467
 10
343.3567002381777
 20
259.35328691602587
 10
343.2763254757717
 20
259.2243375371803
 10
343.20940868255826
 20
259.08791837605366
 10
343.1566365153885
 20
258.94542927784374
 10
343.11855048810986
 20
258.7983323735167
 10
343.09554141490077
 20
258.64813707636483
 10
343.0878453999886
 20
258.4963845933837
 10
343.09554141490077
 20
258.34463211040253
 10
343.11855048810986
 20
258.1944368132507
 10
343.1566365153885
 20
258.0473399089237
 10
343.20940868255826
 20
257.9048508107137
 10
343.2763254757717
 20
257.76843164958706
 10
343.3567002381777
 20
257.6394822707415
 10
343.44970821594944
 20
257.51932586930036
 10
343.5543950213751
 20
257.40919541254004
 10
343.6696864261671
 20
257.3102209879771
 10
343.7943993844982
 20
257.22341820714155
 10
343.92725417265217
 20
257.1496777840276
 10
344.06688752072137
 20
257.0897563951631
 10
344.21186660160055
 20
257.0442689150844
 10
344.3607037337318
 20
257.0136821068915
 10
344.5118716467305
 20
256.9983098326271
 10
344.66381915324666
 20
256.9983098326271
 10
344.81498706624546
 20
257.0136821068915
 10
344.9638241983767
 20
257.0442689150844
 10
345.1088032792559
 20
257.0897563951631
 10
345.2484366273251
 20
257.1496777840276
 10
345.38129141547904
 20
257.22341820714155
 10
345.50600437381013
 20
257.3102209879771
 10
345.62129577860213
 20
257.40919541254004
 10
345.7259825840278
 20
257.51932586930036
 10
345.8189905617995
 20
257.6394822707415
 10
345.8993653242055
 20
257.76843164958706
 10
345.966282117419
 20
257.9048508107137
 10
346.0190542845887
 20
258.0473399089237
 10
346.0571403118674
 20
258.1944368132507
 10
346.0801493850765
 20
258.34463211040253
  0
LWPOLYLINE
  5
BA
330
17
100
AcDbEntity
  8
CORTE
100
AcDbPolyline
 90
72
 70
1
 10
346.5878453999886
 20
358.49638459338365
 10
346.5802347961721
 20
358.670696078879
 10
346.55746090601303
 20
358.8436809487175
 10
346.51969705256676
 20
359.01402268358873
 10
346.46723064156043
 20
359.180424880035
 10
346.4004609740619
 20
359.3416211168651
 10
346.3198962075575
 20
359.4963845933837
 10
346.2261494885666
 20
359.6435374660858
 10
346.11993428622657
 20
359.7819598127568
 10
346.00205896236173
 20
359.91059815575676
 10
345.8734206193617
 20
360.02847347962165
 10
345.7349982726907
 20
360.1346886819617
 10
345.5878453999886
 20
360.22843540095255
 10
345.43308192347
 20
360.309000167457
 10
345.27188568663996
 20
360.3757698349555
 10
345.10548349019365
 20
360.42823624596184
 10
344.9351417553225
 20
360.4660000994081
 10
344.76215688548393
 20
360.48877398956716
 10
344.5878453999886
 20
360.4963845933837
 10
344.4135339144933
 20
360.48877398956716
 10
344.24054904465476
 20
360.4660000994081
 10
344.0702073097836
 20
360.42823624596184
 10
343.9038051133373
 20
360.3757698349555
 10
343.74260887650723
 20
360.309000167457
 10
343.5878453999886
 20
360.22843540095255
 10
343.4406925272865
 20
360.1346886819617
 10
343.30227018061555
 20
360.02847347962165
 10
343.1736318376155
 20
359.91059815575676
 10
343.0557565137507
 20
359.7819598127568
 10
342.94954131141066
 20
359.6435374660858
 10
342.8557945924197
 20
359.4963845933837
 10
342.7752298259153
 20
359.3416211168651
 10
342.7084601584168
 20
359.18042488003505
 10
342.6559937474105
 20
359.01402268358873
 10
342.6182298939642
 20
358.8436809487176
 10
342.5954560038051
 20
358.670696078879
 10
342.5878453999886
 20
358.4963845933837
 10
342.5954560038051
 20
358.32207310788834
 10
342.6182298939642
 20
358.14908823804984
 10
342.6559937474105
 20
357.9787465031786
 10
342.7084601584168
 20
357.81234430673237
 10
342.7752298259153
 20
357.65114806990226
 10
342.8557945924197
 20
357.4963845933837
 10
342.94954131141066
 20
357.3492317206816
 10
343.0557565137507
 20
357.2108093740106
 10
343.1736318376155
 20
357.0821710310106
 10
343.30227018061555
 20
356.9642957071457
 10
343.4406925272865
 20
356.8580805048057
 10
343.5878453999886
 20
356.7643337858148
 10
343.74260887650723
 20
356.6837690193104
 10
343.9038051133373
 20
356.61699935181184
 10
344.0702073097836
 20
356.5645329408055
 10
344.24054904465476
 20
356.52676908735924
 10
344.4135339144933
 20
356.5039951972002
 10
344.5878453999886
 20
356.4963845933837
 10
344.76215688548393
 20
356.5039951972002
 10
344.9351417553225
 20
356.52676908735924
 10
345.10548349019365
 20
356.5645329408055
 10
345.27188568663996
 20
356.61699935181184
 10
345.43308192347
 20
356.6837690193104
 10
345.5878453999886
 20
356.7643337858148
 10
345.7349982726907
 20
356.8580805048057
 10
345.8734206193617
 20
356.9642957071457
 10
346.00205896236173
 20
357.0821710310106
 10
346.11993428622657
 20
357.2108093740106
 10
346.2261494885666
 20
357.3492317206816
 10
346.31989620755746
 20
357.49638459338365
 10
346.4004609740619
 20
357.65114806990226
 10
346.46723064156043
 20
357.8123443067323
 10
346.51969705256676
 20
357.9787465031786
 10
346.55746090601303
 20
358.14908823804984
 10
346.5802347961721
 20
358.32207310788834
  0
LWPOLYLINE
  5
BB
330
17
100
AcDbEntity
  8
CORTE
100
AcDbPolyline
 90
62
 70
1
 10
346.0878453999886
 20
208.49638459338368
 10
346.0801493850765
 20
208.64813707636483
 10
346.0571403118674
 20
208.79833237351667
 10
346.0190542845887
 20
208.94542927784371
 10
345.966282117419
 20
209.08791837605366
 10
345.8993653242055
 20
209.2243375371803
 10
345.8189905617995
 20
209.35328691602587
 10
345.7259825840278
 20
209.473443317467
 10
345.6212957786022
 20
209.58357377422737
 10
345.50600437381013
 20
209.68254819879024
 10
345.3812914154791
 20
209.7693509796258
 10
345.2484366273251
 20
209.8430914027398
 10
345.1088032792559
 20
209.90301279160428
 10
344.9638241983767
 20
209.94850027168297
 10
344.8149870662455
 20
209.97908707987585
 10
344.6638191532467
 20
209.99445935414025
 10
344.5118716467306
 20
209.99445935414025
 10
344.3607037337318
 20
209.97908707987585
 10
344.21186660160055
 20
209.94850027168297
 10
344.06688752072137
 20
209.90301279160428
 10
343.92725417265217
 20
209.8430914027398
 10
343.7943993844982
 20
209.7693509796258
 10
343.6696864261671
 20
209.68254819879024
 10
343.5543950213751
 20
209.58357377422737
 10
343.44970821594944
 20
209.473443317467
 10
343.3567002381777
 20
209.35328691602587
 10
343.2763254757717
 20
209.2243375371803
 10
343.20940868255826
 20
209.08791837605366
 10
343.1566365153885
 20
208.9454292778437
 10
343.11855048810986
 20
208.79833237351664
 10
343.09554141490077
 20
208.64813707636483
 10
343.0878453999886
 20
208.49638459338365
 10
343.09554141490077
 20
208.34463211040253
 10
343.11855048810986
 20
208.1944368132507
 10
343.1566365153885
 20
208.04733990892365
 10
343.20940868255826
 20
207.9048508107137
 10
343.2763254757717
 20
207.76843164958706
 10
343.3567002381777
 20
207.6394822707415
 10
343.44970821594944
 20
207.51932586930036
 10
343.5543950213751
 20
207.40919541254
 10
343.6696864261671
 20
207.31022098797712
 10
343.7943993844982
 20
207.22341820714155
 10
343.92725417265217
 20
207.14967778402757
 10
344.0668875207214
 20
207.08975639516308
 10
344.21186660160055
 20
207.0442689150844
 10
344.3607037337318
 20
207.0136821068915
 10
344.5118716467306
 20
206.99830983262711
 10
344.6638191532467
 20
206.99830983262711
 10
344.8149870662455
 20
207.0136821068915
 10
344.9638241983767
 20
207.0442689150844
 10
345.1088032792559
 20
207.08975639516308
 10
345.2484366273251
 20
207.14967778402757
 10
345.3812914154791
 20
207.22341820714155
 10
345.50600437381013
 20
207.31022098797712
 10
345.6212957786022
 20
207.40919541254
 10
345.7259825840278
 20
207.51932586930036
 10
345.8189905617995
 20
207.6394822707415
 10
345.8993653242055
 20
207.76843164958706
 10
345.966282117419
 20
207.9048508107137
 10
346.0190542845887
 20
208.04733990892365
 10
346.0571403118674
 20
208.1944368132507
 10
346.0801493850765
 20
208.34463211040253
  0
LWPOLYLINE
  5
BC
330
17
100
AcDbEntity
  8
CORTE
100
AcDbPolyline
 90
156
 70
1
 10
353.08784539998885
 20
208.49638459338365
 10
353.09448124980264
 20
208.74067666002
 10
353.11436922835395
 20
208.9842482442275
 10
353.14745068069215
 20
209.22638098847204
 10
353.1936280407954
 20
209.46636077874217
 10
353.2527651193185
 20
209.70347985066167
 10
353.324687505252
 20
209.93703887687522
 10
353.4046012674003
 20
210.19654890600142
 10
353.47030913242605
 20
210.46001454146753
 10
353.5216173103185
 20
210.72665875287882
 10
353.5583744795832
 20
210.99569513537278
 10
353.58047223352906
 20
211.26633022893668
 10
353.58784539998885
 20
211.53776585853262
 10
353.58784539998885
 20
355.455003328234
 10
353.58047223352906
 20
355.72643895783
 10
353.55837447958316
 20
355.99707405139395
 10
353.52161731031845
 20
356.266110433888
 10
353.470309132426
 20
356.5327546452993
 10
353.40460126740027
 20
356.79622028076545
 10
353.3246875052519
 20
357.0557303098917
 10
353.25276511931844
 20
357.2892893361054
 10
353.1936280407953
 20
357.52640840802496
 10
353.1474506806921
 20
357.76638819829515
 10
353.11436922835384
 20
358.00852094253975
 10
353.0944812498025
 20
358.2520925267473
 10
353.08784539998874
 20
358.4963845933837
 10
353.0957486070493
 20
358.7629674189055
 10
353.11943046792794
 20
359.0286138625299
 10
353.1588077992246
 20
359.29239083143534
 10
353.2137422866269
 20
359.5533717993982
 10
353.2840409707444
 20
359.8106400612501
 10
353.3694569248852
 20
360.06329195283854
 10
353.46969012239515
 20
360.3104400251796
 10
353.5843884905124
 20
360.5512161616555
 10
353.71314914703567
 20
360.78477462730524
 10
353.85551981546286
 20
361.0102950395002
 10
354.01100041362866
 20
361.22698524956746
 10
354.1790448102615
 20
361.43408412524116
 10
354.3590627432893
 20
361.6308642241673
 10
354.55042189315685
 20
361.81663434907153
 10
354.75245010387107
 20
361.990741975615
 10
354.9644377439737
 20
362.15257554440933
 10
355.18564019914726
 20
362.301566609142
 10
355.41528048770044
 20
362.43719183326414
 10
355.6525519897445
 20
362.5589748282296
 10
355.89662128047473
 20
362.66648782682705
 10
356.14663105760604
 20
362.75935318572766
 10
356.401703152678
 20
362.83724471197144
 10
356.6609416156539
 20
362.8998888087316
 10
356.9234358619777
 20
362.94706543633356
 10
357.18826387103564
 20
362.97860888515225
 10
357.45449542478735
 20
362.99440835767336
 10
357.7211953751904
 20
362.99440835767336
 10
357.98742692894206
 20
362.97860888515225
 10
358.252254938
 20
362.9470654363335
 10
358.5147491843238
 20
362.89988880873153
 10
358.7739876472997
 20
362.8372447119714
 10
359.02905974237166
 20
362.75935318572766
 10
359.27906951950297
 20
362.66648782682705
 10
359.52313881023326
 20
362.5589748282296
 10
359.76041031227726
 20
362.43719183326414
 10
359.99005060083044
 20
362.301566609142
 10
360.211253056004
 20
362.15257554440933
 10
360.42324069610663
 20
361.990741975615
 10
360.62526890682085
 20
361.81663434907153
 10
360.8166280566884
 20
361.6308642241672
 10
360.9966459897162
 20
361.4340841252411
 10
361.16469038634904
 20
361.2269852495674
 10
361.32017098451485
 20
361.0102950395002
 10
361.46254165294204
 20
360.78477462730524
 10
361.5913023094653
 20
360.5512161616554
 10
361.70600067758255
 20
360.3104400251796
 10
361.8062338750925
 20
360.0632919528385
 10
361.8916498292333
 20
359.81064006125007
 10
361.9619485133508
 20
359.5533717993981
 10
362.0168830007531
 20
359.2923908314353
 10
362.05626033204976
 20
359.0286138625298
 10
362.0799421929284
 20
358.7629674189054
 10
362.08784539998896
 20
358.49638459338365
 10
362.0812095501751
 20
358.25209252674733
 10
362.06132157162386
 20
358.0085209425398
 10
362.0282401192856
 20
357.7663881982952
 10
361.9820627591824
 20
357.5264084080251
 10
361.92292568065926
 20
357.2892893361056
 10
361.8510032947258
 20
357.05573030989194
 10
361.7710895325774
 20
356.79622028076574
 10
361.70538166755165
 20
356.53275464529963
 10
361.6540734896592
 20
356.26611043388834
 10
361.6173163203945
 20
355.99707405139435
 10
361.59521856644864
 20
355.72643895783045
 10
361.58784539998885
 20
355.4550033282345
 10
361.58784539998885
 20
211.5377658585332
 10
361.59521856644864
 20
211.2663302289372
 10
361.61731632039454
 20
210.9956951353733
 10
361.6540734896592
 20
210.72665875287933
 10
361.7053816675517
 20
210.460014541468
 10
361.7710895325774
 20
210.1965489060019
 10
361.85100329472573
 20
209.9370388768757
 10
361.9229256806591
 20
209.703479850662
 10
361.98206275918227
 20
209.46636077874246
 10
362.0282401192855
 20
209.22638098847227
 10
362.06132157162375
 20
208.98424824422762
 10
362.08120955017506
 20
208.74067666002009
 10
362.08784539998885
 20
208.49638459338365
 10
362.0799421929283
 20
208.22980176786194
 10
362.0562603320497
 20
207.9641553242375
 10
362.016883000753
 20
207.70037835533208
 10
361.9619485133507
 20
207.43939738736924
 10
361.8916498292332
 20
207.18212912551726
 10
361.8062338750924
 20
206.92947723392888
 10
361.70600067758244
 20
206.6823291615878
 10
361.5913023094652
 20
206.44155302511194
 10
361.4625416529419
 20
206.20799455946218
 10
361.32017098451473
 20
205.98247414726723
 10
361.1646903863489
 20
205.7657839372
 10
360.9966459897161
 20
205.55868506152632
 10
360.81662805668833
 20
205.3619049626002
 10
360.6252689068208
 20
205.17613483769588
 10
360.4232406961065
 20
205.0020272111525
 10
360.21125305600395
 20
204.8401936423581
 10
359.9900506008304
 20
204.69120257762546
 10
359.7604103122772
 20
204.5555773535033
 10
359.5231388102332
 20
204.43379435853785
 10
359.2790695195029
 20
204.32628135994042
 10
359.0290597423716
 20
204.2334160010398
 10
358.77398764729963
 20
204.15552447479607
 10
358.5147491843238
 20
204.09288037803591
 10
358.252254938
 20
204.04570375043394
 10
357.98742692894206
 20
204.01416030161522
 10
357.72119537519035
 20
203.9983608290941
 10
357.45449542478735
 20
203.9983608290941
 10
357.18826387103564
 20
204.01416030161522
 10
356.9234358619777
 20
204.04570375043394
 10
356.6609416156539
 20
204.09288037803591
 10
356.40170315267807
 20
204.15552447479607
 10
356.1466310576061
 20
204.2334160010398
 10
355.8966212804748
 20
204.32628135994042
 10
355.6525519897445
 20
204.43379435853785
 10
355.4152804877005
 20
204.55557735350334
 10
355.1856401991473
 20
204.69120257762546
 10
354.96443774397375
 20
204.84019364235812
 10
354.7524501038712
 20
205.0020272111525
 10
354.5504218931569
 20
205.1761348376959
 10
354.35906274328937
 20
205.3619049626002
 10
354.1790448102616
 20
205.55868506152632
 10
354.0110004136288
 20
205.7657839372
 10
353.85551981546297
 20
205.98247414726723
 10
353.7131491470358
 20
206.20799455946218
 10
353.5843884905125
 20
206.44155302511197
 10
353.46969012239526
 20
206.6823291615878
 10
353.3694569248853
 20
206.92947723392888
 10
353.2840409707445
 20
207.1821291255173
 10
353.213742286627
 20
207.43939738736924
 10
353.1588077992247
 20
207.7003783553321
 10
353.11943046792805
 20
207.96415532423754
 10
353.0957486070494
 20
208.22980176786197
  0
LWPOLYLINE
  5
BD
330
17
100
AcDbEntity
  8
CORTE
100
AcDbPolyline
 90
62
 70
1
 10
359.08784539998885
 20
351.9303845933837
 10
359.0801493850767
 20
352.08213707636486
 10
359.05714031186756
 20
352.23233237351667
 10
359.0190542845889
 20
352.3794292778437
 10
358.9662821174192
 20
352.5219183760537
 10
358.8993653242057
 20
352.65833753718033
 10
358.81899056179975
 20
352.7872869160259
 10
358.72598258402803
 20
352.907443317467
 10
358.62129577860236
 20
353.01757377422734
 10
358.50600437381036
 20
353.1165481987902
 10
358.38129141547927
 20
353.20335097962584
 10
358.2484366273253
 20
353.2770914027398
 10
358.10880327925605
 20
353.3370127916043
 10
357.9638241983769
 20
353.382500271683
 10
357.8149870662457
 20
353.4130870798759
 10
357.6638191532469
 20
353.4284593541403
 10
357.51187164673075
 20
353.4284593541403
 10
357.36070373373195
 20
353.4130870798759
 10
357.2118666016008
 20
353.382500271683
 10
357.0668875207216
 20
353.3370127916043
 10
356.9272541726524
 20
353.2770914027398
 10
356.7943993844984
 20
353.20335097962584
 10
356.66968642616735
 20
353.1165481987902
 10
356.5543950213753
 20
353.01757377422734
 10
356.44970821594967
 20
352.907443317467
 10
356.35670023817795
 20
352.7872869160259
 10
356.27632547577196
 20
352.6583375371803
 10
356.2094086825585
 20
352.52191837605363
 10
356.15663651538875
 20
352.3794292778437
 10
356.1185504881101
 20
352.23233237351667
 10
356.095541414901
 20
352.0821370763648
 10
356.08784539998885
 20
351.9303845933837
 10
356.095541414901
 20
351.77863211040255
 10
356.1185504881101
 20
351.6284368132507
 10
356.15663651538875
 20
351.48133990892364
 10
356.2094086825585
 20
351.3388508107137
 10
356.27632547577196
 20
351.2024316495871
 10
356.35670023817795
 20
351.0734822707415
 10
356.44970821594967
 20
350.95332586930033
 10
356.5543950213753
 20
350.84319541254
 10
356.66968642616735
 20
350.74422098797714
 10
356.7943993844984
 20
350.6574182071416
 10
356.9272541726524
 20
350.5836777840276
 10
357.0668875207216
 20
350.52375639516305
 10
357.2118666016008
 20
350.47826891508436
 10
357.36070373373195
 20
350.44768210689153
 10
357.51187164673075
 20
350.4323098326271
 10
357.6638191532469
 20
350.4323098326271
 10
357.8149870662457
 20
350.44768210689153
 10
357.9638241983769
 20
350.47826891508436
 10
358.10880327925605
 20
350.52375639516305
 10
358.2484366273253
 20
350.5836777840276
 10
358.38129141547927
 20
350.6574182071416
 10
358.50600437381036
 20
350.74422098797714
 10
358.62129577860236
 20
350.84319541254
 10
358.72598258402803
 20
350.95332586930033
 10
358.81899056179975
 20
351.0734822707415
 10
358.8993653242057
 20
351.2024316495871
 10
358.9662821174192
 20
351.3388508107137
 10
359.0190542845889
 20
351.48133990892364
 10
359.05714031186756
 20
351.6284368132507
 10
359.0801493850767
 20
351.77863211040255
  0
LWPOLYLINE
  5
BE
330
17
100
AcDbEntity
  8
CORTE
100
AcDbPolyline
 90
62
 70
1
 10
359.08784539998885
 20
308.4963845933837
 10
359.0801493850767
 20
308.64813707636483
 10
359.0571403118676
 20
308.7983323735167
 10
359.01905428458895
 20
308.94542927784374
 10
358.9662821174192
 20
309.08791837605366
 10
358.89936532420575
 20
309.2243375371803
 10
358.81899056179975
 20
309.35328691602587
 10
358.72598258402803
 20
309.47344331746706
 10
358.62129577860236
 20
309.5835737742274
 10
358.50600437381036
 20
309.68254819879024
 10
358.38129141547927
 20
309.7693509796258
 10
358.2484366273253
 20
309.8430914027398
 10
358.10880327925605
 20
309.90301279160434
 10
357.9638241983769
 20
309.948500271683
 10
357.8149870662457
 20
309.97908707987585
 10
357.6638191532469
 20
309.9944593541403
 10
357.51187164673075
 20
309.9944593541403
 10
357.36070373373195
 20
309.97908707987585
 10
357.2118666016008
 20
309.948500271683
 10
357.0668875207216
 20
309.9030127916043
 10
356.9272541726524
 20
309.8430914027398
 10
356.7943993844984
 20
309.7693509796258
 10
356.66968642616735
 20
309.68254819879024
 10
356.5543950213753
 20
309.5835737742274
 10
356.44970821594967
 20
309.47344331746706
 10
356.35670023817795
 20
309.35328691602587
 10
356.27632547577196
 20
309.2243375371803
 10
356.2094086825585
 20
309.08791837605366
 10
356.15663651538875
 20
308.94542927784374
 10
356.1185504881101
 20
308.7983323735167
 10
356.095541414901
 20
308.64813707636483
 10
356.08784539998885
 20
308.4963845933837
 10
356.095541414901
 20
308.34463211040253
 10
356.1185504881101
 20
308.1944368132507
 10
356.15663651538875
 20
308.0473399089237
 10
356.2094086825585
 20
307.9048508107137
 10
356.27632547577196
 20
307.76843164958706
 10
356.35670023817795
 20
307.6394822707415
 10
356.44970821594967
 20
307.51932586930036
 10
356.55439502137534
 20
307.40919541254004
 10
356.66968642616735
 20
307.3102209879771
 10
356.7943993844984
 20
307.22341820714155
 10
356.9272541726524
 20
307.1496777840276
 10
357.0668875207216
 20
307.0897563951631
 10
357.2118666016008
 20
307.0442689150844
 10
357.36070373373195
 20
307.01368210689157
 10
357.51187164673075
 20
306.9983098326271
 10
357.6638191532469
 20
306.9983098326271
 10
357.8149870662457
 20
307.0136821068915
 10
357.9638241983769
 20
307.0442689150844
 10
358.10880327925605
 20
307.0897563951631
 10
358.2484366273253
 20
307.1496777840276
 10
358.38129141547927
 20
307.22341820714155
 10
358.50600437381036
 20
307.3102209879771
 10
358.62129577860236
 20
307.40919541254004
 10
358.72598258402803
 20
307.51932586930036
 10
358.81899056179975
 20
307.6394822707415
 10
358.89936532420575
 20
307.76843164958706
 10
358.9662821174192
 20
307.9048508107137
 10
359.01905428458895
 20
308.0473399089237
 10
359.0571403118676
 20
308.1944368132507
 10
359.0801493850767
 20
308.34463211040253
  0
LWPOLYLINE
  5
BF
330
17
100
AcDbEntity
  8
CORTE
100
AcDbPolyline
 90
62
 70
1
 10
359.08784539998885
 20
258.4963845933837
 10
359.0801493850767
 20
258.64813707636483
 10
359.0571403118676
 20
258.7983323735167
 10
359.01905428458895
 20
258.94542927784374
 10
358.9662821174192
 20
259.08791837605366
 10
358.89936532420575
 20
259.2243375371803
 10
358.81899056179975
 20
259.35328691602587
 10
358.72598258402803
 20
259.47344331746706
 10
358.62129577860236
 20
259.5835737742274
 10
358.50600437381036
 20
259.68254819879024
 10
358.38129141547927
 20
259.7693509796258
 10
358.2484366273253
 20
259.8430914027398
 10
358.1088032792561
 20
259.90301279160434
 10
357.9638241983769
 20
259.948500271683
 10
357.8149870662457
 20
259.97908707987585
 10
357.6638191532469
 20
259.9944593541403
 10
357.51187164673075
 20
259.9944593541403
 10
357.36070373373195
 20
259.97908707987585
 10
357.2118666016008
 20
259.948500271683
 10
357.0668875207216
 20
259.9030127916043
 10
356.9272541726524
 20
259.8430914027398
 10
356.7943993844984
 20
259.7693509796258
 10
356.66968642616735
 20
259.68254819879024
 10
356.5543950213753
 20
259.5835737742274
 10
356.44970821594967
 20
259.473443317467
 10
356.35670023817795
 20
259.35328691602587
 10
356.27632547577196
 20
259.2243375371803
 10
356.2094086825585
 20
259.08791837605366
 10
356.15663651538875
 20
258.94542927784374
 10
356.1185504881101
 20
258.7983323735167
 10
356.095541414901
 20
258.64813707636483
 10
356.08784539998885
 20
258.4963845933837
 10
356.095541414901
 20
258.34463211040253
 10
356.1185504881101
 20
258.1944368132507
 10
356.15663651538875
 20
258.0473399089237
 10
356.2094086825585
 20
257.9048508107137
 10
356.27632547577196
 20
257.76843164958706
 10
356.35670023817795
 20
257.6394822707415
 10
356.44970821594967
 20
257.51932586930036
 10
356.55439502137534
 20
257.40919541254004
 10
356.66968642616735
 20
257.3102209879771
 10
356.79439938449843
 20
257.22341820714155
 10
356.9272541726524
 20
257.1496777840276
 10
357.0668875207216
 20
257.0897563951631
 10
357.2118666016008
 20
257.0442689150844
 10
357.360703733732
 20
257.0136821068915
 10
357.51187164673075
 20
256.9983098326271
 10
357.6638191532469
 20
256.9983098326271
 10
357.8149870662457
 20
257.0136821068915
 10
357.9638241983769
 20
257.0442689150844
 10
358.1088032792561
 20
257.0897563951631
 10
358.2484366273253
 20
257.1496777840276
 10
358.38129141547927
 20
257.22341820714155
 10
358.50600437381036
 20
257.3102209879771
 10
358.62129577860236
 20
257.40919541254004
 10
358.72598258402803
 20
257.51932586930036
 10
358.81899056179975
 20
257.6394822707415
 10
358.89936532420575
 20
257.76843164958706
 10
358.9662821174192
 20
257.9048508107137
 10
359.01905428458895
 20
258.0473399089237
 10
359.0571403118676
 20
258.1944368132507
 10
359.0801493850767
 20
258.34463211040253
  0
LWPOLYLINE
  5
C0
330
17
100
AcDbEntity
  8
CORTE
100
AcDbPolyline
 90
72
 70
1
 10
359.58784539998885
 20
358.49638459338365
 10
359.5802347961723
 20
358.670696078879
 10
359.55746090601326
 20
358.8436809487175
 10
359.519697052567
 20
359.01402268358873
 10
359.46723064156066
 20
359.180424880035
 10
359.4004609740621
 20
359.3416211168651
 10
359.31989620755775
 20
359.4963845933837
 10
359.2261494885668
 20
359.6435374660858
 10
359.1199342862268
 20
359.7819598127568
 10
359.00205896236196
 20
359.91059815575676
 10
358.8734206193619
 20
360.02847347962165
 10
358.7349982726909
 20
360.1346886819617
 10
358.58784539998885
 20
360.22843540095255
 10
358.43308192347024
 20
360.309000167457
 10
358.2718856866402
 20
360.3757698349555
 10
358.1054834901939
 20
360.42823624596184
 10
357.9351417553227
 20
360.4660000994081
 10
357.76215688548416
 20
360.48877398956716
 10
357.58784539998885
 20
360.4963845933837
 10
357.41353391449354
 20
360.48877398956716
 10
357.240549044655
 20
360.4660000994081
 10
357.0702073097838
 20
360.42823624596184
 10
356.9038051133375
 20
360.3757698349555
 10
356.74260887650746
 20
360.309000167457
 10
356.58784539998885
 20
360.22843540095255
 10
356.4406925272867
 20
360.1346886819617
 10
356.3022701806158
 20
360.02847347962165
 10
356.17363183761574
 20
359.91059815575676
 10
356.0557565137509
 20
359.7819598127568
 10
355.9495413114109
 20
359.6435374660858
 10
355.85579459241995
 20
359.4963845933837
 10
355.7752298259155
 20
359.3416211168651
 10
355.70846015841704
 20
359.18042488003505
 10
355.6559937474107
 20
359.01402268358873
 10
355.61822989396444
 20
358.8436809487176
 10
355.59545600380534
 20
358.670696078879
 10
355.58784539998885
 20
358.4963845933837
 10
355.59545600380534
 20
358.32207310788834
 10
355.61822989396444
 20
358.14908823804984
 10
355.6559937474107
 20
357.9787465031786
 10
355.70846015841704
 20
357.81234430673237
 10
355.7752298259155
 20
357.65114806990226
 10
355.85579459241995
 20
357.4963845933837
 10
355.9495413114109
 20
357.3492317206816
 10
356.0557565137509
 20
357.2108093740106
 10
356.17363183761574
 20
357.0821710310106
 10
356.3022701806158
 20
356.9642957071457
 10
356.4406925272867
 20
356.8580805048057
 10
356.58784539998885
 20
356.7643337858148
 10
356.74260887650746
 20
356.6837690193104
 10
356.9038051133375
 20
356.61699935181184
 10
357.0702073097838
 20
356.5645329408055
 10
357.240549044655
 20
356.52676908735924
 10
357.41353391449354
 20
356.5039951972002
 10
357.58784539998885
 20
356.4963845933837
 10
357.76215688548416
 20
356.5039951972002
 10
357.9351417553227
 20
356.52676908735924
 10
358.1054834901939
 20
356.5645329408055
 10
358.2718856866402
 20
356.61699935181184
 10
358.43308192347024
 20
356.6837690193104
 10
358.58784539998885
 20
356.7643337858148
 10
358.7349982726909
 20
356.8580805048057
 10
358.8734206193619
 20
356.9642957071457
 10
359.00205896236196
 20
357.0821710310106
 10
359.1199342862268
 20
357.2108093740106
 10
359.2261494885668
 20
357.3492317206816
 10
359.3198962075577
 20
357.49638459338365
 10
359.4004609740621
 20
357.65114806990226
 10
359.46723064156066
 20
357.8123443067323
 10
359.519697052567
 20
357.9787465031786
 10
359.55746090601326
 20
358.14908823804984
 10
359.5802347961723
 20
358.32207310788834
  0
LWPOLYLINE
  5
C1
330
17
100
AcDbEntity
  8
CORTE
100
AcDbPolyline
 90
62
 70
1
 10
359.08784539998885
 20
208.49638459338368
 10
359.0801493850767
 20
208.64813707636483
 10
359.0571403118676
 20
208.79833237351667
 10
359.01905428458895
 20
208.94542927784371
 10
358.9662821174192
 20
209.08791837605366
 10
358.89936532420575
 20
209.2243375371803
 10
358.81899056179975
 20
209.35328691602587
 10
358.72598258402803
 20
209.473443317467
 10
358.6212957786024
 20
209.58357377422737
 10
358.50600437381036
 20
209.68254819879024
 10
358.3812914154793
 20
209.7693509796258
 10
358.2484366273253
 20
209.8430914027398
 10
358.1088032792561
 20
209.90301279160428
 10
357.9638241983769
 20
209.94850027168297
 10
357.81498706624575
 20
209.97908707987585
 10
357.66381915324695
 20
209.99445935414025
 10
357.5118716467308
 20
209.99445935414025
 10
357.360703733732
 20
209.97908707987585
 10
357.2118666016008
 20
209.94850027168297
 10
357.0668875207216
 20
209.90301279160428
 10
356.9272541726524
 20
209.8430914027398
 10
356.79439938449843
 20
209.7693509796258
 10
356.66968642616735
 20
209.68254819879024
 10
356.55439502137534
 20
209.58357377422737
 10
356.44970821594967
 20
209.473443317467
 10
356.35670023817795
 20
209.35328691602587
 10
356.27632547577196
 20
209.2243375371803
 10
356.2094086825585
 20
209.08791837605366
 10
356.15663651538875
 20
208.9454292778437
 10
356.1185504881101
 20
208.79833237351664
 10
356.095541414901
 20
208.64813707636483
 10
356.08784539998885
 20
208.49638459338365
 10
356.095541414901
 20
208.34463211040253
 10
356.1185504881101
 20
208.1944368132507
 10
356.15663651538875
 20
208.04733990892365
 10
356.2094086825585
 20
207.9048508107137
 10
356.27632547577196
 20
207.76843164958706
 10
356.35670023817795
 20
207.6394822707415
 10
356.44970821594967
 20
207.51932586930036
 10
356.55439502137534
 20
207.40919541254
 10
356.66968642616735
 20
207.31022098797712
 10
356.79439938449843
 20
207.22341820714155
 10
356.9272541726524
 20
207.14967778402757
 10
357.06688752072165
 20
207.08975639516308
 10
357.2118666016008
 20
207.0442689150844
 10
357.360703733732
 20
207.0136821068915
 10
357.5118716467308
 20
206.99830983262711
 10
357.66381915324695
 20
206.99830983262711
 10
357.81498706624575
 20
207.0136821068915
 10
357.9638241983769
 20
207.0442689150844
 10
358.1088032792561
 20
207.08975639516308
 10
358.2484366273253
 20
207.14967778402757
 10
358.3812914154793
 20
207.22341820714155
 10
358.50600437381036
 20
207.31022098797712
 10
358.6212957786024
 20
207.40919541254
 10
358.72598258402803
 20
207.51932586930036
 10
358.81899056179975
 20
207.6394822707415
 10
358.89936532420575
 20
207.76843164958706
 10
358.9662821174192
 20
207.9048508107137
 10
359.01905428458895
 20
208.04733990892365
 10
359.0571403118676
 20
208.1944368132507
 10
359.0801493850767
 20
208.34463211040253
  0
LWPOLYLINE
  5
C2
330
17
100
AcDbEntity
  8
CORTE
100
AcDbPolyline
 90
64
 70
1
 10
287.99617756419207
 20
288.1756907999748
 10
277.996177564192
 20
288.1756907999748
 10
277.7158253280061
 20
288.1835567248857
 10
277.43635518367546
 20
288.20712975050856
 10
277.15864644766833
 20
288.2463357073836
 10
276.8835728944104
 20
288.30105123906566
 10
276.61200000706776
 20
288.3711041902493
 10
276.34478225441615
 20
288.45627414843295
 10
276.08276040236655
 20
288.5562931374184
 10
275.8267588686042
 20
288.6708464604627
 10
275.57758312866576
 20
288.79957369043103
 10
275.3360171816153
 20
288.94206980383336
 10
275.10282108329295
 20
289.0978864551785
 10
274.8787285548983
 20
289.26653338763464
 10
274.664444674432
 20
289.44747997555896
 10
274.46064365825924
 20
289.6401568940421
 10
274.26796673977617
 20
289.8439579102148
 10
274.08702015185185
 20
290.05824179068117
 10
273.9183732193957
 20
290.2823343190758
 10
273.76255656805057
 20
290.51553041739817
 10
273.62006045464824
 20
290.7570963644486
 10
273.4913332246799
 20
291.00627210438705
 10
273.3767799016356
 20
291.2622736381494
 10
273.27676091265016
 20
291.524295490199
 10
273.1915909544665
 20
291.7915132428506
 10
273.12153800328286
 20
292.06308613019326
 10
273.0668224716008
 20
292.3381596834512
 10
273.02761651472576
 20
292.6158684194583
 10
273.0040434891029
 20
292.89533856378887
 10
272.996177564192
 20
293.17569079997486
 10
272.996177564192
 20
328.1756907999748
 10
276.6026590456735
 20
328.1756907999748
 10
276.60265904567353
 20
331.1756907999748
 10
286.60265904567353
 20
331.1756907999748
 10
286.60265904567353
 20
328.1756907999748
 10
292.996177564192
 20
328.1756907999748
 10
292.996177564192
 20
293.1756907999748
 10
292.9883116392811
 20
292.89533856378887
 10
292.96473861365826
 20
292.61586841945825
 10
292.9255326567832
 20
292.3381596834511
 10
292.87081712510115
 20
292.06308613019326
 10
292.8007641739175
 20
291.79151324285056
 10
292.71559421573386
 20
291.524295490199
 10
292.61557522674843
 20
291.26227363814934
 10
292.5010219037041
 20
291.006272104387
 10
292.3722946737358
 20
290.7570963644486
 10
292.22979856033345
 20
290.5155304173981
 10
292.07398190898834
 20
290.2823343190758
 10
291.9053349765322
 20
290.05824179068117
 10
291.72438838860785
 20
289.8439579102148
 10
291.5317114701248
 20
289.6401568940421
 10
291.32791045395203
 20
289.44747997555896
 10
291.1136265734857
 20
289.26653338763464
 10
290.88953404509107
 20
289.0978864551785
 10
290.6563379467687
 20
288.94206980383336
 10
290.4147719997182
 20
288.79957369043103
 10
290.1655962597798
 20
288.6708464604627
 10
289.9095947260175
 20
288.5562931374184
 10
289.6475728739679
 20
288.45627414843295
 10
289.38035512131626
 20
288.3711041902493
 10
289.10878223397356
 20
288.30105123906566
 10
288.8337086807157
 20
288.2463357073836
 10
288.55599994470856
 20
288.20712975050856
 10
288.27652980037794
 20
288.1835567248857
  0
LWPOLYLINE
  5
C3
330
17
100
AcDbEntity
  8
CORTE
100
AcDbPolyline
 90
62
 70
1
 10
281.6026590456735
 20
328.2024907999748
 10
281.7517002176254
 20
328.2100493127539
 10
281.8992120254681
 20
328.23264729052164
 10
282.04368079843783
 20
328.2700528474462
 10
282.18362409142645
 20
328.32188215189586
 10
282.3176058968743
 20
328.3876033650706
 10
282.4442513801512
 20
328.46654209838823
 10
282.5622609872199
 20
328.55788833362374
 10
282.67042377981943
 20
328.6607047347925
 10
282.76762986133014
 20
328.7739362664856
 10
282.8528817658148
 20
328.8964210199611
 10
282.9253046933691
 20
329.02690213590006
 10
282.98415548675257
 20
329.1640407014838
 10
283.0288302571872
 20
329.30642948945126
 10
283.0588705810737
 20
329.45260739815507
 10
283.0739682040379
 20
329.60107444444156
 10
283.0739682040379
 20
329.750307155508
 10
283.0588705810737
 20
329.89877420179454
 10
283.0288302571872
 20
330.04495211049834
 10
282.98415548675257
 20
330.1873408984658
 10
282.9253046933691
 20
330.3244794640495
 10
282.8528817658148
 20
330.4549605799885
 10
282.76762986133014
 20
330.577445333464
 10
282.67042377981943
 20
330.6906768651571
 10
282.5622609872199
 20
330.7934932663258
 10
282.4442513801512
 20
330.8848395015614
 10
282.3176058968743
 20
330.963778234879
 10
282.18362409142645
 20
331.0294994480537
 10
282.04368079843783
 20
331.08132875250334
 10
281.8992120254681
 20
331.11873430942796
 10
281.7517002176254
 20
331.1413322871957
 10
281.6026590456735
 20
331.14889079997477
 10
281.4536178737216
 20
331.1413322871957
 10
281.3061060658789
 20
331.11873430942796
 10
281.1616372929092
 20
331.08132875250334
 10
281.02169399992056
 20
331.0294994480537
 10
280.8877121944727
 20
330.963778234879
 10
280.76106671119584
 20
330.8848395015614
 10
280.64305710412714
 20
330.7934932663258
 10
280.5348943115276
 20
330.6906768651571
 10
280.4376882300169
 20
330.577445333464
 10
280.35243632553227
 20
330.45496057998844
 10
280.2800133979779
 20
330.3244794640495
 10
280.22116260459444
 20
330.1873408984658
 10
280.17648783415984
 20
330.04495211049834
 10
280.14644751027333
 20
329.89877420179454
 10
280.1313498873091
 20
329.750307155508
 10
280.1313498873091
 20
329.60107444444156
 10
280.14644751027333
 20
329.45260739815507
 10
280.17648783415984
 20
329.30642948945126
 10
280.22116260459444
 20
329.1640407014838
 10
280.2800133979779
 20
329.02690213590006
 10
280.35243632553227
 20
328.8964210199611
 10
280.4376882300169
 20
328.7739362664856
 10
280.5348943115276
 20
328.6607047347925
 10
280.64305710412714
 20
328.5578883336238
 10
280.76106671119584
 20
328.46654209838823
 10
280.8877121944727
 20
328.3876033650706
 10
281.02169399992056
 20
328.32188215189586
 10
281.1616372929092
 20
328.2700528474462
 10
281.3061060658789
 20
328.23264729052164
 10
281.4536178737216
 20
328.2100493127539
  0
LWPOLYLINE
  5
C4
330
17
100
AcDbEntity
  8
CORTE
100
AcDbPolyline
 90
62
 70
1
 10
281.496177564192
 20
293.1756907999748
 10
281.50387357910415
 20
293.0239383169936
 10
281.52688265231325
 20
292.8737430198418
 10
281.5649686795919
 20
292.72664611551477
 10
281.61774084676165
 20
292.58415701730485
 10
281.6846576399751
 20
292.44773785617815
 10
281.7650324023811
 20
292.3187884773326
 10
281.85804038015283
 20
292.19863207589145
 10
281.9627271855785
 20
292.08850161913114
 10
282.0780185903705
 20
291.98952719456827
 10
282.20273154870154
 20
291.90272441373264
 10
282.33558633685556
 20
291.82898399061867
 10
282.47521968492475
 20
291.7690626017542
 10
282.62019876580393
 20
291.7235751216755
 10
282.76903589793517
 20
291.6929883134826
 10
282.9202038109339
 20
291.6776160392182
 10
283.07215131745005
 20
291.6776160392182
 10
283.22331923044885
 20
291.6929883134826
 10
283.3721563625801
 20
291.7235751216755
 10
283.5171354434592
 20
291.7690626017542
 10
283.65676879152846
 20
291.82898399061867
 10
283.7896235796824
 20
291.90272441373264
 10
283.9143365380135
 20
291.98952719456827
 10
284.0296279428055
 20
292.08850161913114
 10
284.1343147482312
 20
292.19863207589145
 10
284.2273227260029
 20
292.3187884773326
 10
284.3076974884089
 20
292.44773785617815
 10
284.37461428162237
 20
292.5841570173048
 10
284.4273864487921
 20
292.72664611551477
 10
284.4654724760708
 20
292.8737430198418
 10
284.48848154927987
 20
293.0239383169936
 10
284.496177564192
 20
293.1756907999748
 10
284.48848154927987
 20
293.3274432829559
 10
284.4654724760708
 20
293.4776385801078
 10
284.4273864487921
 20
293.62473548443484
 10
284.37461428162237
 20
293.76722458264476
 10
284.3076974884089
 20
293.9036437437714
 10
284.2273227260029
 20
294.03259312261696
 10
284.1343147482312
 20
294.15274952405815
 10
284.0296279428055
 20
294.26287998081847
 10
283.9143365380135
 20
294.36185440538134
 10
283.7896235796824
 20
294.4486571862169
 10
283.65676879152846
 20
294.52239760933094
 10
283.5171354434592
 20
294.58231899819543
 10
283.3721563625801
 20
294.6278064782741
 10
283.22331923044885
 20
294.65839328646695
 10
283.07215131745005
 20
294.6737655607314
 10
282.9202038109339
 20
294.6737655607314
 10
282.7690358979351
 20
294.65839328646695
 10
282.62019876580393
 20
294.6278064782741
 10
282.47521968492475
 20
294.58231899819543
 10
282.33558633685556
 20
294.5223976093309
 10
282.20273154870154
 20
294.4486571862169
 10
282.0780185903705
 20
294.36185440538134
 10
281.96272718557844
 20
294.26287998081847
 10
281.85804038015283
 20
294.1527495240581
 10
281.7650324023811
 20
294.03259312261696
 10
281.6846576399751
 20
293.9036437437714
 10
281.61774084676165
 20
293.76722458264476
 10
281.5649686795919
 20
293.62473548443484
 10
281.52688265231325
 20
293.4776385801078
 10
281.50387357910415
 20
293.3274432829559
  0
LWPOLYLINE
  5
C5
330
17
100
AcDbEntity
  8
CORTE
100
AcDbPolyline
 90
62
 70
1
 10
281.496177564192
 20
323.1756907999748
 10
281.50387357910415
 20
323.0239383169936
 10
281.52688265231325
 20
322.8737430198418
 10
281.5649686795919
 20
322.72664611551477
 10
281.61774084676165
 20
322.58415701730485
 10
281.6846576399751
 20
322.44773785617815
 10
281.7650324023811
 20
322.3187884773326
 10
281.85804038015283
 20
322.19863207589145
 10
281.9627271855785
 20
322.0885016191311
 10
282.0780185903705
 20
321.98952719456827
 10
282.20273154870154
 20
321.9027244137327
 10
282.33558633685556
 20
321.82898399061867
 10
282.47521968492475
 20
321.7690626017542
 10
282.62019876580393
 20
321.7235751216755
 10
282.76903589793517
 20
321.6929883134826
 10
282.9202038109339
 20
321.6776160392182
 10
283.07215131745005
 20
321.6776160392182
 10
283.22331923044885
 20
321.6929883134826
 10
283.3721563625801
 20
321.7235751216755
 10
283.5171354434592
 20
321.7690626017542
 10
283.65676879152846
 20
321.82898399061867
 10
283.7896235796824
 20
321.9027244137327
 10
283.9143365380135
 20
321.98952719456827
 10
284.0296279428055
 20
322.0885016191311
 10
284.1343147482312
 20
322.19863207589145
 10
284.2273227260029
 20
322.3187884773326
 10
284.3076974884089
 20
322.44773785617815
 10
284.37461428162237
 20
322.58415701730485
 10
284.4273864487921
 20
322.72664611551477
 10
284.4654724760708
 20
322.8737430198418
 10
284.48848154927987
 20
323.0239383169936
 10
284.496177564192
 20
323.1756907999748
 10
284.48848154927987
 20
323.3274432829559
 10
284.4654724760708
 20
323.4776385801078
 10
284.4273864487921
 20
323.62473548443484
 10
284.37461428162237
 20
323.76722458264476
 10
284.3076974884089
 20
323.9036437437714
 10
284.2273227260029
 20
324.03259312261696
 10
284.1343147482312
 20
324.1527495240581
 10
284.0296279428055
 20
324.26287998081847
 10
283.9143365380135
 20
324.36185440538134
 10
283.7896235796824
 20
324.4486571862169
 10
283.65676879152846
 20
324.52239760933094
 10
283.5171354434592
 20
324.58231899819543
 10
283.3721563625801
 20
324.6278064782741
 10
283.22331923044885
 20
324.65839328646695
 10
283.07215131745005
 20
324.67376556073134
 10
282.9202038109339
 20
324.67376556073134
 10
282.7690358979351
 20
324.65839328646695
 10
282.62019876580393
 20
324.6278064782741
 10
282.47521968492475
 20
324.58231899819543
 10
282.33558633685556
 20
324.52239760933094
 10
282.20273154870154
 20
324.4486571862169
 10
282.0780185903705
 20
324.36185440538134
 10
281.96272718557844
 20
324.26287998081847
 10
281.85804038015283
 20
324.1527495240581
 10
281.7650324023811
 20
324.03259312261696
 10
281.6846576399751
 20
323.9036437437714
 10
281.61774084676165
 20
323.76722458264476
 10
281.5649686795919
 20
323.62473548443484
 10
281.52688265231325
 20
323.47763858010774
 10
281.50387357910415
 20
323.3274432829559
  0
LWPOLYLINE
  5
C6
330
17
100
AcDbEntity
  8
CORTE
100
AcDbPolyline
 90
76
 70
1
 10
277.996177564192
 20
372.1756907999748
 10
281.522977564192
 20
372.1756907999748
 10
281.522977564192
 20
368.8701407999748
 10
279.770377564192
 20
368.8701407999748
 10
279.770377564192
 20
366.3872907999748
 10
281.522977564192
 20
366.3872907999748
 10
281.522977564192
 20
365.5490907999748
 10
284.46937756419203
 20
365.5490907999748
 10
284.46937756419203
 20
366.3872907999748
 10
286.221977564192
 20
366.3872907999748
 10
286.221977564192
 20
368.8701407999748
 10
284.46937756419203
 20
368.8701407999748
 10
284.46937756419203
 20
372.1756907999748
 10
287.996177564192
 20
372.1756907999748
 10
287.996177564192
 20
375.1756907999748
 10
292.996177564192
 20
375.1756907999748
 10
292.996177564192
 20
340.1756907999748
 10
292.9883116392811
 20
339.8953385637888
 10
292.9647386136582
 20
339.61586841945825
 10
292.92553265678316
 20
339.3381596834511
 10
292.8708171251011
 20
339.0630861301932
 10
292.8007641739175
 20
338.79151324285056
 10
292.71559421573386
 20
338.52429549019894
 10
292.61557522674843
 20
338.26227363814934
 10
292.5010219037041
 20
338.006272104387
 10
292.3722946737358
 20
337.7570963644486
 10
292.22979856033345
 20
337.5155304173981
 10
292.0739819089883
 20
337.28233431907574
 10
291.9053349765322
 20
337.0582417906811
 10
291.72438838860785
 20
336.8439579102148
 10
291.5317114701247
 20
336.6401568940421
 10
291.32791045395203
 20
336.44747997555896
 10
291.1136265734857
 20
336.26653338763464
 10
290.88953404509107
 20
336.0978864551785
 10
290.6563379467687
 20
335.94206980383336
 10
290.4147719997182
 20
335.79957369043103
 10
290.1655962597798
 20
335.6708464604627
 10
289.9095947260175
 20
335.5562931374184
 10
289.6475728739679
 20
335.45627414843295
 10
289.38035512131626
 20
335.3711041902493
 10
289.1087822339736
 20
335.3010512390657
 10
288.83370868071574
 20
335.24633570738365
 10
288.55599994470856
 20
335.2071297505086
 10
288.276529800378
 20
335.1835567248857
 10
287.99617756419207
 20
335.1756907999748
 10
277.996177564192
 20
335.1756907999748
 10
277.7158253280061
 20
335.1835567248857
 10
277.43635518367546
 20
335.2071297505086
 10
277.15864644766833
 20
335.2463357073836
 10
276.88357289441046
 20
335.30105123906566
 10
276.61200000706776
 20
335.3711041902493
 10
276.3447822544162
 20
335.45627414843295
 10
276.0827604023666
 20
335.5562931374184
 10
275.82675886860426
 20
335.6708464604627
 10
275.5775831286658
 20
335.79957369043103
 10
275.3360171816153
 20
335.94206980383336
 10
275.102821083293
 20
336.09788645517847
 10
274.8787285548984
 20
336.26653338763464
 10
274.664444674432
 20
336.44747997555896
 10
274.4606436582593
 20
336.64015689404204
 10
274.26796673977617
 20
336.8439579102148
 10
274.08702015185185
 20
337.0582417906811
 10
273.91837321939573
 20
337.28233431907574
 10
273.76255656805057
 20
337.5155304173981
 10
273.62006045464824
 20
337.7570963644486
 10
273.4913332246799
 20
338.006272104387
 10
273.3767799016356
 20
338.26227363814934
 10
273.27676091265016
 20
338.52429549019894
 10
273.1915909544665
 20
338.79151324285056
 10
273.12153800328286
 20
339.06308613019326
 10
273.06682247160086
 20
339.3381596834511
 10
273.0276165147258
 20
339.61586841945825
 10
273.0040434891029
 20
339.89533856378887
 10
272.996177564192
 20
340.1756907999748
 10
272.996177564192
 20
375.1756907999748
 10
277.996177564192
 20
375.1756907999748
  0
LWPOLYLINE
  5
C7
330
17
100
AcDbEntity
  8
CORTE
100
AcDbPolyline
 90
62
 70
1
 10
282.996177564192
 20
348.6756907999748
 10
282.8444250812109
 20
348.66799478506266
 10
282.694229784059
 20
348.64498571185356
 10
282.547132879732
 20
348.6068996845749
 10
282.40464378152205
 20
348.55412751740516
 10
282.2682246203954
 20
348.4872107241917
 10
282.1392752415498
 20
348.4068359617857
 10
282.01911884010866
 20
348.313827984014
 10
281.90898838334834
 20
348.2091411785883
 10
281.8100139587855
 20
348.0938497737963
 10
281.7232111779499
 20
347.9691368154653
 10
281.6494707548359
 20
347.83628202731126
 10
281.5895493659714
 20
347.69664867924206
 10
281.5440618858927
 20
347.5516695983629
 10
281.51347507769987
 20
347.40283246623164
 10
281.4981028034354
 20
347.2516645532329
 10
281.4981028034354
 20
347.09971704671676
 10
281.51347507769987
 20
346.94854913371796
 10
281.5440618858927
 20
346.7997120015867
 10
281.5895493659714
 20
346.6547329207076
 10
281.6494707548359
 20
346.51509957263835
 10
281.7232111779499
 20
346.3822447844844
 10
281.8100139587855
 20
346.2575318261533
 10
281.90898838334834
 20
346.1422404213613
 10
282.01911884010866
 20
346.0375536159356
 10
282.1392752415498
 20
345.9445456381639
 10
282.26822462039536
 20
345.8641708757579
 10
282.40464378152205
 20
345.79725408254444
 10
282.547132879732
 20
345.7444819153747
 10
282.694229784059
 20
345.70639588809604
 10
282.8444250812109
 20
345.68338681488694
 10
282.996177564192
 20
345.6756907999748
 10
283.14793004717313
 20
345.68338681488694
 10
283.298125344325
 20
345.70639588809604
 10
283.44522224865204
 20
345.7444819153747
 10
283.58771134686197
 20
345.79725408254444
 10
283.7241305079886
 20
345.8641708757579
 10
283.8530798868342
 20
345.9445456381639
 10
283.97323628827536
 20
346.0375536159356
 10
284.0833667450357
 20
346.1422404213613
 10
284.18234116959854
 20
346.2575318261533
 10
284.2691439504341
 20
346.3822447844844
 10
284.34288437354815
 20
346.51509957263835
 10
284.40280576241264
 20
346.6547329207076
 10
284.44829324249133
 20
346.7997120015867
 10
284.47888005068415
 20
346.94854913371796
 10
284.4942523249486
 20
347.09971704671676
 10
284.4942523249486
 20
347.2516645532329
 10
284.47888005068415
 20
347.40283246623164
 10
284.44829324249133
 20
347.5516695983629
 10
284.40280576241264
 20
347.69664867924206
 10
284.34288437354815
 20
347.83628202731126
 10
284.2691439504341
 20
347.9691368154653
 10
284.18234116959854
 20
348.0938497737963
 10
284.0833667450357
 20
348.2091411785883
 10
283.97323628827536
 20
348.313827984014
 10
283.85307988683417
 20
348.4068359617857
 10
283.7241305079886
 20
348.4872107241917
 10
283.58771134686197
 20
348.55412751740516
 10
283.44522224865204
 20
348.6068996845749
 10
283.298125344325
 20
348.64498571185356
 10
283.14793004717313
 20
348.66799478506266
  0
LWPOLYLINE
  5
C8
330
17
100
AcDbEntity
  8
CORTE
100
AcDbPolyline
 90
174
 70
1
 10
178.69633627007082
 20
166.75834261322606
 10
178.4787583050996
 20
166.91325077482367
 10
178.27075382504094
 20
167.08079433825148
 10
178.07305558817342
 20
167.26038308096673
 10
177.88636004593738
 20
167.45138434766346
 10
177.71132488947538
 20
167.65312527899096
 10
177.5485667327176
 20
167.864895181903
 10
177.39865894017402
 20
168.08594803328762
 10
177.2621296070855
 20
168.31550510805766
 10
177.13945969904995
 20
168.55275772244389
 10
177.03108135767604
 20
168.79687008282656
 10
176.93737637823494
 20
169.04698223006957
 10
176.85867486467166
 20
169.30221306898488
 10
176.7952540667145
 20
169.56166347225502
 10
176.74733740317993
 20
169.82441944787934
 10
176.71509367491237
 20
170.08955535898525
 10
176.69863647013273
 20
170.3561371846625
 10
176.69802376428956
 20
170.62322581033217
 10
176.71325771582332
 20
170.88988033606017
 10
176.74428465856252
 20
171.1551613911599
 10
176.7909952907789
 20
171.41813444340767
 10
176.85322506023567
 20
171.67787309121334
 10
176.9307547438722
 20
171.93346232714825
 10
177.0233112200831
 20
172.18400176133372
 10
177.13056843087114
 20
172.42860879333514
 10
177.2521485304845
 20
172.66642172138694
 10
177.38762321649205
 20
172.89660277799612
 10
177.5365152386072
 20
173.11834108122997
 10
177.6983000799455
 20
173.33085549129123
 10
177.8724078047931
 20
173.53339736231783
 10
178.05822506637634
 20
173.72525317971278
 10
178.25509726756007
 20
173.90574707371374
 10
178.46233086686289
 20
174.07424320034744
 10
178.67919582166527
 20
174.230147981381
 10
178.9049281600041
 20
174.37291219537966
 10
179.1387326718934
 20
174.50203291250426
 10
179.3797857106905
 20
174.6170552662328
 10
179.62723809463878
 20
174.7175740557643
 10
179.88021809836556
 20
174.80323517346045
 10
180.13783452379664
 20
174.87373685229628
 10
180.39917983966933
 20
174.92883072892494
 10
180.66333337858393
 20
174.96832271861228
 10
180.92936458033128
 20
174.99207369895885
 10
181.1963362700708
 20
175.00000000000003
 10
181.4633079598103
 20
174.99207369895885
 10
181.72933916155765
 20
174.9683227186123
 10
181.99349270047222
 20
174.92883072892494
 10
182.2548380163449
 20
174.8737368522963
 10
182.51245444177601
 20
174.80323517346048
 10
182.7654344455028
 20
174.7175740557643
 10
183.01288682945108
 20
174.61705526623282
 10
183.25393986824818
 20
174.5020329125043
 10
183.48774438013749
 20
174.3729121953797
 10
183.7134767184763
 20
174.23014798138104
 10
183.9303416732787
 20
174.0742432003475
 10
184.1375752725815
 20
173.90574707371377
 10
184.33444747376524
 20
173.7252531797128
 10
184.52026473534846
 20
173.53339736231788
 10
184.69437246019606
 20
173.3308554912913
 10
184.8561573015344
 20
173.11834108123
 10
185.00504932364956
 20
172.89660277799615
 10
185.1405240096571
 20
172.66642172138697
 10
185.26210410927047
 20
172.42860879333517
 10
185.3693613200585
 20
172.18400176133377
 10
185.46191779626938
 20
171.93346232714828
 10
185.5394474799059
 20
171.6778730912134
 10
185.6016772493627
 20
171.41813444340772
 10
185.64838788157908
 20
171.15516139115994
 10
185.67941482431826
 20
170.88988033606023
 10
185.69464877585204
 20
170.6232258103322
 10
185.6940360700089
 20
170.35613718466254
 10
185.67757886522924
 20
170.0895553589853
 10
185.64533513696168
 20
169.8244194478794
 10
185.5974184734271
 20
169.56166347225508
 10
185.53399767546995
 20
169.30221306898494
 10
185.45529616190666
 20
169.04698223006963
 10
185.3615911824656
 20
168.79687008282662
 10
185.25321284109168
 20
168.55275772244394
 10
185.1305429330561
 20
168.3155051080577
 10
184.99401359996762
 20
168.08594803328765
 10
184.844105807424
 20
167.86489518190305
 10
184.68134765066623
 20
167.65312527899098
 10
184.50631249420425
 20
167.4513843476635
 10
184.3196169519682
 20
167.26038308096676
 10
184.1219187151007
 20
167.08079433825154
 10
183.91391423504203
 20
166.91325077482372
 10
183.69633627007082
 20
166.7583426132261
 10
183.69633627007082
 20
134.2416573867739
 10
183.91391423504203
 20
134.08674922517633
 10
184.1219187151007
 20
133.91920566174852
 10
184.3196169519682
 20
133.73961691903327
 10
184.50631249420425
 20
133.54861565233657
 10
184.68134765066625
 20
133.34687472100904
 10
184.844105807424
 20
133.135104818097
 10
184.99401359996762
 20
132.9140519667124
 10
185.1305429330561
 20
132.68449489194234
 10
185.25321284109168
 20
132.44724227755611
 10
185.3615911824656
 20
132.20312991717344
 10
185.45529616190666
 20
131.95301776993043
 10
185.53399767546998
 20
131.69778693101512
 10
185.5974184734271
 20
131.43833652774498
 10
185.6453351369617
 20
131.17558055212066
 10
185.67757886522924
 20
130.91044464101475
 10
185.6940360700089
 20
130.6438628153375
 10
185.69464877585204
 20
130.37677418966783
 10
185.6794148243183
 20
130.11011966393983
 10
185.64838788157908
 20
129.8448386088401
 10
185.6016772493627
 20
129.58186555659233
 10
185.53944747990593
 20
129.32212690878666
 10
185.4619177962694
 20
129.06653767285175
 10
185.36936132005852
 20
128.81599823866628
 10
185.26210410927047
 20
128.57139120666486
 10
185.1405240096571
 20
128.33357827861306
 10
185.00504932364956
 20
128.10339722200388
 10
184.85615730153444
 20
127.88165891877003
 10
184.6943724601961
 20
127.66914450870875
 10
184.52026473534846
 20
127.46660263768217
 10
184.33444747376524
 20
127.27474682028723
 10
184.13757527258153
 20
127.09425292628626
 10
183.9303416732787
 20
126.92575679965256
 10
183.7134767184763
 20
126.76985201861899
 10
183.48774438013749
 20
126.62708780462034
 10
183.2539398682482
 20
126.49796708749574
 10
183.0128868294511
 20
126.38294473376723
 10
182.76543444550282
 20
126.28242594423574
 10
182.51245444177601
 20
126.19676482653955
 10
182.25483801634493
 20
126.12626314770372
 10
181.99349270047225
 20
126.07116927107509
 10
181.72933916155768
 20
126.03167728138773
 10
181.46330795981032
 20
126.00792630104118
 10
181.19633627007082
 20
126.00000000000001
 10
180.9293645803313
 20
126.00792630104118
 10
180.66333337858396
 20
126.03167728138774
 10
180.39917983966936
 20
126.07116927107509
 10
180.13783452379667
 20
126.12626314770372
 10
179.8802180983656
 20
126.19676482653955
 10
179.6272380946388
 20
126.28242594423574
 10
179.37978571069053
 20
126.38294473376723
 10
179.13873267189342
 20
126.49796708749574
 10
178.90492816000412
 20
126.62708780462034
 10
178.6791958216653
 20
126.76985201861899
 10
178.4623308668629
 20
126.92575679965256
 10
178.2550972675601
 20
127.09425292628626
 10
178.05822506637637
 20
127.27474682028723
 10
177.87240780479314
 20
127.46660263768217
 10
177.69830007994554
 20
127.66914450870877
 10
177.5365152386072
 20
127.88165891877003
 10
177.38762321649205
 20
128.10339722200388
 10
177.2521485304845
 20
128.3335782786131
 10
177.13056843087114
 20
128.57139120666488
 10
177.02331122008312
 20
128.81599823866628
 10
176.93075474387223
 20
129.06653767285178
 10
176.85322506023567
 20
129.32212690878666
 10
176.7909952907789
 20
129.58186555659233
 10
176.74428465856255
 20
129.84483860884012
 10
176.71325771582335
 20
130.11011966393983
 10
176.69802376428956
 20
130.37677418966786
 10
176.69863647013273
 20
130.6438628153375
 10
176.71509367491237
 20
130.91044464101475
 10
176.74733740317993
 20
131.17558055212066
 10
176.7952540667145
 20
131.43833652774498
 10
176.85867486467166
 20
131.69778693101512
 10
176.93737637823494
 20
131.95301776993043
 10
177.03108135767604
 20
132.20312991717344
 10
177.13945969904995
 20
132.44724227755611
 10
177.2621296070855
 20
132.68449489194236
 10
177.39865894017402
 20
132.9140519667124
 10
177.5485667327176
 20
133.135104818097
 10
177.71132488947538
 20
133.34687472100904
 10
177.88636004593738
 20
133.54861565233657
 10
178.07305558817342
 20
133.73961691903327
 10
178.27075382504094
 20
133.91920566174852
 10
178.4787583050996
 20
134.08674922517633
 10
178.6963362700708
 20
134.24165738677397
  0
LWPOLYLINE
  5
C9
330
17
100
AcDbEntity
  8
CORTE
100
AcDbPolyline
 90
62
 70
1
 10
181.1963362700708
 20
169.00000000000003
 10
181.34808875305194
 20
169.00769601491217
 10
181.49828405020378
 20
169.03070508812127
 10
181.64538095453082
 20
169.06879111539993
 10
181.78787005274077
 20
169.12156328256967
 10
181.9242892138674
 20
169.18848007578313
 10
182.05323859271297
 20
169.2688548381891
 10
182.17339499415414
 20
169.36186281596082
 10
182.28352545091448
 20
169.4665496213865
 10
182.38249987547735
 20
169.58184102617852
 10
182.46930265631292
 20
169.70655398450958
 10
182.54304307942692
 20
169.83940877266357
 10
182.60296446829142
 20
169.97904212073277
 10
182.6484519483701
 20
170.12402120161192
 10
182.67903875656296
 20
170.27285833374316
 10
182.69441103082738
 20
170.42402624674196
 10
182.69441103082738
 20
170.5759737532581
 10
182.67903875656296
 20
170.72714166625687
 10
182.6484519483701
 20
170.8759787983881
 10
182.60296446829142
 20
171.02095787926726
 10
182.54304307942692
 20
171.16059122733648
 10
182.46930265631292
 20
171.29344601549047
 10
182.38249987547735
 20
171.4181589738215
 10
182.28352545091448
 20
171.53345037861357
 10
182.17339499415414
 20
171.6381371840392
 10
182.053238592713
 20
171.73114516181093
 10
181.9242892138674
 20
171.8115199242169
 10
181.78787005274077
 20
171.87843671743036
 10
181.64538095453082
 20
171.9312088846001
 10
181.49828405020378
 20
171.96929491187876
 10
181.34808875305194
 20
171.99230398508786
 10
181.1963362700708
 20
172.00000000000003
 10
181.04458378708966
 20
171.99230398508786
 10
180.8943884899378
 20
171.96929491187876
 10
180.74729158561075
 20
171.9312088846001
 10
180.60480248740083
 20
171.87843671743036
 10
180.4683833262742
 20
171.8115199242169
 10
180.3394339474286
 20
171.73114516181093
 10
180.21927754598747
 20
171.6381371840392
 10
180.10914708922712
 20
171.53345037861354
 10
180.01017266466425
 20
171.4181589738215
 10
179.92336988382868
 20
171.29344601549045
 10
179.84962946071468
 20
171.16059122733645
 10
179.78970807185019
 20
171.02095787926723
 10
179.7442205917715
 20
170.87597879838808
 10
179.71363378357864
 20
170.72714166625687
 10
179.69826150931422
 20
170.57597375325807
 10
179.69826150931422
 20
170.42402624674193
 10
179.71363378357864
 20
170.27285833374313
 10
179.7442205917715
 20
170.12402120161192
 10
179.78970807185019
 20
169.97904212073277
 10
179.84962946071468
 20
169.83940877266355
 10
179.92336988382868
 20
169.70655398450955
 10
180.01017266466425
 20
169.58184102617852
 10
180.10914708922712
 20
169.46654962138646
 10
180.21927754598747
 20
169.36186281596082
 10
180.3394339474286
 20
169.2688548381891
 10
180.4683833262742
 20
169.18848007578313
 10
180.60480248740083
 20
169.12156328256967
 10
180.74729158561075
 20
169.06879111539996
 10
180.8943884899378
 20
169.03070508812127
 10
181.04458378708966
 20
169.00769601491217
  0
LWPOLYLINE
  5
CA
330
17
100
AcDbEntity
  8
CORTE
100
AcDbPolyline
 90
62
 70
1
 10
181.1963362700708
 20
129.0
 10
181.34808875305194
 20
129.00769601491217
 10
181.49828405020378
 20
129.03070508812127
 10
181.64538095453082
 20
129.06879111539993
 10
181.78787005274077
 20
129.12156328256967
 10
181.9242892138674
 20
129.18848007578313
 10
182.053238592713
 20
129.2688548381891
 10
182.17339499415414
 20
129.36186281596082
 10
182.28352545091448
 20
129.4665496213865
 10
182.38249987547735
 20
129.58184102617852
 10
182.46930265631292
 20
129.70655398450955
 10
182.54304307942692
 20
129.83940877266355
 10
182.60296446829142
 20
129.97904212073277
 10
182.6484519483701
 20
130.12402120161192
 10
182.679038756563
 20
130.27285833374316
 10
182.69441103082738
 20
130.42402624674193
 10
182.69441103082738
 20
130.57597375325807
 10
182.679038756563
 20
130.72714166625687
 10
182.6484519483701
 20
130.8759787983881
 10
182.60296446829142
 20
131.02095787926726
 10
182.54304307942692
 20
131.16059122733645
 10
182.46930265631295
 20
131.29344601549045
 10
182.38249987547735
 20
131.4181589738215
 10
182.28352545091448
 20
131.53345037861354
 10
182.17339499415414
 20
131.6381371840392
 10
182.053238592713
 20
131.73114516181093
 10
181.92428921386744
 20
131.8115199242169
 10
181.7878700527408
 20
131.87843671743036
 10
181.64538095453085
 20
131.9312088846001
 10
181.4982840502038
 20
131.96929491187876
 10
181.34808875305197
 20
131.99230398508786
 10
181.19633627007082
 20
132.0
 10
181.04458378708966
 20
131.99230398508786
 10
180.89438848993782
 20
131.96929491187876
 10
180.74729158561078
 20
131.9312088846001
 10
180.60480248740083
 20
131.87843671743036
 10
180.4683833262742
 20
131.8115199242169
 10
180.33943394742863
 20
131.73114516181093
 10
180.21927754598747
 20
131.6381371840392
 10
180.10914708922712
 20
131.53345037861354
 10
180.01017266466425
 20
131.4181589738215
 10
179.92336988382868
 20
131.29344601549045
 10
179.8496294607147
 20
131.16059122733645
 10
179.78970807185019
 20
131.02095787926726
 10
179.7442205917715
 20
130.8759787983881
 10
179.71363378357864
 20
130.72714166625687
 10
179.69826150931422
 20
130.5759737532581
 10
179.69826150931422
 20
130.42402624674193
 10
179.71363378357864
 20
130.27285833374316
 10
179.7442205917715
 20
130.12402120161192
 10
179.78970807185019
 20
129.97904212073277
 10
179.8496294607147
 20
129.83940877266355
 10
179.92336988382868
 20
129.70655398450958
 10
180.01017266466425
 20
129.58184102617852
 10
180.10914708922712
 20
129.4665496213865
 10
180.21927754598747
 20
129.36186281596082
 10
180.33943394742863
 20
129.2688548381891
 10
180.4683833262742
 20
129.18848007578313
 10
180.60480248740083
 20
129.12156328256967
 10
180.74729158561078
 20
129.06879111539993
 10
180.89438848993782
 20
129.03070508812127
 10
181.04458378708966
 20
129.00769601491217
  0
LWPOLYLINE
  5
CB
330
17
100
AcDbEntity
  8
CORTE
100
AcDbPolyline
 90
174
 70
1
 10
354.8461880132141
 20
373.9927208634546
 10
355.0010961748117
 20
374.21029882842583
 10
355.1686397382395
 20
374.4183033084845
 10
355.3482284809548
 20
374.616001545352
 10
355.5392297476515
 20
374.80269708758806
 10
355.740970678979
 20
374.97773224405006
 10
355.952740581891
 20
375.14049040080783
 10
356.17379343327565
 20
375.2903981933514
 10
356.4033505080457
 20
375.4269275264399
 10
356.6406031224319
 20
375.54959743447546
 10
356.8847154828146
 20
375.6579757758494
 10
357.1348276300576
 20
375.75168075529047
 10
357.39005846897294
 20
375.8303822688538
 10
357.6495088722431
 20
375.8938030668109
 10
357.9122648478674
 20
375.9417197303455
 10
358.1774007589733
 20
375.97396345861307
 10
358.44398258465054
 20
375.9904206633927
 10
358.7110712103202
 20
375.9910333692359
 10
358.9777257360482
 20
375.9757994177021
 10
359.24300679114793
 20
375.9447724749629
 10
359.5059798433957
 20
375.89806184274653
 10
359.76571849120137
 20
375.83583207328974
 10
360.0213077271363
 20
375.75830238965324
 10
360.2718471613218
 20
375.6657459134423
 10
360.51645419332317
 20
375.5584887026543
 10
360.754267121375
 20
375.43690860304093
 10
360.9844481779842
 20
375.30143391703336
 10
361.206186481218
 20
375.1525418949183
 10
361.4187008912793
 20
374.9907570535799
 10
361.6212427623059
 20
374.8166493287323
 10
361.8130985797008
 20
374.6308320671491
 10
361.99359247370177
 20
374.43395986596533
 10
362.1620886003355
 20
374.2267262666625
 10
362.31799338136904
 20
374.00986131186016
 10
362.4607575953677
 20
373.7841289735213
 10
362.5898783124923
 20
373.55032446163204
 10
362.70490066622085
 20
373.3092714228349
 10
362.8054194557523
 20
373.06181903888665
 10
362.8910805734485
 20
372.80883903515985
 10
362.9615822522843
 20
372.55122260972877
 10
363.016676128913
 20
372.2898772938561
 10
363.05616811860034
 20
372.0257237549415
 10
363.0799190989469
 20
371.75969255319416
 10
363.08784539998805
 20
371.4927208634546
 10
363.0799190989469
 20
371.22574917371514
 10
363.05616811860034
 20
370.9597179719678
 10
363.016676128913
 20
370.6955644330532
 10
362.96158225228436
 20
370.43421911718053
 10
362.8910805734485
 20
370.1766026917494
 10
362.8054194557523
 20
369.92362268802265
 10
362.70490066622085
 20
369.67617030407433
 10
362.5898783124923
 20
369.43511726527726
 10
362.46075759536774
 20
369.2013127533879
 10
362.3179933813691
 20
368.97558041504914
 10
362.16208860033555
 20
368.7587154602467
 10
361.9935924737018
 20
368.5514818609439
 10
361.81309857970086
 20
368.3546096597602
 10
361.62124276230594
 20
368.16879239817695
 10
361.41870089127934
 20
367.99468467332935
 10
361.206186481218
 20
367.832899831991
 10
360.9844481779842
 20
367.6840078098759
 10
360.754267121375
 20
367.5485331238683
 10
360.5164541933232
 20
367.42695302425494
 10
360.27184716132183
 20
367.3196958134669
 10
360.02130772713633
 20
367.22713933725606
 10
359.7657184912014
 20
367.1496096536195
 10
359.5059798433958
 20
367.0873798841627
 10
359.243006791148
 20
367.0406692519464
 10
358.9777257360483
 20
367.00964230920715
 10
358.71107121032026
 20
366.99440835767336
 10
358.4439825846506
 20
366.99502106351656
 10
358.17740075897336
 20
367.0114782682962
 10
357.91226484786745
 20
367.04372199656376
 10
357.64950887224313
 20
367.09163866009834
 10
357.390058468973
 20
367.15505945805546
 10
357.13482763005766
 20
367.2337609716188
 10
356.88471548281467
 20
367.3274659510598
 10
356.64060312243197
 20
367.4358442924337
 10
356.4033505080457
 20
367.55851420046935
 10
356.1737934332757
 20
367.6950435335578
 10
355.9527405818911
 20
367.8449513261014
 10
355.740970678979
 20
368.0077094828592
 10
355.5392297476515
 20
368.1827446393212
 10
355.3482284809548
 20
368.36944018155725
 10
355.16863973823956
 20
368.56713841842475
 10
355.0010961748118
 20
368.7751428984834
 10
354.84618801321415
 20
368.9927208634546
 10
322.32950278676196
 20
368.9927208634546
 10
322.1745946251644
 20
368.7751428984834
 10
322.00705106173655
 20
368.56713841842475
 10
321.8274623190213
 20
368.36944018155725
 10
321.6364610523246
 20
368.1827446393212
 10
321.4347201209971
 20
368.0077094828592
 10
321.22295021808503
 20
367.8449513261014
 10
321.0018973667004
 20
367.6950435335578
 10
320.7723402919304
 20
367.55851420046935
 10
320.53508767754414
 20
367.4358442924337
 10
320.2909753171615
 20
367.3274659510598
 10
320.04086316991845
 20
367.2337609716188
 10
319.78563233100317
 20
367.15505945805546
 10
319.526181927733
 20
367.09163866009834
 10
319.2634259521087
 20
367.0437219965637
 10
318.99829004100275
 20
367.0114782682962
 10
318.73170821532557
 20
366.9950210635165
 10
318.46461958965585
 20
366.99440835767336
 10
318.1979650639279
 20
367.00964230920715
 10
317.9326840088281
 20
367.0406692519463
 10
317.6697109565804
 20
367.0873798841627
 10
317.4099723087747
 20
367.1496096536195
 10
317.1543830728398
 20
367.227139337256
 10
316.9038436386543
 20
367.3196958134669
 10
316.6592366066529
 20
367.42695302425494
 10
316.4214236786011
 20
367.5485331238683
 10
316.19124262199193
 20
367.6840078098759
 10
315.9695043187581
 20
367.83289983199097
 10
315.7569899086968
 20
367.99468467332935
 10
315.5544480376702
 20
368.16879239817695
 10
315.36259222027525
 20
368.3546096597602
 10
315.1820983262743
 20
368.5514818609439
 10
315.0136021996406
 20
368.7587154602467
 10
314.857697418607
 20
368.97558041504914
 10
314.71493320460837
 20
369.2013127533879
 10
314.5858124874838
 20
369.4351172652772
 10
314.47079013375526
 20
369.67617030407433
 10
314.3702713442238
 20
369.9236226880226
 10
314.2846102265276
 20
370.1766026917494
 10
314.21410854769175
 20
370.4342191171805
 10
314.1590146710631
 20
370.69556443305316
 10
314.11952268137577
 20
370.95971797196773
 10
314.0957717010292
 20
371.2257491737151
 10
314.08784539998805
 20
371.4927208634546
 10
314.0957717010292
 20
371.7596925531941
 10
314.11952268137577
 20
372.0257237549415
 10
314.1590146710631
 20
372.2898772938561
 10
314.21410854769175
 20
372.55122260972877
 10
314.2846102265276
 20
372.80883903515985
 10
314.3702713442238
 20
373.0618190388866
 10
314.47079013375526
 20
373.3092714228349
 10
314.5858124874838
 20
373.550324461632
 10
314.71493320460837
 20
373.7841289735213
 10
314.857697418607
 20
374.0098613118601
 10
315.0136021996406
 20
374.2267262666625
 10
315.1820983262743
 20
374.43395986596533
 10
315.3625922202753
 20
374.6308320671491
 10
315.5544480376702
 20
374.8166493287323
 10
315.7569899086968
 20
374.9907570535799
 10
315.9695043187581
 20
375.1525418949182
 10
316.19124262199193
 20
375.30143391703336
 10
316.4214236786011
 20
375.43690860304093
 10
316.65923660665294
 20
375.5584887026543
 10
316.90384363865434
 20
375.6657459134423
 10
317.1543830728398
 20
375.7583023896532
 10
317.4099723087747
 20
375.83583207328974
 10
317.6697109565804
 20
375.89806184274653
 10
317.9326840088281
 20
375.94477247496286
 10
318.1979650639279
 20
375.9757994177021
 10
318.46461958965585
 20
375.9910333692359
 10
318.73170821532557
 20
375.9904206633927
 10
318.9982900410028
 20
375.97396345861307
 10
319.2634259521087
 20
375.9417197303455
 10
319.52618192773303
 20
375.8938030668109
 10
319.78563233100317
 20
375.8303822688538
 10
320.04086316991845
 20
375.75168075529047
 10
320.2909753171615
 20
375.6579757758494
 10
320.53508767754414
 20
375.54959743447546
 10
320.7723402919304
 20
375.4269275264399
 10
321.00189736670046
 20
375.2903981933514
 10
321.22295021808503
 20
375.14049040080783
 10
321.4347201209971
 20
374.97773224405006
 10
321.6364610523246
 20
374.80269708758806
 10
321.8274623190213
 20
374.616001545352
 10
322.00705106173655
 20
374.4183033084845
 10
322.1745946251644
 20
374.21029882842583
 10
322.32950278676196
 20
373.9927208634546
  0
LWPOLYLINE
  5
CC
330
17
100
AcDbEntity
  8
CORTE
100
AcDbPolyline
 90
62
 70
1
 10
357.08784539998805
 20
371.4927208634546
 10
357.0955414149002
 20
371.3409683804735
 10
357.1185504881093
 20
371.19077308332163
 10
357.15663651538796
 20
371.0436761789946
 10
357.2094086825577
 20
370.90118708078467
 10
357.27632547577116
 20
370.764767919658
 10
357.35670023817715
 20
370.63581854081247
 10
357.4497082159489
 20
370.5156621393713
 10
357.55439502137455
 20
370.40553168261096
 10
357.66968642616655
 20
370.3065572580481
 10
357.79439938449764
 20
370.2197544772125
 10
357.9272541726516
 20
370.1460140540985
 10
358.0668875207208
 20
370.086092665234
 10
358.2118666016
 20
370.0406051851553
 10
358.3607037337312
 20
370.0100183769625
 10
358.51187164673
 20
369.994646102698
 10
358.66381915324615
 20
369.994646102698
 10
358.8149870662449
 20
370.0100183769625
 10
358.96382419837613
 20
370.0406051851553
 10
359.1088032792553
 20
370.086092665234
 10
359.2484366273245
 20
370.1460140540985
 10
359.38129141547853
 20
370.2197544772125
 10
359.50600437380956
 20
370.3065572580481
 10
359.6212957786016
 20
370.40553168261096
 10
359.72598258402724
 20
370.5156621393713
 10
359.81899056179896
 20
370.6358185408124
 10
359.89936532420495
 20
370.764767919658
 10
359.9662821174184
 20
370.90118708078467
 10
360.01905428458815
 20
371.0436761789946
 10
360.0571403118668
 20
371.19077308332163
 10
360.0801493850759
 20
371.3409683804735
 10
360.08784539998805
 20
371.4927208634546
 10
360.0801493850759
 20
371.6444733464358
 10
360.0571403118668
 20
371.7946686435876
 10
360.01905428458815
 20
371.94176554791466
 10
359.9662821174184
 20
372.0842546461246
 10
359.89936532420495
 20
372.2206738072513
 10
359.81899056179896
 20
372.34962318609684
 10
359.72598258402724
 20
372.46977958753797
 10
359.62129577860156
 20
372.5799100442983
 10
359.50600437380956
 20
372.67888446886116
 10
359.3812914154785
 20
372.7656872496967
 10
359.2484366273245
 20
372.83942767281076
 10
359.10880327925526
 20
372.89934906167525
 10
358.96382419837613
 20
372.94483654175394
 10
358.8149870662449
 20
372.97542334994677
 10
358.6638191532461
 20
372.9907956242112
 10
358.51187164672996
 20
372.9907956242112
 10
358.36070373373116
 20
372.97542334994677
 10
358.2118666016
 20
372.94483654175394
 10
358.0668875207208
 20
372.89934906167525
 10
357.9272541726516
 20
372.83942767281076
 10
357.7943993844976
 20
372.7656872496967
 10
357.66968642616655
 20
372.67888446886116
 10
357.5543950213745
 20
372.5799100442983
 10
357.4497082159489
 20
372.46977958753797
 10
357.35670023817715
 20
372.34962318609684
 10
357.27632547577116
 20
372.2206738072513
 10
357.2094086825577
 20
372.0842546461246
 10
357.156636515388
 20
371.94176554791466
 10
357.1185504881093
 20
371.7946686435876
 10
357.0955414149002
 20
371.64447334643575
  0
LWPOLYLINE
  5
CD
330
17
100
AcDbEntity
  8
CORTE
100
AcDbPolyline
 90
62
 70
1
 10
317.08784539998805
 20
371.4927208634546
 10
317.0955414149002
 20
371.3409683804735
 10
317.1185504881093
 20
371.19077308332163
 10
317.15663651538796
 20
371.0436761789946
 10
317.2094086825577
 20
370.90118708078467
 10
317.27632547577116
 20
370.764767919658
 10
317.35670023817715
 20
370.6358185408124
 10
317.4497082159489
 20
370.5156621393713
 10
317.5543950213745
 20
370.40553168261096
 10
317.66968642616655
 20
370.3065572580481
 10
317.7943993844976
 20
370.2197544772125
 10
317.9272541726516
 20
370.1460140540985
 10
318.0668875207208
 20
370.086092665234
 10
318.2118666016
 20
370.0406051851553
 10
318.36070373373116
 20
370.0100183769624
 10
318.51187164672996
 20
369.994646102698
 10
318.6638191532461
 20
369.994646102698
 10
318.8149870662449
 20
370.0100183769624
 10
318.96382419837613
 20
370.0406051851553
 10
319.1088032792553
 20
370.086092665234
 10
319.2484366273245
 20
370.1460140540985
 10
319.3812914154785
 20
370.21975447721246
 10
319.50600437380956
 20
370.3065572580481
 10
319.62129577860156
 20
370.40553168261096
 10
319.72598258402724
 20
370.5156621393713
 10
319.81899056179896
 20
370.6358185408124
 10
319.89936532420495
 20
370.76476791965797
 10
319.9662821174184
 20
370.90118708078467
 10
320.01905428458815
 20
371.0436761789946
 10
320.0571403118668
 20
371.19077308332163
 10
320.0801493850759
 20
371.34096838047344
 10
320.08784539998805
 20
371.4927208634546
 10
320.0801493850759
 20
371.64447334643575
 10
320.0571403118668
 20
371.7946686435876
 10
320.01905428458815
 20
371.94176554791466
 10
319.9662821174184
 20
372.0842546461246
 10
319.89936532420495
 20
372.2206738072512
 10
319.81899056179896
 20
372.3496231860968
 10
319.72598258402724
 20
372.46977958753797
 10
319.62129577860156
 20
372.5799100442983
 10
319.50600437380956
 20
372.67888446886116
 10
319.3812914154785
 20
372.7656872496967
 10
319.2484366273245
 20
372.83942767281076
 10
319.1088032792553
 20
372.89934906167525
 10
318.96382419837613
 20
372.94483654175394
 10
318.8149870662449
 20
372.97542334994677
 10
318.6638191532461
 20
372.9907956242112
 10
318.51187164672996
 20
372.9907956242112
 10
318.3607037337312
 20
372.97542334994677
 10
318.2118666016
 20
372.94483654175394
 10
318.0668875207208
 20
372.89934906167525
 10
317.9272541726516
 20
372.83942767281076
 10
317.79439938449764
 20
372.7656872496967
 10
317.66968642616655
 20
372.67888446886116
 10
317.55439502137455
 20
372.5799100442983
 10
317.4497082159489
 20
372.46977958753797
 10
317.35670023817715
 20
372.3496231860968
 10
317.27632547577116
 20
372.2206738072512
 10
317.2094086825577
 20
372.0842546461246
 10
317.15663651538796
 20
371.94176554791466
 10
317.1185504881093
 20
371.7946686435876
 10
317.0955414149002
 20
371.64447334643575
  0
LWPOLYLINE
  5
CE
330
17
100
AcDbEntity
  8
CORTE
100
AcDbPolyline
 90
145
 70
1
 10
315.07464091300255
 20
381.35833938489736
 10
314.9154935365817
 20
381.5523667127825
 10
314.7688260175225
 20
381.7559916872844
 10
314.63521562535095
 20
381.9684128597029
 10
314.51518823797267
 20
382.1887941603321
 10
314.40921627186736
 20
382.4162681891523
 10
314.3177168227016
 20
382.6499396298339
 10
314.24105002368
 20
382.8888887736191
 10
314.1795176280947
 20
383.1321751392079
 10
314.13336182165295
 20
383.3788411744045
 10
314.10276426925697
 20
383.627916024952
 10
314.08784539998805
 20
383.8784193557235
 10
314.0886639331089
 20
384.12936520922864
 10
314.10521664695034
 20
384.37976588624923
 10
314.13743839159144
 20
384.62863583333035
 10
314.18520234528336
 20
384.87499552182584
 10
314.24832051360806
 20
385.1178753032306
 10
314.3265444694062
 20
385.3563192256257
 10
314.41956633056344
 20
385.58938879621513
 10
314.5270199718051
 20
385.8161666751447
 10
314.64848246573086
 20
386.03576028606545
 10
314.7834757474171
 20
386.24730532922996
 10
314.9314684960355
 20
386.4499691832944
 10
315.09187822608135
 20
386.64295418243813
 10
315.264073579982
 20
386.8255007559007
 10
315.44737681306043
 20
386.99689041758097
 10
315.6410664610747
 20
387.1564485939305
 10
315.8443801798328
 20
387.3035472790118
 10
316.05651774570777
 20
387.43760750626996
 10
316.2766442052425
 20
387.55810162729085
 10
316.50389316144754
 20
387.6645553885753
 10
316.7373701838582
 20
387.7565497981562
 10
316.9761563289284
 20
387.8337227747115
 10
317.2193117569059
 20
387.8957705726819
 10
317.46587943095284
 20
387.942448977785
 10
317.7148888839526
 20
387.9735742682195
 10
317.96536003817687
 20
387.9890239377772
 10
318.21630706277915
 20
387.9887371780152
 10
318.4667422539319
 20
387.97271511759294
 10
318.7156799223358
 20
387.9410208178296
 10
318.96214027280007
 20
387.8937790245007
 10
319.2051532606235
 20
387.8311756768503
 10
319.44376240959923
 20
387.7534571757521
 10
319.677028576615
 20
387.66092941389843
 10
319.9040336480317
 20
387.55395657183567
 10
320.1238841532921
 20
387.4329596845839
 10
320.3357147815369
 20
387.2984149844828
 10
320.5386917873864
 20
387.1508520267859
 10
320.732016272484
 20
386.9908516053813
 10
345.4405136503548
 20
386.99085160538135
 10
345.62839141789385
 20
387.1466173831343
 10
345.82541877839355
 20
387.29063561902484
 10
346.0308622847831
 20
387.422370195871
 10
346.24395716034536
 20
387.54133072320496
 10
346.46391014564745
 20
387.6470743627829
 10
346.68990245149996
 20
387.7392074770791
 10
346.92109280695314
 20
387.81738709462695
 10
347.1566205909817
 20
387.88132218675236
 10
347.3956090362025
 20
387.9307747509468
 10
347.6371684926978
 20
387.9655606968472
 10
347.8803997397942
 20
387.9855505315239
 10
348.12439733347
 20
387.99066984152677
 10
348.3682529769287
 20
387.98089956989367
 10
362.4827559730514
 20
386.9833875787656
 10
362.6958215916752
 20
386.96065827715404
 10
362.9067213309236
 20
386.922778480741
 10
363.1143792839256
 20
386.86994143364035
 10
363.3177360818115
 20
386.8024166845116
 10
363.5157542980921
 20
386.72054871145514
 10
363.7074237410989
 20
386.624755164654
 10
363.8917666074864
 20
386.5155247357279
 10
364.06784247050354
 20
386.3934146646688
 10
364.2347530775899
 20
386.2590478970759
 10
364.39164693281845
 20
386.11310990619336
 10
364.53772364080976
 20
385.9563451959626
 10
364.6722379899558
 20
385.7895535029287
 10
364.7945037541239
 20
385.6135857163776
 10
364.90389719344506
 20
385.42933953751685
 10
364.9998602363284
 20
385.2377548998449
 10
365.0819033264684
 20
385.03980917407245
 10
365.1496079203207
 20
384.8365121820568
 10
365.2026286223055
 20
384.6289010451871
 10
365.24069494684625
 20
384.41803489350013
 10
365.2636126982542
 20
384.2049894625195
 10
365.27126496141943
 20
383.9908516053813
 10
365.2636126982542
 20
383.776713748243
 10
365.24069494684625
 20
383.56366831726245
 10
365.2026286223055
 20
383.3528021655755
 10
365.1496079203207
 20
383.14519102870577
 10
365.0819033264684
 20
382.9418940366901
 10
364.9998602363284
 20
382.74394831091763
 10
364.90389719344506
 20
382.55236367324574
 10
364.7945037541239
 20
382.368117494385
 10
364.6722379899558
 20
382.1921497078339
 10
364.53772364080976
 20
382.02535801479996
 10
364.3916469328185
 20
381.8685933045692
 10
364.2347530775899
 20
381.7226553136867
 10
364.06784247050354
 20
381.58828854609374
 10
363.8917666074864
 20
381.46617847503467
 10
363.7074237410989
 20
381.3569480461086
 10
363.5157542980921
 20
381.2611544993074
 10
363.3177360818115
 20
381.1792865262509
 10
363.11437928392564
 20
381.1117617771222
 10
362.9067213309236
 20
381.05892473002154
 10
362.69582159167527
 20
381.02104493360855
 10
362.48275597305144
 20
380.998315631997
 10
348.3682529769288
 20
380.000803640869
 10
348.12439733347
 20
379.9910333692359
 10
347.8803997397942
 20
379.9961526792387
 10
347.6371684926978
 20
380.01614251391544
 10
347.39560903620253
 20
380.05092845981585
 10
347.1566205909817
 20
380.1003810240103
 10
346.92109280695314
 20
380.1643161161357
 10
346.6899024515
 20
380.24249573368354
 10
346.46391014564745
 20
380.33462884797973
 10
346.2439571603454
 20
380.4403724875577
 10
346.0308622847831
 20
380.55933301489165
 10
345.82541877839355
 20
380.6910675917378
 10
345.6283914178939
 20
380.8350858276283
 10
345.44051365035483
 20
380.99085160538135
 10
320.732016272484
 20
380.9908516053813
 10
320.5378671257555
 20
380.83021134938525
 10
320.3339883081188
 20
380.68211472301937
 10
320.1211889532213
 20
380.5471494772074
 10
319.9003135976368
 20
380.4258512483774
 10
319.67223882915465
 20
380.3187014326813
 10
319.4378698078666
 20
380.22612527547886
 10
319.19813667385864
 20
380.14849018366715
 10
318.9539908557654
 20
380.08610426755246
 10
318.70640129483604
 20
380.03921511805396
 10
318.4563505994983
 20
380.00800882408953
 10
318.2048311456814
 20
379.99260923404495
 10
317.9528411383748
 20
379.99307746425677
 10
317.70138065005324
 20
380.00941165646026
 10
317.4514476516897
 20
380.04154698516425
 10
317.2040340521097
 20
380.0893559149238
 10
316.96012176140334
 20
380.15264870649
 10
316.7206787940198
 20
380.23117416982825
 10
316.48665542700985
 20
380.3246206610154
 10
316.2589804286617
 20
380.43261731906114
 10
316.03855737249967
 20
380.5547355377432
 10
315.8262610512729
 20
380.69049066661677
 10
315.6229340051662
 20
380.8393439344459
 10
315.4293831780117
 20
381.0007045874245
 10
315.2463767147716
 20
381.17393223370027
  0
LWPOLYLINE
  5
CF
330
17
100
AcDbEntity
  8
CORTE
100
AcDbPolyline
 90
62
 70
1
 10
316.95690594326305
 20
383.0036595226998
 10
317.0625728856439
 20
382.8944691292379
 10
317.17874429399876
 20
382.7965291036237
 10
317.3042280924731
 20
382.71084444305416
 10
317.43773664748784
 20
382.63829438809654
 10
317.5778999806025
 20
382.57962340049056
 10
317.7232798263481
 20
382.5354335239637
 10
317.8723843907769
 20
382.5061782064475
 10
318.02368365928714
 20
382.49215764708845
 10
318.1756250966433
 20
382.4935157157985
 10
318.32664957808845
 20
382.5102384769548
 10
318.47520738807424
 20
382.54215433239847
 10
318.6197741224393
 20
382.58893578226355
 10
318.7588663308591
 20
382.65010278556906
 10
318.8910567390534
 20
382.7250276860889
 10
319.01498889455183
 20
382.8129416529541
 10
319.1293910857321
 20
382.91294256989806
 10
319.2330893913017
 20
383.02400429219006
 10
319.32501972631934
 20
383.14498717626884
 10
319.404238761146
 20
383.27464977402775
 10
319.469933601284
 20
383.41166157175235
 10
319.5214301287742
 20
383.5546166429913
 10
319.55819991955855
 20
383.70204807526454
 10
319.5798656658261
 20
383.8524430225704
 10
319.5862050477018
 20
384.0042582292327
 10
319.577153014549
 20
384.1559358657922
 10
319.5528024524772
 20
384.3059195144451
 10
319.51340323120485
 20
384.45267013999614
 10
319.45935964005787
 20
384.59468188244165
 10
319.39122623941404
 20
384.73049750913157
 10
319.3097021701633
 20
384.8587233679482
 10
319.2156239795757
 20
384.97804368806277
 10
319.10995703719493
 20
385.0872340815247
 10
318.99378562884
 20
385.1851741071389
 10
318.8683018303657
 20
385.27085876770843
 10
318.73479327535097
 20
385.34340882266605
 10
318.5946299422363
 20
385.402079810272
 10
318.4492500964907
 20
385.44626968679887
 10
318.3001455320619
 20
385.4755250043151
 10
318.14884626355166
 20
385.48954556367414
 10
317.99690482619553
 20
385.4881874949641
 10
317.84588034475036
 20
385.4714647338078
 10
317.69732253476457
 20
385.4395488783641
 10
317.5527558003995
 20
385.39276742849904
 10
317.4136635919797
 20
385.3316004251935
 10
317.2814731837854
 20
385.2566755246737
 10
317.15754102828697
 20
385.16876155780847
 10
317.0431388371067
 20
385.0687606408645
 10
316.9394405315371
 20
384.95769891857253
 10
316.84751019651947
 20
384.83671603449375
 10
316.7682911616928
 20
384.70705343673484
 10
316.7025963215548
 20
384.57004163901024
 10
316.6510997940646
 20
384.42708656777137
 10
316.61433000328026
 20
384.27965513549805
 10
316.59266425701264
 20
384.1292601881922
 10
316.586324875137
 20
383.9774449815299
 10
316.5953769082898
 20
383.8257673449704
 10
316.61972747036157
 20
383.67578369631747
 10
316.65912669163396
 20
383.52903307076645
 10
316.71317028278094
 20
383.387021328321
 10
316.78130368342477
 20
383.251205701631
 10
316.8628277526755
 20
383.1229798428144
  0
LWPOLYLINE
  5
D0
330
17
100
AcDbEntity
  8
CORTE
100
AcDbPolyline
 90
62
 70
1
 10
340.3719059432631
 20
383.0036595226998
 10
340.4775728856439
 20
382.8944691292379
 10
340.5937442939988
 20
382.7965291036237
 10
340.71922809247314
 20
382.71084444305416
 10
340.85273664748786
 20
382.63829438809654
 10
340.99289998060254
 20
382.57962340049056
 10
341.13827982634814
 20
382.53543352396366
 10
341.2873843907769
 20
382.5061782064475
 10
341.4386836592871
 20
382.49215764708845
 10
341.5906250966433
 20
382.4935157157985
 10
341.7416495780884
 20
382.5102384769548
 10
341.8902073880742
 20
382.54215433239847
 10
342.03477412243933
 20
382.58893578226355
 10
342.17386633085914
 20
382.65010278556906
 10
342.30605673905336
 20
382.7250276860889
 10
342.42998889455185
 20
382.8129416529541
 10
342.5443910857321
 20
382.91294256989806
 10
342.6480893913017
 20
383.02400429219006
 10
342.74001972631936
 20
383.14498717626884
 10
342.81923876114604
 20
383.27464977402775
 10
342.88493360128405
 20
383.41166157175235
 10
342.93643012877425
 20
383.5546166429913
 10
342.97319991955857
 20
383.70204807526454
 10
342.9948656658261
 20
383.8524430225704
 10
343.00120504770183
 20
384.0042582292327
 10
342.992153014549
 20
384.1559358657922
 10
342.9678024524772
 20
384.3059195144451
 10
342.92840323120487
 20
384.45267013999614
 10
342.8743596400579
 20
384.59468188244165
 10
342.80622623941406
 20
384.73049750913157
 10
342.72470217016325
 20
384.8587233679482
 10
342.6306239795757
 20
384.97804368806277
 10
342.52495703719495
 20
385.0872340815247
 10
342.40878562884
 20
385.1851741071389
 10
342.28330183036564
 20
385.27085876770843
 10
342.149793275351
 20
385.34340882266605
 10
342.0096299422363
 20
385.402079810272
 10
341.8642500964907
 20
385.44626968679887
 10
341.7151455320619
 20
385.4755250043151
 10
341.5638462635517
 20
385.48954556367414
 10
341.41190482619555
 20
385.4881874949641
 10
341.2608803447504
 20
385.4714647338078
 10
341.1123225347646
 20
385.4395488783641
 10
340.9677558003995
 20
385.392767428499
 10
340.8286635919797
 20
385.3316004251935
 10
340.69647318378543
 20
385.2566755246737
 10
340.572541028287
 20
385.16876155780847
 10
340.45813883710673
 20
385.0687606408645
 10
340.3544405315371
 20
384.95769891857253
 10
340.2625101965195
 20
384.83671603449375
 10
340.18329116169275
 20
384.70705343673484
 10
340.11759632155474
 20
384.57004163901024
 10
340.0660997940646
 20
384.42708656777137
 10
340.0293300032803
 20
384.27965513549805
 10
340.00766425701266
 20
384.1292601881922
 10
340.001324875137
 20
383.9774449815299
 10
340.0103769082898
 20
383.8257673449704
 10
340.0347274703616
 20
383.67578369631747
 10
340.074126691634
 20
383.52903307076645
 10
340.12817028278096
 20
383.387021328321
 10
340.19630368342473
 20
383.251205701631
 10
340.27782775267553
 20
383.1229798428144
  0
LWPOLYLINE
  5
D1
330
17
100
AcDbEntity
  8
CORTE
100
AcDbPolyline
 90
78
 70
1
 10
346.2416452317641
 20
382.37843787033484
 10
346.37737216576784
 20
382.23523621100526
 10
346.52418192530746
 20
382.10342039119325
 10
346.68112239275695
 20
381.9838452870722
 10
346.8471757489617
 20
381.8772863890771
 10
347.02126507418694
 20
381.78443477255144
 10
347.20226133235496
 20
381.7058926158585
 10
347.3889906932776
 20
381.64216929502356
 10
347.58024214539535
 20
381.59367808023484
 10
347.77477534965186
 20
381.5607334556279
 10
347.97132868356914
 20
381.54354907973516
 10
348.1686274233529
 20
381.5422363998285
 10
348.365392010966
 20
381.55680392914087
 10
348.56034635255287
 20
381.58715719165457
 10
348.7522260943983
 20
381.6330993348148
 10
348.939786822746
 20
381.6943324061936
 10
349.1218121342997
 20
381.7704592858261
 10
349.2971215250651
 20
381.8609862616856
 10
349.46457804637146
 20
381.9653262315955
 10
349.62309567841953
 20
382.0828025108125
 10
349.77164637353746
 20
382.21265322058645
 10
349.9092667234637
 20
382.35403622923667
 10
350.0350642074197
 20
382.50603461369894
 10
350.1482229804496
 20
382.66766260612343
 10
350.2480091644877
 20
382.8378719869575
 10
350.33377560783936
 20
383.01555888305177
 10
350.4049660822082
 20
383.19957092670097
 10
350.4611188900499
 20
383.3887147291908
 10
350.5018698588579
 20
383.58176362038165
 10
350.5269547029622
 20
383.77746560413516
 10
350.5362107375228
 20
383.97455147798973
 10
350.52957793360383
 20
384.17174306442536
 10
350.50709930748394
 20
384.3677615003353
 10
350.46892064167923
 20
384.5613355309442
 10
350.41528953948773
 20
384.7512097543831
 10
350.34655381918725
 20
384.93615276345236
 10
350.2631592582999
 20
385.11496513176957
 10
350.1656467025542
 20
385.2864871925103
 10
350.0546485582928
 20
385.4496065592922
 10
349.9308846910747
 20
385.6032653404277
 10
349.79515775707097
 20
385.74646699975733
 10
349.6483479975313
 20
385.87828281956934
 10
349.49140753008186
 20
385.9978579236904
 10
349.3253541738771
 20
386.1044168216855
 10
349.1512648486518
 20
386.19726843821115
 10
348.9702685904838
 20
386.2758105949041
 10
348.78353922956114
 20
386.339533915739
 10
348.59228777744346
 20
386.38802513052775
 10
348.39775457318694
 20
386.4209697551347
 10
348.20120123926966
 20
386.43815413102743
 10
348.0039024994859
 20
386.43946681093405
 10
347.8071379118728
 20
386.4248992816217
 10
347.6121835702859
 20
386.39454601910796
 10
347.4203038284405
 20
386.3486038759478
 10
347.23274310009276
 20
386.287370804569
 10
347.0507177885391
 20
386.21124392493647
 10
346.87540839777364
 20
386.120716949077
 10
346.70795187646735
 20
386.01637697916703
 10
346.5494342444192
 20
385.89890069995005
 10
346.40088354930134
 20
385.76904999017614
 10
346.2632631993751
 20
385.62766698152586
 10
346.13746571541907
 20
385.47566859706365
 10
346.02430694238916
 20
385.3140406046391
 10
345.9245207583511
 20
385.143831223805
 10
345.8387543149994
 20
384.96614432771077
 10
345.7675638406306
 20
384.78213228406156
 10
345.71141103278893
 20
384.59298848157175
 10
345.67066006398085
 20
384.3999395903809
 10
345.6455752198766
 20
384.2042376066274
 10
345.636319185316
 20
384.00715173277274
 10
345.6429519892349
 20
383.8099601463372
 10
345.6654306153548
 20
383.6139417104273
 10
345.7036092811596
 20
383.42036767981836
 10
345.757240383351
 20
383.2304934563794
 10
345.82597610365156
 20
383.04555044731023
 10
345.90937066453887
 20
382.86673807899297
 10
346.0068832202846
 20
382.6952160182522
 10
346.117881364546
 20
382.53209665147034
  0
LWPOLYLINE
  5
D2
330
17
100
AcDbEntity
  8
CORTE
100
AcDbPolyline
 90
62
 70
1
 10
353.54190594326303
 20
383.0036595226999
 10
353.64757288564385
 20
382.8944691292379
 10
353.7637442939988
 20
382.79652910362375
 10
353.8892280924731
 20
382.7108444430542
 10
354.0227366474878
 20
382.6382943880966
 10
354.1628999806025
 20
382.5796234004906
 10
354.3082798263481
 20
382.5354335239637
 10
354.4573843907769
 20
382.50617820644754
 10
354.6086836592871
 20
382.4921576470885
 10
354.76062509664325
 20
382.4935157157985
 10
354.91164957808843
 20
382.51023847695484
 10
355.0602073880742
 20
382.5421543323985
 10
355.2047741224393
 20
382.5889357822636
 10
355.3438663308591
 20
382.6501027855691
 10
355.4760567390534
 20
382.72502768608894
 10
355.5999888945518
 20
382.8129416529541
 10
355.7143910857321
 20
382.91294256989806
 10
355.81808939130167
 20
383.02400429219006
 10
355.9100197263193
 20
383.14498717626884
 10
355.989238761146
 20
383.2746497740278
 10
356.054933601284
 20
383.41166157175235
 10
356.1064301287742
 20
383.5546166429913
 10
356.1431999195585
 20
383.70204807526454
 10
356.16486566582614
 20
383.85244302257047
 10
356.1712050477018
 20
384.00425822923273
 10
356.162153014549
 20
384.15593586579223
 10
356.1378024524772
 20
384.3059195144452
 10
356.0984032312048
 20
384.45267013999614
 10
356.04435964005785
 20
384.59468188244165
 10
355.976226239414
 20
384.7304975091316
 10
355.89470217016327
 20
384.85872336794824
 10
355.8006239795757
 20
384.9780436880628
 10
355.6949570371949
 20
385.08723408152474
 10
355.57878562883997
 20
385.1851741071389
 10
355.45330183036566
 20
385.27085876770843
 10
355.31979327535095
 20
385.3434088226661
 10
355.17962994223626
 20
385.402079810272
 10
355.03425009649067
 20
385.4462696867989
 10
354.88514553206187
 20
385.47552500431516
 10
354.73384626355164
 20
385.48954556367414
 10
354.5819048261955
 20
385.48818749496417
 10
354.43088034475034
 20
385.4714647338078
 10
354.2823225347646
 20
385.4395488783642
 10
354.1377558003995
 20
385.39276742849904
 10
353.99866359197966
 20
385.3316004251935
 10
353.8664731837854
 20
385.2566755246737
 10
353.74254102828695
 20
385.1687615578085
 10
353.6281388371067
 20
385.0687606408646
 10
353.5244405315371
 20
384.9576989185726
 10
353.43251019651944
 20
384.8367160344938
 10
353.35329116169277
 20
384.70705343673484
 10
353.28759632155476
 20
384.5700416390103
 10
353.23609979406456
 20
384.42708656777137
 10
353.19933000328024
 20
384.2796551354981
 10
353.1776642570127
 20
384.12926018819223
 10
353.171324875137
 20
383.97744498152997
 10
353.18037690828976
 20
383.8257673449705
 10
353.20472747036155
 20
383.67578369631747
 10
353.24412669163394
 20
383.5290330707665
 10
353.2981702827809
 20
383.387021328321
 10
353.36630368342475
 20
383.2512057016311
 10
353.4478277526755
 20
383.1229798428144
  0
LWPOLYLINE
  5
D3
330
17
100
AcDbEntity
  8
CORTE
100
AcDbPolyline
 90
64
 70
1
 10
180.00000000000045
 20
256.0
 10
175.00000000000045
 20
256.0
 10
174.7196477638145
 20
256.0078659249109
 10
174.4401776194839
 20
256.0314389505338
 10
174.16246888347678
 20
256.07064490740885
 10
173.88739533021888
 20
256.12536043909085
 10
173.6158224428762
 20
256.1954133902745
 10
173.34860469022462
 20
256.28058334845815
 10
173.086582838175
 20
256.3806023374436
 10
172.83058130441265
 20
256.4951556604879
 10
172.58140556447427
 20
256.62388289045623
 10
172.33983961742376
 20
256.76637900385856
 10
172.10664351910142
 20
256.9221956552037
 10
171.8825509907068
 20
257.09084258765984
 10
171.66826711024044
 20
257.27178917558416
 10
171.46446609406772
 20
257.4644660940673
 10
171.27178917558462
 20
257.66826711024
 10
171.0908425876603
 20
257.88255099070636
 10
170.92219565520415
 20
258.106643519101
 10
170.76637900385902
 20
258.3398396174233
 10
170.62388289045668
 20
258.5814055644738
 10
170.49515566048836
 20
258.83058130441225
 10
170.38060233744403
 20
259.08658283817454
 10
170.2805833484586
 20
259.3486046902242
 10
170.19541339027495
 20
259.61582244287575
 10
170.12536043909134
 20
259.88739533021845
 10
170.07064490740927
 20
260.1624688834763
 10
170.03143895053424
 20
260.4401776194835
 10
170.00786592491139
 20
260.71964776381407
 10
170.00000000000045
 20
261.0
 10
170.00000000000045
 20
271.0
 10
170.00786592491136
 20
271.280352236186
 10
170.03143895053424
 20
271.55982238051655
 10
170.07064490740927
 20
271.8375311165237
 10
170.12536043909134
 20
272.1126046697816
 10
170.19541339027495
 20
272.38417755712425
 10
170.2805833484586
 20
272.65139530977586
 10
170.38060233744403
 20
272.91341716182546
 10
170.49515566048836
 20
273.1694186955878
 10
170.62388289045668
 20
273.4185944355262
 10
170.76637900385904
 20
273.6601603825767
 10
170.92219565520415
 20
273.893356480899
 10
171.0908425876603
 20
274.1174490092937
 10
171.27178917558462
 20
274.33173288976
 10
171.46446609406772
 20
274.5355339059327
 10
171.66826711024044
 20
274.72821082441584
 10
171.8825509907068
 20
274.90915741234016
 10
172.10664351910142
 20
275.0778043447963
 10
172.33983961742376
 20
275.23362099614144
 10
172.58140556447424
 20
275.37611710954377
 10
172.83058130441265
 20
275.5048443395121
 10
173.086582838175
 20
275.6193976625564
 10
173.3486046902246
 20
275.71941665154185
 10
173.61582244287618
 20
275.8045866097255
 10
173.88739533021885
 20
275.8746395609091
 10
174.16246888347675
 20
275.92935509259115
 10
174.44017761948388
 20
275.9685610494662
 10
174.71964776381446
 20
275.9921340750891
 10
175.00000000000043
 20
276.0
 10
180.00000000000045
 20
276.0
 10
180.00000000000045
 20
272.3935185185185
 10
183.00000000000045
 20
272.3935185185185
 10
183.00000000000045
 20
262.3935185185185
 10
180.00000000000045
 20
262.3935185185185
  0
LWPOLYLINE
  5
D4
330
17
100
AcDbEntity
  8
CORTE
100
AcDbPolyline
 90
62
 70
1
 10
181.50000000000045
 20
265.9203185185185
 10
181.64904117195235
 20
265.92787703129756
 10
181.79655297979505
 20
265.9504750090653
 10
181.9410217527648
 20
265.98788056598994
 10
182.0809650457534
 20
266.0397098704396
 10
182.21494685120123
 20
266.1054310836143
 10
182.3415923344781
 20
266.18436981693196
 10
182.45960194154682
 20
266.27571605216747
 10
182.5677647341464
 20
266.3785324533362
 10
182.66497081565709
 20
266.4917639850293
 10
182.75022272014172
 20
266.61424873850484
 10
182.82264564769608
 20
266.7447298544438
 10
182.88149644107955
 20
266.8818684200275
 10
182.92617121151414
 20
267.02425720799494
 10
182.95621153540063
 20
267.17043511669874
 10
182.97130915836485
 20
267.3189021629853
 10
182.97130915836485
 20
267.4681348740517
 10
182.95621153540063
 20
267.61660192033827
 10
182.92617121151414
 20
267.7627798290421
 10
182.88149644107952
 20
267.9051686170095
 10
182.82264564769608
 20
268.0423071825932
 10
182.75022272014172
 20
268.17278829853217
 10
182.66497081565706
 20
268.2952730520077
 10
182.56776473414638
 20
268.4085045837008
 10
182.45960194154682
 20
268.51132098486954
 10
182.3415923344781
 20
268.60266722010505
 10
182.21494685120123
 20
268.6816059534227
 10
182.08096504575337
 20
268.7473271665974
 10
181.94102175276478
 20
268.79915647104707
 10
181.79655297979505
 20
268.8365620279717
 10
181.64904117195232
 20
268.85916000573945
 10
181.50000000000045
 20
268.8667185185185
 10
181.35095882804856
 20
268.85916000573945
 10
181.20344702020583
 20
268.8365620279717
 10
181.0589782472361
 20
268.79915647104707
 10
180.9190349542475
 20
268.7473271665974
 10
180.78505314879968
 20
268.6816059534227
 10
180.65840766552282
 20
268.60266722010505
 10
180.5403980584541
 20
268.51132098486954
 10
180.4322352658545
 20
268.4085045837008
 10
180.33502918434382
 20
268.2952730520077
 10
180.2497772798592
 20
268.17278829853217
 10
180.17735435230483
 20
268.0423071825932
 10
180.11850355892136
 20
267.9051686170095
 10
180.07382878848676
 20
267.7627798290421
 10
180.04378846460028
 20
267.61660192033827
 10
180.02869084163606
 20
267.4681348740517
 10
180.02869084163606
 20
267.3189021629853
 10
180.04378846460028
 20
267.17043511669874
 10
180.07382878848676
 20
267.02425720799494
 10
180.11850355892136
 20
266.8818684200275
 10
180.17735435230483
 20
266.7447298544438
 10
180.2497772798592
 20
266.61424873850484
 10
180.33502918434382
 20
266.4917639850293
 10
180.4322352658545
 20
266.3785324533362
 10
180.5403980584541
 20
266.27571605216747
 10
180.65840766552282
 20
266.18436981693196
 10
180.78505314879968
 20
266.1054310836143
 10
180.9190349542475
 20
266.0397098704396
 10
181.0589782472361
 20
265.98788056598994
 10
181.20344702020583
 20
265.9504750090653
 10
181.35095882804856
 20
265.92787703129756
  0
LWPOLYLINE
  5
D5
330
17
100
AcDbEntity
  8
CORTE
100
AcDbPolyline
 90
62
 70
1
 10
175.00000000000045
 20
264.5
 10
175.15175248298158
 20
264.50769601491214
 10
175.30194778013345
 20
264.53070508812124
 10
175.4490446844605
 20
264.5687911153999
 10
175.5915337826704
 20
264.62156328256964
 10
175.72795294379708
 20
264.6884800757831
 10
175.85690232264264
 20
264.7688548381891
 10
175.97705872408378
 20
264.8618628159608
 10
176.08718918084412
 20
264.9665496213865
 10
176.186163605407
 20
265.0818410261785
 10
176.2729663862426
 20
265.2065539845095
 10
176.34670680935656
 20
265.33940877266355
 10
176.40662819822109
 20
265.47904212073274
 10
176.45211567829978
 20
265.6240212016119
 10
176.48270248649263
 20
265.77285833374316
 10
176.49807476075705
 20
265.92402624674196
 10
176.49807476075705
 20
266.07597375325804
 10
176.48270248649263
 20
266.22714166625684
 10
176.45211567829978
 20
266.3759787983881
 10
176.40662819822109
 20
266.52095787926726
 10
176.34670680935656
 20
266.66059122733645
 10
176.2729663862426
 20
266.7934460154904
 10
176.18616360540702
 20
266.9181589738215
 10
176.08718918084415
 20
267.0334503786135
 10
175.9770587240838
 20
267.1381371840392
 10
175.85690232264264
 20
267.2311451618109
 10
175.72795294379708
 20
267.3115199242169
 10
175.59153378267044
 20
267.37843671743036
 10
175.4490446844605
 20
267.4312088846001
 10
175.30194778013345
 20
267.46929491187876
 10
175.1517524829816
 20
267.49230398508786
 10
175.00000000000045
 20
267.5
 10
174.8482475170193
 20
267.49230398508786
 10
174.69805221986746
 20
267.46929491187876
 10
174.55095531554042
 20
267.4312088846001
 10
174.40846621733047
 20
267.37843671743036
 10
174.27204705620383
 20
267.3115199242169
 10
174.14309767735827
 20
267.2311451618109
 10
174.0229412759171
 20
267.1381371840392
 10
173.91281081915676
 20
267.0334503786135
 10
173.81383639459392
 20
266.9181589738215
 10
173.72703361375832
 20
266.7934460154904
 10
173.65329319064435
 20
266.66059122733645
 10
173.59337180177982
 20
266.52095787926726
 10
173.54788432170113
 20
266.3759787983881
 10
173.51729751350828
 20
266.22714166625684
 10
173.50192523924386
 20
266.0759737532581
 10
173.50192523924386
 20
265.92402624674196
 10
173.51729751350828
 20
265.77285833374316
 10
173.54788432170113
 20
265.6240212016119
 10
173.59337180177982
 20
265.47904212073274
 10
173.65329319064435
 20
265.33940877266355
 10
173.72703361375832
 20
265.2065539845096
 10
173.81383639459392
 20
265.0818410261785
 10
173.9128108191568
 20
264.9665496213865
 10
174.02294127591713
 20
264.8618628159608
 10
174.14309767735827
 20
264.7688548381891
 10
174.27204705620383
 20
264.6884800757831
 10
174.40846621733047
 20
264.62156328256964
 10
174.55095531554042
 20
264.5687911153999
 10
174.69805221986746
 20
264.53070508812124
 10
174.8482475170193
 20
264.50769601491214
  0
LWPOLYLINE
  5
D6
330
17
100
AcDbEntity
  8
CORTE
100
AcDbPolyline
 90
106
 70
1
 10
277.49420132848155
 20
388.1756907999748
 10
277.76078415400326
 20
388.16778759291424
 10
278.0264305976277
 20
388.14410573203565
 10
278.2902075665331
 20
388.10472840073896
 10
278.551188534496
 20
388.04979391333666
 10
278.80845679634797
 20
387.97949522921914
 10
279.0611086879364
 20
387.89407927507835
 10
279.30825676027746
 20
387.7938460775684
 10
279.54903289675326
 20
387.6791477094512
 10
279.7825913624031
 20
387.55038705292793
 10
280.00811177459804
 20
387.40801638450074
 10
280.22480198466525
 20
387.2525357863349
 10
280.43190086033894
 20
387.08449138970207
 10
280.62868095926507
 20
386.9044734566743
 10
280.8144510841694
 20
386.71311430680674
 10
280.98855871071277
 20
386.5110860960925
 10
281.1503922795072
 20
386.2990984559899
 10
281.2993833442398
 20
386.0778960008164
 10
281.4350085683619
 20
385.84825571226315
 10
281.5567915633274
 20
385.61098421021916
 10
281.66430456192484
 20
385.36691491948886
 10
281.75716992082545
 20
385.1169051423576
 10
281.83506144706917
 20
384.86183304728564
 10
281.8977055438294
 20
384.60259458430977
 10
281.94488217143135
 20
384.340100337986
 10
281.97642562025004
 20
384.075272328928
 10
281.99222509277115
 20
383.80904077517636
 10
281.99222509277115
 20
383.5423408247733
 10
281.97642562025004
 20
383.2761092710216
 10
281.94488217143135
 20
383.01128126196363
 10
281.8977055438294
 20
382.7487870156399
 10
281.8350614470692
 20
382.489548552664
 10
281.75716992082545
 20
382.23447645759205
 10
281.66430456192484
 20
381.98446668046074
 10
281.55679156332747
 20
381.7403973897305
 10
281.435008568362
 20
381.50312588768645
 10
281.2993833442398
 20
381.27348559913327
 10
281.1503922795072
 20
381.0522831439597
 10
280.98855871071277
 20
380.84029550385713
 10
280.8144510841694
 20
380.63826729314286
 10
280.62868095926507
 20
380.4469081432753
 10
280.43190086033894
 20
380.26689021024754
 10
280.2248019846653
 20
380.09884581361473
 10
280.00811177459804
 20
379.9433652154489
 10
279.7825913624031
 20
379.80099454702173
 10
279.5490328967533
 20
379.67223389049843
 10
279.3082567602775
 20
379.5575355223812
 10
279.06110868793644
 20
379.45730232487125
 10
278.808456796348
 20
379.37188637073046
 10
278.5511885344961
 20
379.30158768661295
 10
278.2902075665332
 20
379.24665319921064
 10
278.0264305976278
 20
379.207275867914
 10
277.7607841540033
 20
379.18359400703537
 10
277.4942013284816
 20
379.1756907999748
 10
277.22761850295984
 20
379.18359400703537
 10
276.96197205933544
 20
379.20727586791395
 10
276.69819509043003
 20
379.24665319921064
 10
276.43721412246714
 20
379.30158768661295
 10
276.1799458606152
 20
379.37188637073046
 10
275.9272939690268
 20
379.45730232487125
 10
275.6801458966857
 20
379.5575355223812
 10
275.4393697602099
 20
379.67223389049843
 10
275.2058112945601
 20
379.8009945470217
 10
274.9802908823651
 20
379.9433652154489
 10
274.7636006722979
 20
380.09884581361473
 10
274.5565017966242
 20
380.26689021024754
 10
274.3597216976981
 20
380.4469081432753
 10
274.17395157279384
 20
380.63826729314286
 10
273.9998439462504
 20
380.8402955038571
 10
273.83801037745604
 20
381.0522831439597
 10
273.68901931272336
 20
381.27348559913327
 10
273.55339408860124
 20
381.50312588768645
 10
273.43161109363575
 20
381.74039738973045
 10
273.3240980950383
 20
381.98446668046074
 10
273.2312327361377
 20
382.23447645759205
 10
273.153341209894
 20
382.489548552664
 10
273.09069711313384
 20
382.74878701563983
 10
273.0435204855319
 20
383.01128126196363
 10
273.0119770367131
 20
383.2761092710216
 10
272.996177564192
 20
383.5423408247733
 10
272.996177564192
 20
383.8090407751763
 10
273.0119770367131
 20
384.075272328928
 10
273.0435204855319
 20
384.340100337986
 10
273.09069711313384
 20
384.6025945843097
 10
273.153341209894
 20
384.8618330472856
 10
273.2312327361377
 20
385.11690514235755
 10
273.3240980950383
 20
385.36691491948886
 10
273.43161109363575
 20
385.61098421021916
 10
273.55339408860124
 20
385.84825571226315
 10
273.68901931272336
 20
386.07789600081634
 10
273.838010377456
 20
386.2990984559899
 10
273.9998439462504
 20
386.51108609609247
 10
274.1739515727938
 20
386.71311430680674
 10
274.3597216976981
 20
386.9044734566743
 10
274.5565017966242
 20
387.08449138970207
 10
274.7636006722979
 20
387.2525357863349
 10
274.9802908823651
 20
387.4080163845007
 10
275.2058112945601
 20
387.5503870529279
 10
275.43936976020984
 20
387.6791477094512
 10
275.6801458966857
 20
387.7938460775684
 10
275.9272939690268
 20
387.89407927507835
 10
276.1799458606152
 20
387.97949522921914
 10
276.43721412246714
 20
388.04979391333666
 10
276.69819509043
 20
388.10472840073896
 10
276.9619720593354
 20
388.14410573203565
 10
277.22761850295984
 20
388.16778759291424
  0
LWPOLYLINE
  5
D7
330
17
100
AcDbEntity
  8
CORTE
100
AcDbPolyline
 90
62
 70
1
 10
277.49420132848155
 20
382.1756907999748
 10
277.64595381146273
 20
382.18338681488694
 10
277.79614910861454
 20
382.20639588809604
 10
277.9432460129416
 20
382.2444819153747
 10
278.08573511115156
 20
382.29725408254444
 10
278.2221542722782
 20
382.3641708757579
 10
278.35110365112376
 20
382.4445456381639
 10
278.4712600525649
 20
382.5375536159356
 10
278.5813905093253
 20
382.6422404213613
 10
278.68036493388814
 20
382.7575318261533
 10
278.7671677147237
 20
382.8822447844843
 10
278.8409081378377
 20
383.01509957263835
 10
278.9008295267022
 20
383.15473292070754
 10
278.9463170067809
 20
383.2997120015867
 10
278.97690381497375
 20
383.44854913371796
 10
278.99227608923815
 20
383.5997170467167
 10
278.99227608923815
 20
383.75166455323284
 10
278.97690381497375
 20
383.90283246623164
 10
278.9463170067809
 20
384.0516695983629
 10
278.9008295267022
 20
384.196648679242
 10
278.8409081378377
 20
384.33628202731126
 10
278.7671677147237
 20
384.4691368154652
 10
278.68036493388814
 20
384.5938497737963
 10
278.5813905093253
 20
384.7091411785883
 10
278.4712600525649
 20
384.813827984014
 10
278.35110365112376
 20
384.9068359617857
 10
278.2221542722782
 20
384.9872107241917
 10
278.08573511115156
 20
385.05412751740516
 10
277.94324601294164
 20
385.1068996845749
 10
277.79614910861454
 20
385.14498571185356
 10
277.64595381146273
 20
385.16799478506266
 10
277.49420132848155
 20
385.1756907999748
 10
277.3424488455004
 20
385.16799478506266
 10
277.1922535483486
 20
385.14498571185356
 10
277.0451566440215
 20
385.1068996845749
 10
276.9026675458116
 20
385.05412751740516
 10
276.76624838468496
 20
384.9872107241917
 10
276.6372990058394
 20
384.9068359617857
 10
276.51714260439826
 20
384.813827984014
 10
276.4070121476379
 20
384.7091411785883
 10
276.308037723075
 20
384.5938497737963
 10
276.22123494223945
 20
384.4691368154652
 10
276.1474945191255
 20
384.33628202731126
 10
276.087573130261
 20
384.196648679242
 10
276.0420856501823
 20
384.0516695983629
 10
276.0114988419894
 20
383.90283246623164
 10
275.996126567725
 20
383.7516645532329
 10
275.996126567725
 20
383.5997170467167
 10
276.0114988419894
 20
383.44854913371796
 10
276.0420856501823
 20
383.2997120015867
 10
276.087573130261
 20
383.15473292070754
 10
276.1474945191255
 20
383.01509957263835
 10
276.22123494223945
 20
382.8822447844843
 10
276.308037723075
 20
382.7575318261533
 10
276.4070121476379
 20
382.6422404213613
 10
276.51714260439826
 20
382.5375536159356
 10
276.6372990058394
 20
382.4445456381639
 10
276.76624838468496
 20
382.3641708757579
 10
276.9026675458116
 20
382.29725408254444
 10
277.0451566440216
 20
382.2444819153747
 10
277.1922535483486
 20
382.20639588809604
 10
277.3424488455004
 20
382.18338681488694
  0
LWPOLYLINE
  5
D8
330
17
100
AcDbEntity
  8
CORTE
100
AcDbPolyline
 90
106
 70
1
 10
294.99222509277115
 20
383.6737145642644
 10
294.9843218857106
 20
383.4071317387427
 10
294.960640024832
 20
383.14148529511823
 10
294.92126269353537
 20
382.8777083262128
 10
294.866328206133
 20
382.61672735825
 10
294.7960295220155
 20
382.359459096398
 10
294.7106135678747
 20
382.10680720480957
 10
294.61038037036474
 20
381.8596591324685
 10
294.4956820022475
 20
381.6188829959927
 10
294.3669213457243
 20
381.38532453034287
 10
294.2245506772971
 20
381.159804118148
 10
294.0690700791312
 20
380.9431139080807
 10
293.90102568249847
 20
380.736015032407
 10
293.72100774947063
 20
380.5392349334809
 10
293.5296485996031
 20
380.35346480857663
 10
293.3276203888889
 20
380.1793571820332
 10
293.11563274878625
 20
380.01752361323884
 10
292.8944302936127
 20
379.86853254850615
 10
292.6647900050595
 20
379.73290732438403
 10
292.4275185030155
 20
379.61112432941854
 10
292.1834492122852
 20
379.5036113308211
 10
291.9334394351539
 20
379.4107459719205
 10
291.678367340082
 20
379.3328544456768
 10
291.4191288771061
 20
379.27021034891663
 10
291.1566346307823
 20
379.22303372131466
 10
290.89180662172436
 20
379.1914902724959
 10
290.6255750679727
 20
379.1756907999748
 10
290.35887511756965
 20
379.1756907999748
 10
290.09264356381794
 20
379.1914902724959
 10
289.82781555476
 20
379.22303372131466
 10
289.56532130843624
 20
379.2702103489166
 10
289.30608284546037
 20
379.33285444567673
 10
289.0510107503884
 20
379.4107459719205
 10
288.8010009732571
 20
379.5036113308211
 10
288.55693168252685
 20
379.61112432941854
 10
288.3196601804828
 20
379.732907324384
 10
288.0900198919296
 20
379.86853254850615
 10
287.86881743675605
 20
380.0175236132388
 10
287.6568297966535
 20
380.1793571820332
 10
287.4548015859392
 20
380.3534648085766
 10
287.26344243607167
 20
380.5392349334809
 10
287.0834245030439
 20
380.736015032407
 10
286.9153801064111
 20
380.9431139080807
 10
286.75989950824527
 20
381.1598041181479
 10
286.6175288398181
 20
381.38532453034287
 10
286.4887681832948
 20
381.61888299599264
 10
286.37406981517756
 20
381.8596591324685
 10
286.2738366176676
 20
382.10680720480957
 10
286.1884206635268
 20
382.3594590963979
 10
286.1181219794093
 20
382.61672735824993
 10
286.063187492007
 20
382.87770832621277
 10
286.02381016071035
 20
383.1414852951182
 10
286.0001282998317
 20
383.40713173874263
 10
285.99222509277115
 20
383.67371456426434
 10
286.0001282998317
 20
383.9402973897861
 10
286.0238101607103
 20
384.2059438334105
 10
286.063187492007
 20
384.469720802316
 10
286.1181219794093
 20
384.7307017702788
 10
286.1884206635268
 20
384.98797003213076
 10
286.2738366176676
 20
385.2406219237192
 10
286.37406981517756
 20
385.48776999606025
 10
286.4887681832948
 20
385.7285461325361
 10
286.6175288398181
 20
385.9621045981859
 10
286.7598995082452
 20
386.1876250103808
 10
286.9153801064111
 20
386.40431522044804
 10
287.08342450304383
 20
386.61141409612173
 10
287.26344243607167
 20
386.80819419504786
 10
287.4548015859392
 20
386.99396431995217
 10
287.6568297966534
 20
387.16807194649556
 10
287.86881743675605
 20
387.32990551528997
 10
288.0900198919296
 20
387.4788965800226
 10
288.3196601804828
 20
387.6145218041447
 10
288.5569316825268
 20
387.7363047991102
 10
288.8010009732571
 20
387.84381779770763
 10
289.0510107503884
 20
387.93668315660824
 10
289.30608284546037
 20
388.014574682852
 10
289.5653213084362
 20
388.07721877961217
 10
289.82781555476
 20
388.12439540721414
 10
290.09264356381794
 20
388.15593885603283
 10
290.3588751175696
 20
388.17173832855394
 10
290.62557506797265
 20
388.17173832855394
 10
290.89180662172436
 20
388.15593885603283
 10
291.1566346307823
 20
388.12439540721414
 10
291.41912887710606
 20
388.07721877961217
 10
291.67836734008193
 20
388.014574682852
 10
291.9334394351539
 20
387.93668315660824
 10
292.1834492122852
 20
387.84381779770763
 10
292.4275185030155
 20
387.7363047991102
 10
292.6647900050595
 20
387.6145218041448
 10
292.8944302936127
 20
387.4788965800226
 10
293.11563274878625
 20
387.32990551528997
 10
293.3276203888888
 20
387.16807194649556
 10
293.5296485996031
 20
386.99396431995217
 10
293.72100774947063
 20
386.80819419504786
 10
293.9010256824984
 20
386.61141409612173
 10
294.0690700791312
 20
386.40431522044804
 10
294.22455067729703
 20
386.1876250103808
 10
294.3669213457242
 20
385.9621045981859
 10
294.4956820022475
 20
385.7285461325361
 10
294.61038037036474
 20
385.48776999606025
 10
294.7106135678747
 20
385.2406219237192
 10
294.7960295220155
 20
384.9879700321308
 10
294.866328206133
 20
384.7307017702788
 10
294.9212626935353
 20
384.469720802316
 10
294.96064002483195
 20
384.2059438334106
 10
294.9843218857106
 20
383.9402973897861
  0
LWPOLYLINE
  5
D9
330
17
100
AcDbEntity
  8
CORTE
100
AcDbPolyline
 90
62
 70
1
 10
288.99222509277115
 20
383.6737145642644
 10
288.9999211076833
 20
383.5219620812832
 10
289.0229301808924
 20
383.3717667841314
 10
289.06101620817105
 20
383.22466987980437
 10
289.1137883753408
 20
383.0821807815944
 10
289.18070516855425
 20
382.94576162046775
 10
289.26107993096025
 20
382.8168122416222
 10
289.35408790873197
 20
382.69665584018105
 10
289.4587747141576
 20
382.5865253834207
 10
289.57406611894964
 20
382.4875509588578
 10
289.6987790772807
 20
382.40074817802224
 10
289.8316338654347
 20
382.32700775490827
 10
289.9712672135039
 20
382.26708636604377
 10
290.1162462943831
 20
382.2215988859651
 10
290.26508342651425
 20
382.1910120777722
 10
290.41625133951305
 20
382.1756398035078
 10
290.5681988460292
 20
382.1756398035078
 10
290.719366759028
 20
382.1910120777722
 10
290.8682038911592
 20
382.2215988859651
 10
291.0131829720384
 20
382.26708636604377
 10
291.1528163201076
 20
382.32700775490827
 10
291.28567110826157
 20
382.40074817802224
 10
291.41038406659266
 20
382.4875509588578
 10
291.52567547138466
 20
382.5865253834207
 10
291.63036227681033
 20
382.69665584018105
 10
291.72337025458205
 20
382.8168122416222
 10
291.80374501698805
 20
382.94576162046775
 10
291.8706618102015
 20
383.0821807815944
 10
291.92343397737125
 20
383.22466987980437
 10
291.9615200046499
 20
383.3717667841314
 10
291.984529077859
 20
383.5219620812832
 10
291.99222509277115
 20
383.6737145642644
 10
291.984529077859
 20
383.8254670472455
 10
291.9615200046499
 20
383.9756623443974
 10
291.92343397737125
 20
384.12275924872444
 10
291.8706618102015
 20
384.26524834693436
 10
291.80374501698805
 20
384.401667508061
 10
291.72337025458205
 20
384.53061688690656
 10
291.63036227681033
 20
384.6507732883477
 10
291.52567547138466
 20
384.76090374510807
 10
291.41038406659266
 20
384.85987816967094
 10
291.28567110826157
 20
384.9466809505065
 10
291.1528163201076
 20
385.0204213736205
 10
291.0131829720384
 20
385.080342762485
 10
290.8682038911592
 20
385.12583024256367
 10
290.719366759028
 20
385.15641705075654
 10
290.5681988460292
 20
385.17178932502094
 10
290.41625133951305
 20
385.17178932502094
 10
290.2650834265143
 20
385.15641705075654
 10
290.1162462943831
 20
385.12583024256367
 10
289.9712672135039
 20
385.080342762485
 10
289.8316338654347
 20
385.0204213736205
 10
289.69877907728073
 20
384.9466809505065
 10
289.57406611894964
 20
384.85987816967094
 10
289.45877471415764
 20
384.76090374510807
 10
289.35408790873197
 20
384.6507732883477
 10
289.26107993096025
 20
384.53061688690656
 10
289.18070516855425
 20
384.401667508061
 10
289.1137883753408
 20
384.26524834693436
 10
289.06101620817105
 20
384.12275924872444
 10
289.0229301808924
 20
383.9756623443974
 10
288.9999211076833
 20
383.8254670472455
  0
LWPOLYLINE
  5
DA
330
17
100
AcDbEntity
  8
CORTE
100
AcDbPolyline
 90
106
 70
1
 10
264.0
 20
292.6737145642644
 10
263.99209679293944
 20
292.4071317387427
 10
263.96841493206085
 20
292.14148529511823
 10
263.9290376007642
 20
291.8777083262128
 10
263.87410311336185
 20
291.61672735825
 10
263.80380442924434
 20
291.359459096398
 10
263.71838847510355
 20
291.10680720480957
 10
263.6181552775936
 20
290.8596591324685
 10
263.50345690947637
 20
290.6188829959927
 10
263.37469625295313
 20
290.38532453034287
 10
263.23232558452594
 20
290.159804118148
 10
263.0768449863601
 20
289.9431139080807
 10
262.9088005897273
 20
289.736015032407
 10
262.7287826566995
 20
289.5392349334809
 10
262.53742350683194
 20
289.35346480857663
 10
262.3353952961177
 20
289.1793571820332
 10
262.1234076560151
 20
289.01752361323884
 10
261.90220520084154
 20
288.86853254850615
 10
261.67256491228835
 20
288.73290732438403
 10
261.43529341024436
 20
288.61112432941854
 10
261.19122411951406
 20
288.5036113308211
 10
260.94121434238275
 20
288.4107459719205
 10
260.68614224731084
 20
288.3328544456768
 10
260.42690378433497
 20
288.27021034891663
 10
260.16440953801117
 20
288.22303372131466
 10
259.8995815289532
 20
288.1914902724959
 10
259.63334997520155
 20
288.1756907999748
 10
259.3666500247985
 20
288.1756907999748
 10
259.1004184710468
 20
288.1914902724959
 10
258.83559046198883
 20
288.22303372131466
 10
258.5730962156651
 20
288.2702103489166
 10
258.3138577526892
 20
288.33285444567673
 10
258.05878565761725
 20
288.4107459719205
 10
257.80877588048594
 20
288.5036113308211
 10
257.5647065897557
 20
288.61112432941854
 10
257.32743508771165
 20
288.732907324384
 10
257.09779479915846
 20
288.86853254850615
 10
256.8765923439849
 20
289.0175236132388
 10
256.66460470388233
 20
289.1793571820332
 10
256.46257649316806
 20
289.3534648085766
 10
256.2712173433005
 20
289.5392349334809
 10
256.09119941027274
 20
289.736015032407
 10
255.92315501363993
 20
289.9431139080807
 10
255.76767441547412
 20
290.1598041181479
 10
255.62530374704693
 20
290.38532453034287
 10
255.49654309052366
 20
290.61888299599264
 10
255.38184472240644
 20
290.8596591324685
 10
255.28161152489648
 20
291.10680720480957
 10
255.19619557075566
 20
291.3594590963979
 10
255.12589688663817
 20
291.61672735824993
 10
255.0709623992358
 20
291.87770832621277
 10
255.03158506793918
 20
292.1414852951182
 10
255.00790320706056
 20
292.40713173874263
 10
255.0
 20
292.67371456426434
 10
255.00790320706056
 20
292.9402973897861
 10
255.03158506793918
 20
293.2059438334105
 10
255.0709623992358
 20
293.469720802316
 10
255.12589688663815
 20
293.7307017702788
 10
255.19619557075566
 20
293.98797003213076
 10
255.28161152489645
 20
294.2406219237192
 10
255.3818447224064
 20
294.48776999606025
 10
255.49654309052363
 20
294.7285461325361
 10
255.6253037470469
 20
294.9621045981859
 10
255.7676744154741
 20
295.1876250103808
 10
255.9231550136399
 20
295.40431522044804
 10
256.0911994102727
 20
295.61141409612173
 10
256.2712173433005
 20
295.80819419504786
 10
256.46257649316806
 20
295.99396431995217
 10
256.6646047038823
 20
296.16807194649556
 10
256.8765923439849
 20
296.32990551528997
 10
257.09779479915846
 20
296.4788965800226
 10
257.32743508771165
 20
296.6145218041447
 10
257.56470658975564
 20
296.7363047991102
 10
257.80877588048594
 20
296.84381779770763
 10
258.05878565761725
 20
296.93668315660824
 10
258.3138577526892
 20
297.014574682852
 10
258.57309621566503
 20
297.07721877961217
 10
258.83559046198883
 20
297.12439540721414
 10
259.1004184710468
 20
297.15593885603283
 10
259.36665002479845
 20
297.17173832855394
 10
259.6333499752015
 20
297.17173832855394
 10
259.8995815289532
 20
297.15593885603283
 10
260.16440953801117
 20
297.12439540721414
 10
260.4269037843349
 20
297.07721877961217
 10
260.6861422473108
 20
297.014574682852
 10
260.94121434238275
 20
296.93668315660824
 10
261.19122411951406
 20
296.84381779770763
 10
261.43529341024436
 20
296.7363047991102
 10
261.67256491228835
 20
296.6145218041448
 10
261.90220520084154
 20
296.4788965800226
 10
262.1234076560151
 20
296.32990551528997
 10
262.33539529611767
 20
296.16807194649556
 10
262.53742350683194
 20
295.99396431995217
 10
262.7287826566995
 20
295.80819419504786
 10
262.90880058972726
 20
295.61141409612173
 10
263.0768449863601
 20
295.40431522044804
 10
263.2323255845259
 20
295.1876250103808
 10
263.3746962529531
 20
294.9621045981859
 10
263.50345690947637
 20
294.7285461325361
 10
263.6181552775936
 20
294.48776999606025
 10
263.71838847510355
 20
294.2406219237192
 10
263.80380442924434
 20
293.9879700321308
 10
263.87410311336185
 20
293.7307017702788
 10
263.92903760076416
 20
293.469720802316
 10
263.9684149320608
 20
293.2059438334106
 10
263.99209679293944
 20
292.9402973897861
  0
LWPOLYLINE
  5
DB
330
17
100
AcDbEntity
  8
CORTE
100
AcDbPolyline
 90
62
 70
1
 10
258.0
 20
292.6737145642644
 10
258.00769601491214
 20
292.5219620812832
 10
258.03070508812124
 20
292.3717667841314
 10
258.0687911153999
 20
292.22466987980437
 10
258.12156328256964
 20
292.0821807815944
 10
258.1884800757831
 20
291.94576162046775
 10
258.2688548381891
 20
291.8168122416222
 10
258.3618628159608
 20
291.69665584018105
 10
258.46654962138643
 20
291.5865253834207
 10
258.5818410261785
 20
291.4875509588578
 10
258.7065539845095
 20
291.40074817802224
 10
258.83940877266355
 20
291.32700775490827
 10
258.97904212073274
 20
291.26708636604377
 10
259.1240212016119
 20
291.2215988859651
 10
259.2728583337431
 20
291.1910120777722
 10
259.4240262467419
 20
291.1756398035078
 10
259.57597375325804
 20
291.1756398035078
 10
259.72714166625684
 20
291.1910120777722
 10
259.8759787983881
 20
291.2215988859651
 10
260.02095787926726
 20
291.26708636604377
 10
260.16059122733645
 20
291.32700775490827
 10
260.2934460154904
 20
291.40074817802224
 10
260.4181589738215
 20
291.4875509588578
 10
260.5334503786135
 20
291.5865253834207
 10
260.6381371840392
 20
291.69665584018105
 10
260.7311451618109
 20
291.8168122416222
 10
260.8115199242169
 20
291.94576162046775
 10
260.87843671743036
 20
292.0821807815944
 10
260.9312088846001
 20
292.22466987980437
 10
260.96929491187876
 20
292.3717667841314
 10
260.99230398508786
 20
292.5219620812832
 10
261.0
 20
292.6737145642644
 10
260.99230398508786
 20
292.8254670472455
 10
260.96929491187876
 20
292.9756623443974
 10
260.9312088846001
 20
293.12275924872444
 10
260.87843671743036
 20
293.26524834693436
 10
260.8115199242169
 20
293.401667508061
 10
260.7311451618109
 20
293.53061688690656
 10
260.6381371840392
 20
293.6507732883477
 10
260.5334503786135
 20
293.76090374510807
 10
260.4181589738215
 20
293.85987816967094
 10
260.2934460154904
 20
293.9466809505065
 10
260.16059122733645
 20
294.0204213736205
 10
260.02095787926726
 20
294.080342762485
 10
259.8759787983881
 20
294.12583024256367
 10
259.72714166625684
 20
294.15641705075654
 10
259.57597375325804
 20
294.17178932502094
 10
259.4240262467419
 20
294.17178932502094
 10
259.27285833374316
 20
294.15641705075654
 10
259.1240212016119
 20
294.12583024256367
 10
258.97904212073274
 20
294.080342762485
 10
258.83940877266355
 20
294.0204213736205
 10
258.7065539845096
 20
293.9466809505065
 10
258.5818410261785
 20
293.85987816967094
 10
258.4665496213865
 20
293.76090374510807
 10
258.3618628159608
 20
293.6507732883477
 10
258.2688548381891
 20
293.53061688690656
 10
258.1884800757831
 20
293.401667508061
 10
258.12156328256964
 20
293.26524834693436
 10
258.0687911153999
 20
293.12275924872444
 10
258.03070508812124
 20
292.9756623443974
 10
258.00769601491214
 20
292.8254670472455
  0
LWPOLYLINE
  5
DC
330
17
100
AcDbEntity
  8
CORTE
100
AcDbPolyline
 90
106
 70
1
 10
264.0
 20
305.66976209284354
 10
263.99209679293944
 20
305.40317926732183
 10
263.96841493206085
 20
305.13753282369737
 10
263.92903760076416
 20
304.87375585479197
 10
263.87410311336185
 20
304.61277488682913
 10
263.80380442924434
 20
304.3555066249771
 10
263.71838847510355
 20
304.1028547333887
 10
263.6181552775936
 20
303.85570666104763
 10
263.50345690947637
 20
303.61493052457183
 10
263.3746962529531
 20
303.381372058922
 10
263.23232558452594
 20
303.1558516467271
 10
263.0768449863601
 20
302.93916143665984
 10
262.90880058972726
 20
302.73206256098615
 10
262.7287826566995
 20
302.53528246206
 10
262.53742350683194
 20
302.3495123371558
 10
262.3353952961177
 20
302.1754047106123
 10
262.1234076560151
 20
302.013571141818
 10
261.90220520084154
 20
301.8645800770853
 10
261.67256491228835
 20
301.72895485296317
 10
261.43529341024436
 20
301.6071718579977
 10
261.19122411951406
 20
301.49965885940026
 10
260.94121434238275
 20
301.40679350049965
 10
260.68614224731084
 20
301.3289019742559
 10
260.42690378433497
 20
301.2662578774958
 10
260.16440953801117
 20
301.2190812498938
 10
259.8995815289532
 20
301.18753780107505
 10
259.63334997520155
 20
301.17173832855394
 10
259.3666500247985
 20
301.17173832855394
 10
259.1004184710468
 20
301.18753780107505
 10
258.83559046198883
 20
301.21908124989375
 10
258.5730962156651
 20
301.2662578774957
 10
258.3138577526892
 20
301.32890197425587
 10
258.05878565761725
 20
301.40679350049965
 10
257.80877588048594
 20
301.49965885940026
 10
257.5647065897557
 20
301.6071718579977
 10
257.32743508771165
 20
301.7289548529631
 10
257.09779479915846
 20
301.8645800770853
 10
256.8765923439849
 20
302.0135711418179
 10
256.66460470388233
 20
302.1754047106123
 10
256.46257649316806
 20
302.3495123371557
 10
256.2712173433005
 20
302.53528246206
 10
256.09119941027274
 20
302.73206256098615
 10
255.92315501363993
 20
302.93916143665984
 10
255.76767441547412
 20
303.15585164672706
 10
255.62530374704693
 20
303.381372058922
 10
255.49654309052366
 20
303.6149305245718
 10
255.38184472240644
 20
303.85570666104763
 10
255.28161152489648
 20
304.10285473338865
 10
255.19619557075566
 20
304.35550662497707
 10
255.12589688663817
 20
304.6127748868291
 10
255.0709623992358
 20
304.8737558547919
 10
255.03158506793918
 20
305.1375328236973
 10
255.00790320706056
 20
305.4031792673218
 10
255.0
 20
305.6697620928435
 10
255.00790320706056
 20
305.93634491836525
 10
255.03158506793918
 20
306.20199136198966
 10
255.0709623992358
 20
306.4657683308951
 10
255.12589688663815
 20
306.72674929885795
 10
255.19619557075566
 20
306.9840175607099
 10
255.28161152489645
 20
307.2366694522983
 10
255.3818447224064
 20
307.4838175246394
 10
255.49654309052363
 20
307.72459366111525
 10
255.6253037470469
 20
307.958152126765
 10
255.7676744154741
 20
308.18367253895997
 10
255.9231550136399
 20
308.4003627490272
 10
256.0911994102727
 20
308.6074616247009
 10
256.2712173433005
 20
308.804241723627
 10
256.46257649316806
 20
308.9900118485313
 10
256.6646047038823
 20
309.1641194750747
 10
256.8765923439849
 20
309.3259530438691
 10
257.09779479915846
 20
309.47494410860173
 10
257.32743508771165
 20
309.61056933272386
 10
257.56470658975564
 20
309.73235232768934
 10
257.80877588048594
 20
309.83986532628677
 10
258.05878565761725
 20
309.9327306851874
 10
258.3138577526892
 20
310.01062221143115
 10
258.57309621566503
 20
310.0732663081913
 10
258.83559046198883
 20
310.1204429357933
 10
259.1004184710468
 20
310.151986384612
 10
259.36665002479845
 20
310.1677858571331
 10
259.6333499752015
 20
310.1677858571331
 10
259.8995815289532
 20
310.151986384612
 10
260.16440953801117
 20
310.1204429357933
 10
260.4269037843349
 20
310.0732663081913
 10
260.6861422473108
 20
310.01062221143115
 10
260.94121434238275
 20
309.9327306851874
 10
261.19122411951406
 20
309.83986532628677
 10
261.43529341024436
 20
309.73235232768934
 10
261.67256491228835
 20
309.6105693327239
 10
261.90220520084154
 20
309.47494410860173
 10
262.1234076560151
 20
309.3259530438691
 10
262.33539529611767
 20
309.1641194750747
 10
262.53742350683194
 20
308.9900118485313
 10
262.7287826566995
 20
308.804241723627
 10
262.90880058972726
 20
308.6074616247009
 10
263.0768449863601
 20
308.4003627490272
 10
263.2323255845259
 20
308.18367253895997
 10
263.3746962529531
 20
307.958152126765
 10
263.50345690947637
 20
307.72459366111525
 10
263.6181552775936
 20
307.4838175246394
 10
263.71838847510355
 20
307.2366694522983
 10
263.80380442924434
 20
306.98401756070996
 10
263.87410311336185
 20
306.72674929885795
 10
263.92903760076416
 20
306.4657683308951
 10
263.9684149320608
 20
306.2019913619897
 10
263.99209679293944
 20
305.93634491836525
  0
LWPOLYLINE
  5
DD
330
17
100
AcDbEntity
  8
CORTE
100
AcDbPolyline
 90
62
 70
1
 10
258.0
 20
305.66976209284354
 10
258.00769601491214
 20
305.51800960986236
 10
258.03070508812124
 20
305.36781431271055
 10
258.0687911153999
 20
305.2207174083835
 10
258.12156328256964
 20
305.07822831017353
 10
258.1884800757831
 20
304.9418091490469
 10
258.2688548381891
 20
304.8128597702013
 10
258.3618628159608
 20
304.6927033687602
 10
258.46654962138643
 20
304.5825729119998
 10
258.5818410261785
 20
304.48359848743695
 10
258.7065539845095
 20
304.3967957066014
 10
258.83940877266355
 20
304.3230552834874
 10
258.97904212073274
 20
304.2631338946229
 10
259.1240212016119
 20
304.2176464145442
 10
259.2728583337431
 20
304.18705960635134
 10
259.4240262467419
 20
304.17168733208695
 10
259.57597375325804
 20
304.17168733208695
 10
259.72714166625684
 20
304.18705960635134
 10
259.8759787983881
 20
304.2176464145442
 10
260.0209578792672
 20
304.2631338946229
 10
260.16059122733645
 20
304.3230552834874
 10
260.2934460154904
 20
304.3967957066014
 10
260.4181589738215
 20
304.48359848743695
 10
260.5334503786135
 20
304.5825729119998
 10
260.6381371840392
 20
304.6927033687602
 10
260.7311451618109
 20
304.8128597702013
 10
260.8115199242169
 20
304.9418091490469
 10
260.87843671743036
 20
305.07822831017353
 10
260.9312088846001
 20
305.2207174083835
 10
260.96929491187876
 20
305.36781431271055
 10
260.99230398508786
 20
305.51800960986236
 10
261.0
 20
305.66976209284354
 10
260.99230398508786
 20
305.82151457582466
 10
260.96929491187876
 20
305.97170987297653
 10
260.9312088846001
 20
306.1188067773036
 10
260.87843671743036
 20
306.2612958755135
 10
260.8115199242169
 20
306.39771503664014
 10
260.7311451618109
 20
306.5266644154857
 10
260.6381371840392
 20
306.64682081692683
 10
260.5334503786135
 20
306.7569512736872
 10
260.4181589738215
 20
306.8559256982501
 10
260.2934460154904
 20
306.94272847908564
 10
260.16059122733645
 20
307.0164689021996
 10
260.0209578792672
 20
307.0763902910641
 10
259.8759787983881
 20
307.1218777711428
 10
259.72714166625684
 20
307.1524645793357
 10
259.57597375325804
 20
307.1678368536001
 10
259.4240262467419
 20
307.1678368536001
 10
259.27285833374316
 20
307.1524645793357
 10
259.1240212016119
 20
307.1218777711428
 10
258.97904212073274
 20
307.0763902910641
 10
258.83940877266355
 20
307.0164689021996
 10
258.7065539845095
 20
306.94272847908564
 10
258.5818410261785
 20
306.8559256982501
 10
258.4665496213865
 20
306.7569512736872
 10
258.3618628159608
 20
306.64682081692683
 10
258.2688548381891
 20
306.5266644154857
 10
258.1884800757831
 20
306.39771503664014
 10
258.12156328256964
 20
306.2612958755135
 10
258.0687911153999
 20
306.1188067773036
 10
258.03070508812124
 20
305.97170987297653
 10
258.00769601491214
 20
305.82151457582466
  0
LWPOLYLINE
  5
DE
330
17
100
AcDbEntity
  8
CORTE
100
AcDbPolyline
 90
106
 70
1
 10
244.00000000000045
 20
238.6737145642644
 10
243.9920967929399
 20
238.40713173874266
 10
243.96841493206128
 20
238.14148529511823
 10
243.92903760076464
 20
237.8777083262128
 10
243.8741031133623
 20
237.61672735824996
 10
243.8038044292448
 20
237.35945909639798
 10
243.718388475104
 20
237.1068072048096
 10
243.61815527759404
 20
236.85965913246852
 10
243.50345690947682
 20
236.61888299599266
 10
243.37469625295356
 20
236.3853245303429
 10
243.23232558452636
 20
236.15980411814795
 10
243.07684498636056
 20
235.9431139080807
 10
242.90880058972775
 20
235.73601503240704
 10
242.72878265669993
 20
235.53923493348088
 10
242.5374235068324
 20
235.3534648085766
 10
242.33539529611815
 20
235.1793571820332
 10
242.1234076560156
 20
235.0175236132388
 10
241.90220520084202
 20
234.86853254850615
 10
241.6725649122888
 20
234.73290732438403
 10
241.4352934102448
 20
234.61112432941854
 10
241.19122411951454
 20
234.50361133082112
 10
240.94121434238323
 20
234.4107459719205
 10
240.68614224731127
 20
234.33285444567676
 10
240.42690378433542
 20
234.2702103489166
 10
240.16440953801163
 20
234.22303372131464
 10
239.8995815289537
 20
234.1914902724959
 10
239.63334997520198
 20
234.1756907999748
 10
239.36665002479896
 20
234.1756907999748
 10
239.10041847104728
 20
234.1914902724959
 10
238.8355904619893
 20
234.22303372131464
 10
238.57309621566554
 20
234.2702103489166
 10
238.31385775268967
 20
234.33285444567676
 10
238.0587856576177
 20
234.4107459719205
 10
237.8087758804864
 20
234.50361133082112
 10
237.56470658975613
 20
234.61112432941852
 10
237.32743508771213
 20
234.732907324384
 10
237.09779479915892
 20
234.86853254850615
 10
236.87659234398535
 20
235.01752361323878
 10
236.6646047038828
 20
235.17935718203316
 10
236.46257649316854
 20
235.35346480857658
 10
236.27121734330098
 20
235.53923493348086
 10
236.0911994102732
 20
235.736015032407
 10
235.92315501364038
 20
235.94311390808068
 10
235.76767441547457
 20
236.15980411814792
 10
235.62530374704738
 20
236.38532453034284
 10
235.4965430905241
 20
236.61888299599264
 10
235.3818447224069
 20
236.85965913246847
 10
235.28161152489693
 20
237.10680720480954
 10
235.19619557075612
 20
237.35945909639796
 10
235.12589688663863
 20
237.6167273582499
 10
235.07096239923627
 20
237.87770832621277
 10
235.03158506793963
 20
238.14148529511817
 10
235.00790320706102
 20
238.4071317387426
 10
235.00000000000045
 20
238.67371456426432
 10
235.00790320706102
 20
238.94029738978608
 10
235.03158506793963
 20
239.20594383341052
 10
235.07096239923627
 20
239.46972080231595
 10
235.1258968866386
 20
239.7307017702788
 10
235.19619557075612
 20
239.98797003213076
 10
235.2816115248969
 20
240.24062192371917
 10
235.38184472240687
 20
240.48776999606025
 10
235.49654309052409
 20
240.72854613253608
 10
235.62530374704735
 20
240.96210459818587
 10
235.76767441547454
 20
241.1876250103808
 10
235.92315501364035
 20
241.40431522044804
 10
236.09119941027316
 20
241.61141409612173
 10
236.27121734330098
 20
241.80819419504786
 10
236.4625764931685
 20
241.99396431995214
 10
236.66460470388276
 20
242.16807194649556
 10
236.87659234398532
 20
242.32990551528994
 10
237.0977947991589
 20
242.4788965800226
 10
237.3274350877121
 20
242.61452180414474
 10
237.5647065897561
 20
242.73630479911023
 10
237.80877588048637
 20
242.84381779770763
 10
238.05878565761768
 20
242.93668315660824
 10
238.31385775268964
 20
243.014574682852
 10
238.57309621566552
 20
243.07721877961214
 10
238.83559046198928
 20
243.1243954072141
 10
239.10041847104725
 20
243.15593885603286
 10
239.36665002479893
 20
243.17173832855394
 10
239.63334997520195
 20
243.17173832855394
 10
239.89958152895366
 20
243.15593885603286
 10
240.16440953801163
 20
243.1243954072141
 10
240.4269037843354
 20
243.07721877961214
 10
240.68614224731124
 20
243.014574682852
 10
240.9412143423832
 20
242.93668315660824
 10
241.19122411951452
 20
242.84381779770763
 10
241.43529341024478
 20
242.73630479911023
 10
241.6725649122888
 20
242.61452180414474
 10
241.902205200842
 20
242.4788965800226
 10
242.12340765601556
 20
242.32990551528994
 10
242.33539529611815
 20
242.1680719464956
 10
242.5374235068324
 20
241.99396431995217
 10
242.72878265669993
 20
241.80819419504786
 10
242.90880058972772
 20
241.61141409612173
 10
243.07684498636053
 20
241.40431522044807
 10
243.23232558452634
 20
241.18762501038083
 10
243.37469625295353
 20
240.96210459818587
 10
243.5034569094768
 20
240.7285461325361
 10
243.61815527759404
 20
240.48776999606028
 10
243.71838847510398
 20
240.2406219237192
 10
243.8038044292448
 20
239.9879700321308
 10
243.8741031133623
 20
239.73070177027884
 10
243.92903760076464
 20
239.46972080231598
 10
243.96841493206128
 20
239.20594383341054
 10
243.9920967929399
 20
238.9402973897861
  0
LWPOLYLINE
  5
DF
330
17
100
AcDbEntity
  8
CORTE
100
AcDbPolyline
 90
62
 70
1
 10
238.00000000000045
 20
238.6737145642644
 10
238.0076960149126
 20
238.52196208128325
 10
238.03070508812172
 20
238.3717667841314
 10
238.0687911154004
 20
238.22466987980437
 10
238.1215632825701
 20
238.08218078159442
 10
238.1884800757836
 20
237.94576162046775
 10
238.26885483818953
 20
237.8168122416222
 10
238.36186281596127
 20
237.69665584018105
 10
238.46654962138692
 20
237.5865253834207
 10
238.58184102617895
 20
237.48755095885784
 10
238.70655398451
 20
237.40074817802224
 10
238.839408772664
 20
237.32700775490827
 10
238.97904212073323
 20
237.26708636604377
 10
239.12402120161238
 20
237.22159888596508
 10
239.27285833374359
 20
237.1910120777722
 10
239.4240262467424
 20
237.1756398035078
 10
239.57597375325852
 20
237.1756398035078
 10
239.72714166625732
 20
237.1910120777722
 10
239.87597879838853
 20
237.22159888596508
 10
240.02095787926768
 20
237.26708636604377
 10
240.1605912273369
 20
237.32700775490827
 10
240.2934460154909
 20
237.40074817802224
 10
240.41815897382196
 20
237.48755095885784
 10
240.533450378614
 20
237.5865253834207
 10
240.63813718403964
 20
237.69665584018105
 10
240.73114516181136
 20
237.8168122416222
 10
240.81151992421732
 20
237.94576162046775
 10
240.8784367174308
 20
238.0821807815944
 10
240.93120888460052
 20
238.22466987980434
 10
240.9692949118792
 20
238.37176678413138
 10
240.99230398508828
 20
238.52196208128322
 10
241.00000000000045
 20
238.67371456426437
 10
240.99230398508828
 20
238.82546704724552
 10
240.9692949118792
 20
238.97566234439736
 10
240.93120888460052
 20
239.1227592487244
 10
240.8784367174308
 20
239.26524834693436
 10
240.81151992421732
 20
239.401667508061
 10
240.73114516181136
 20
239.53061688690656
 10
240.63813718403964
 20
239.65077328834772
 10
240.533450378614
 20
239.76090374510807
 10
240.41815897382196
 20
239.85987816967094
 10
240.2934460154909
 20
239.9466809505065
 10
240.1605912273369
 20
240.02042137362048
 10
240.02095787926768
 20
240.080342762485
 10
239.87597879838853
 20
240.1258302425637
 10
239.72714166625732
 20
240.15641705075654
 10
239.57597375325852
 20
240.17178932502097
 10
239.4240262467424
 20
240.17178932502097
 10
239.27285833374359
 20
240.15641705075654
 10
239.12402120161238
 20
240.1258302425637
 10
238.97904212073323
 20
240.080342762485
 10
238.839408772664
 20
240.02042137362048
 10
238.70655398451
 20
239.9466809505065
 10
238.58184102617895
 20
239.85987816967094
 10
238.46654962138692
 20
239.76090374510807
 10
238.36186281596127
 20
239.65077328834772
 10
238.26885483818953
 20
239.53061688690656
 10
238.1884800757836
 20
239.401667508061
 10
238.1215632825701
 20
239.26524834693436
 10
238.0687911154004
 20
239.1227592487244
 10
238.03070508812172
 20
238.97566234439736
 10
238.00769601491263
 20
238.82546704724552
  0
LWPOLYLINE
  5
E0
330
17
100
AcDbEntity
  8
CORTE
100
AcDbPolyline
 90
106
 70
1
 10
177.99947819870334
 20
358.4980237642896
 10
177.99157499164278
 20
358.2314409387679
 10
177.96789313076417
 20
357.9657944951434
 10
177.92851579946753
 20
357.702017526238
 10
177.8735813120652
 20
357.4410365582752
 10
177.80328262794768
 20
357.1837682964232
 10
177.7178666738069
 20
356.93111640483477
 10
177.61763347629693
 20
356.6839683324937
 10
177.5029351081797
 20
356.4431921960179
 10
177.37417445165644
 20
356.20963373036807
 10
177.23180378322925
 20
355.9841133181732
 10
177.07632318506344
 20
355.7674231081059
 10
176.90827878843064
 20
355.5603242324322
 10
176.72826085540282
 20
355.3635441335061
 10
176.53690170553529
 20
355.17777400860183
 10
176.33487349482104
 20
355.0036663820584
 10
176.12288585471848
 20
354.84183281326403
 10
175.9016833995449
 20
354.69284174853135
 10
175.6720431109917
 20
354.5572165244092
 10
175.4347716089477
 20
354.43543352944374
 10
175.19070231821743
 20
354.3279205308463
 10
174.94069254108612
 20
354.2350551719457
 10
174.68562044601416
 20
354.157163645702
 10
174.4263819830383
 20
354.09451954894183
 10
174.1638877367145
 20
354.04734292133986
 10
173.89905972765658
 20
354.0157994725211
 10
173.63282817390487
 20
354.0
 10
173.36612822350185
 20
354.0
 10
173.09989666975017
 20
354.0157994725211
 10
172.8350686606922
 20
354.0473429213398
 10
172.57257441436843
 20
354.0945195489418
 10
172.31333595139256
 20
354.1571636457019
 10
172.0582638563206
 20
354.2350551719457
 10
171.80825407918928
 20
354.3279205308463
 10
171.56418478845902
 20
354.43543352944374
 10
171.32691328641502
 20
354.55721652440917
 10
171.0972729978618
 20
354.69284174853135
 10
170.87607054268824
 20
354.841832813264
 10
170.66408290258568
 20
355.0036663820584
 10
170.46205469187143
 20
355.1777740086018
 10
170.27069554200386
 20
355.3635441335061
 10
170.09067760897608
 20
355.5603242324322
 10
169.92263321234327
 20
355.7674231081059
 10
169.76715261417746
 20
355.9841133181731
 10
169.62478194575027
 20
356.20963373036807
 10
169.496021289227
 20
356.44319219601783
 10
169.38132292110978
 20
356.6839683324937
 10
169.28108972359982
 20
356.9311164048347
 10
169.195673769459
 20
357.1837682964231
 10
169.12537508534152
 20
357.44103655827513
 10
169.07044059793915
 20
357.70201752623797
 10
169.03106326664252
 20
357.96579449514337
 10
169.0073814057639
 20
358.23144093876783
 10
168.99947819870334
 20
358.49802376428954
 10
169.0073814057639
 20
358.7646065898113
 10
169.03106326664252
 20
359.0302530334357
 10
169.07044059793915
 20
359.2940300023412
 10
169.1253750853415
 20
359.555010970304
 10
169.195673769459
 20
359.81227923215596
 10
169.2810897235998
 20
360.0649311237444
 10
169.38132292110976
 20
360.31207919608545
 10
169.49602128922697
 20
360.5528553325613
 10
169.62478194575024
 20
360.7864137982111
 10
169.76715261417743
 20
361.011934210406
 10
169.92263321234324
 20
361.22862442047324
 10
170.09067760897605
 20
361.43572329614693
 10
170.27069554200386
 20
361.63250339507306
 10
170.4620546918714
 20
361.81827351997737
 10
170.66408290258565
 20
361.99238114652076
 10
170.8760705426882
 20
362.15421471531516
 10
171.09727299786178
 20
362.3032057800478
 10
171.326913286415
 20
362.4388310041699
 10
171.564184788459
 20
362.5606139991354
 10
171.80825407918925
 20
362.6681269977328
 10
172.05826385632056
 20
362.76099235663344
 10
172.31333595139253
 20
362.8388838828772
 10
172.5725744143684
 20
362.90152797963736
 10
172.83506866069217
 20
362.94870460723934
 10
173.09989666975014
 20
362.98024805605803
 10
173.36612822350182
 20
362.99604752857914
 10
173.63282817390484
 20
362.99604752857914
 10
173.89905972765655
 20
362.98024805605803
 10
174.1638877367145
 20
362.94870460723934
 10
174.42638198303828
 20
362.90152797963736
 10
174.68562044601413
 20
362.8388838828772
 10
174.9406925410861
 20
362.76099235663344
 10
175.1907023182174
 20
362.6681269977328
 10
175.43477160894767
 20
362.5606139991354
 10
175.6720431109917
 20
362.43883100416997
 10
175.90168339954488
 20
362.3032057800478
 10
176.12288585471845
 20
362.15421471531516
 10
176.33487349482104
 20
361.99238114652076
 10
176.53690170553529
 20
361.81827351997737
 10
176.72826085540282
 20
361.63250339507306
 10
176.9082787884306
 20
361.43572329614693
 10
177.07632318506342
 20
361.22862442047324
 10
177.23180378322922
 20
361.011934210406
 10
177.37417445165642
 20
360.7864137982111
 10
177.50293510817968
 20
360.5528553325613
 10
177.61763347629693
 20
360.31207919608545
 10
177.71786667380687
 20
360.0649311237444
 10
177.80328262794768
 20
359.812279232156
 10
177.8735813120652
 20
359.555010970304
 10
177.92851579946753
 20
359.2940300023412
 10
177.96789313076417
 20
359.03025303343577
 10
177.99157499164278
 20
358.7646065898113
  0
LWPOLYLINE
  5
E1
330
17
100
AcDbEntity
  8
CORTE
100
AcDbPolyline
 90
62
 70
1
 10
171.99947819870334
 20
358.4980237642896
 10
172.00717421361549
 20
358.3462712813084
 10
172.0301832868246
 20
358.1960759841566
 10
172.06826931410328
 20
358.04897907982956
 10
172.12104148127298
 20
357.9064899816196
 10
172.18795827448648
 20
357.77007082049295
 10
172.26833303689241
 20
357.6411214416474
 10
172.36134101466416
 20
357.52096504020625
 10
172.4660278200898
 20
357.4108345834459
 10
172.58131922488184
 20
357.311860158883
 10
172.7060321832129
 20
357.22505737804744
 10
172.8388869713669
 20
357.15131695493346
 10
172.97852031943611
 20
357.09139556606897
 10
173.12349940031527
 20
357.0459080859903
 10
173.27233653244647
 20
357.0153212777974
 10
173.42350444544527
 20
356.999949003533
 10
173.5754519519614
 20
356.999949003533
 10
173.7266198649602
 20
357.0153212777974
 10
173.87545699709142
 20
357.0459080859903
 10
174.02043607797057
 20
357.09139556606897
 10
174.1600694260398
 20
357.15131695493346
 10
174.2929242141938
 20
357.22505737804744
 10
174.41763717252485
 20
357.311860158883
 10
174.53292857731688
 20
357.4108345834459
 10
174.63761538274252
 20
357.52096504020625
 10
174.73062336051424
 20
357.6411214416474
 10
174.8109981229202
 20
357.77007082049295
 10
174.87791491613368
 20
357.9064899816196
 10
174.9306870833034
 20
358.04897907982956
 10
174.96877311058208
 20
358.1960759841566
 10
174.99178218379117
 20
358.3462712813084
 10
174.99947819870334
 20
358.4980237642896
 10
174.99178218379117
 20
358.6497762472707
 10
174.96877311058208
 20
358.7999715444226
 10
174.9306870833034
 20
358.94706844874963
 10
174.87791491613368
 20
359.08955754695955
 10
174.8109981229202
 20
359.2259767080862
 10
174.73062336051424
 20
359.35492608693175
 10
174.63761538274252
 20
359.4750824883729
 10
174.53292857731688
 20
359.58521294513326
 10
174.41763717252485
 20
359.68418736969613
 10
174.2929242141938
 20
359.7709901505317
 10
174.1600694260398
 20
359.8447305736457
 10
174.02043607797057
 20
359.9046519625102
 10
173.87545699709142
 20
359.95013944258886
 10
173.7266198649602
 20
359.98072625078174
 10
173.5754519519614
 20
359.99609852504614
 10
173.42350444544527
 20
359.99609852504614
 10
173.27233653244647
 20
359.98072625078174
 10
173.12349940031527
 20
359.95013944258886
 10
172.97852031943611
 20
359.9046519625102
 10
172.8388869713669
 20
359.8447305736457
 10
172.7060321832129
 20
359.7709901505317
 10
172.58131922488184
 20
359.68418736969613
 10
172.4660278200898
 20
359.58521294513326
 10
172.36134101466416
 20
359.4750824883729
 10
172.26833303689241
 20
359.35492608693175
 10
172.18795827448648
 20
359.2259767080862
 10
172.12104148127298
 20
359.08955754695955
 10
172.06826931410328
 20
358.94706844874963
 10
172.0301832868246
 20
358.7999715444226
 10
172.0071742136155
 20
358.6497762472707
  0
LWPOLYLINE
  5
E2
330
17
100
AcDbEntity
  8
CORTE
100
AcDbPolyline
 90
106
 70
1
 10
177.99947819870334
 20
371.49407129286874
 10
177.99157499164278
 20
371.22748846734703
 10
177.96789313076417
 20
370.96184202372257
 10
177.92851579946753
 20
370.69806505481716
 10
177.8735813120652
 20
370.43708408685427
 10
177.80328262794768
 20
370.1798158250023
 10
177.7178666738069
 20
369.9271639334139
 10
177.61763347629693
 20
369.68001586107283
 10
177.5029351081797
 20
369.43923972459703
 10
177.37417445165644
 20
369.2056812589472
 10
177.23180378322925
 20
368.98016084675226
 10
177.07632318506344
 20
368.76347063668504
 10
176.90827878843064
 20
368.55637176101135
 10
176.72826085540282
 20
368.3595916620852
 10
176.53690170553529
 20
368.17382153718097
 10
176.33487349482104
 20
367.9997139106375
 10
176.12288585471848
 20
367.8378803418432
 10
175.9016833995449
 20
367.6888892771105
 10
175.6720431109917
 20
367.55326405298837
 10
175.4347716089477
 20
367.4314810580229
 10
175.19070231821743
 20
367.32396805942545
 10
174.94069254108612
 20
367.23110270052484
 10
174.68562044601416
 20
367.1532111742811
 10
174.4263819830383
 20
367.090567077521
 10
174.1638877367145
 20
367.043390449919
 10
173.89905972765658
 20
367.01184700110025
 10
173.63282817390487
 20
366.99604752857914
 10
173.36612822350185
 20
366.99604752857914
 10
173.09989666975017
 20
367.01184700110025
 10
172.8350686606922
 20
367.043390449919
 10
172.57257441436843
 20
367.0905670775209
 10
172.31333595139256
 20
367.15321117428107
 10
172.0582638563206
 20
367.23110270052484
 10
171.80825407918928
 20
367.32396805942545
 10
171.56418478845902
 20
367.4314810580229
 10
171.32691328641502
 20
367.5532640529883
 10
171.0972729978618
 20
367.6888892771105
 10
170.87607054268824
 20
367.8378803418431
 10
170.66408290258568
 20
367.9997139106375
 10
170.46205469187143
 20
368.1738215371809
 10
170.27069554200386
 20
368.3595916620852
 10
170.09067760897608
 20
368.55637176101135
 10
169.92263321234327
 20
368.76347063668504
 10
169.76715261417746
 20
368.98016084675226
 10
169.62478194575027
 20
369.2056812589472
 10
169.496021289227
 20
369.439239724597
 10
169.38132292110978
 20
369.6800158610728
 10
169.28108972359982
 20
369.9271639334139
 10
169.195673769459
 20
370.17981582500227
 10
169.12537508534152
 20
370.43708408685427
 10
169.07044059793915
 20
370.6980650548171
 10
169.03106326664252
 20
370.9618420237225
 10
169.0073814057639
 20
371.227488467347
 10
168.99947819870334
 20
371.4940712928687
 10
169.0073814057639
 20
371.76065411839045
 10
169.03106326664252
 20
372.02630056201485
 10
169.07044059793915
 20
372.2900775309203
 10
169.1253750853415
 20
372.55105849888315
 10
169.195673769459
 20
372.8083267607351
 10
169.2810897235998
 20
373.0609786523235
 10
169.38132292110976
 20
373.3081267246646
 10
169.49602128922697
 20
373.54890286114045
 10
169.62478194575024
 20
373.7824613267902
 10
169.76715261417743
 20
374.00798173898517
 10
169.92263321234324
 20
374.2246719490524
 10
170.09067760897605
 20
374.4317708247261
 10
170.27069554200386
 20
374.6285509236522
 10
170.4620546918714
 20
374.8143210485565
 10
170.66408290258565
 20
374.9884286750999
 10
170.8760705426882
 20
375.1502622438943
 10
171.09727299786178
 20
375.29925330862693
 10
171.326913286415
 20
375.43487853274905
 10
171.564184788459
 20
375.55666152771454
 10
171.80825407918925
 20
375.66417452631197
 10
172.05826385632056
 20
375.7570398852126
 10
172.31333595139253
 20
375.83493141145635
 10
172.5725744143684
 20
375.8975755082165
 10
172.83506866069217
 20
375.9447521358185
 10
173.09989666975014
 20
375.97629558463717
 10
173.36612822350182
 20
375.9920950571583
 10
173.63282817390484
 20
375.9920950571583
 10
173.89905972765655
 20
375.97629558463717
 10
174.1638877367145
 20
375.9447521358185
 10
174.42638198303828
 20
375.8975755082165
 10
174.68562044601413
 20
375.83493141145635
 10
174.9406925410861
 20
375.7570398852126
 10
175.1907023182174
 20
375.66417452631197
 10
175.43477160894767
 20
375.55666152771454
 10
175.6720431109917
 20
375.4348785327491
 10
175.90168339954488
 20
375.29925330862693
 10
176.12288585471845
 20
375.1502622438943
 10
176.33487349482104
 20
374.9884286750999
 10
176.53690170553529
 20
374.8143210485565
 10
176.72826085540282
 20
374.6285509236522
 10
176.9082787884306
 20
374.4317708247261
 10
177.07632318506342
 20
374.2246719490524
 10
177.23180378322922
 20
374.00798173898517
 10
177.37417445165642
 20
373.7824613267902
 10
177.50293510817968
 20
373.54890286114045
 10
177.61763347629693
 20
373.3081267246646
 10
177.71786667380687
 20
373.0609786523235
 10
177.80328262794768
 20
372.80832676073516
 10
177.8735813120652
 20
372.55105849888315
 10
177.92851579946753
 20
372.2900775309203
 10
177.96789313076417
 20
372.0263005620149
 10
177.99157499164278
 20
371.76065411839045
  0
LWPOLYLINE
  5
E3
330
17
100
AcDbEntity
  8
CORTE
100
AcDbPolyline
 90
62
 70
1
 10
171.99947819870334
 20
371.49407129286874
 10
172.00717421361549
 20
371.34231880988756
 10
172.0301832868246
 20
371.19212351273575
 10
172.06826931410328
 20
371.0450266084087
 10
172.12104148127298
 20
370.9025375101987
 10
172.18795827448648
 20
370.7661183490721
 10
172.26833303689241
 20
370.6371689702265
 10
172.36134101466416
 20
370.5170125687854
 10
172.4660278200898
 20
370.406882112025
 10
172.58131922488184
 20
370.30790768746215
 10
172.7060321832129
 20
370.2211049066266
 10
172.8388869713669
 20
370.1473644835126
 10
172.97852031943611
 20
370.0874430946481
 10
173.12349940031527
 20
370.0419556145694
 10
173.27233653244647
 20
370.01136880637654
 10
173.42350444544527
 20
369.99599653211214
 10
173.5754519519614
 20
369.99599653211214
 10
173.7266198649602
 20
370.01136880637654
 10
173.87545699709142
 20
370.0419556145694
 10
174.02043607797057
 20
370.0874430946481
 10
174.1600694260398
 20
370.1473644835126
 10
174.2929242141938
 20
370.2211049066266
 10
174.41763717252485
 20
370.30790768746215
 10
174.53292857731688
 20
370.406882112025
 10
174.63761538274252
 20
370.5170125687854
 10
174.73062336051424
 20
370.6371689702265
 10
174.8109981229202
 20
370.7661183490721
 10
174.87791491613368
 20
370.9025375101987
 10
174.9306870833034
 20
371.0450266084087
 10
174.96877311058208
 20
371.19212351273575
 10
174.99178218379117
 20
371.34231880988756
 10
174.99947819870334
 20
371.49407129286874
 10
174.99178218379117
 20
371.64582377584986
 10
174.96877311058208
 20
371.79601907300173
 10
174.9306870833034
 20
371.9431159773288
 10
174.87791491613368
 20
372.0856050755387
 10
174.8109981229202
 20
372.22202423666533
 10
174.73062336051424
 20
372.3509736155109
 10
174.63761538274252
 20
372.47113001695203
 10
174.53292857731688
 20
372.5812604737124
 10
174.41763717252485
 20
372.6802348982753
 10
174.2929242141938
 20
372.76703767911084
 10
174.1600694260398
 20
372.8407781022248
 10
174.02043607797057
 20
372.9006994910893
 10
173.87545699709142
 20
372.946186971168
 10
173.7266198649602
 20
372.9767737793609
 10
173.5754519519614
 20
372.9921460536253
 10
173.42350444544527
 20
372.9921460536253
 10
173.27233653244647
 20
372.9767737793609
 10
173.12349940031527
 20
372.946186971168
 10
172.97852031943611
 20
372.9006994910893
 10
172.8388869713669
 20
372.8407781022248
 10
172.7060321832129
 20
372.76703767911084
 10
172.58131922488184
 20
372.6802348982753
 10
172.4660278200898
 20
372.5812604737124
 10
172.36134101466416
 20
372.47113001695203
 10
172.26833303689241
 20
372.3509736155109
 10
172.18795827448648
 20
372.22202423666533
 10
172.12104148127298
 20
372.0856050755387
 10
172.06826931410328
 20
371.9431159773288
 10
172.0301832868246
 20
371.79601907300173
 10
172.0071742136155
 20
371.64582377584986
  0
LWPOLYLINE
  5
E4
330
17
100
AcDbEntity
  8
CORTE
100
AcDbPolyline
 90
106
 70
1
 10
173.49750196299289
 20
388.9920950571583
 10
173.76408478851462
 20
388.9841918500977
 10
174.02973123213906
 20
388.96050998921913
 10
174.2935082010445
 20
388.92113265792244
 10
174.55448916900733
 20
388.86619817052014
 10
174.8117574308593
 20
388.7958994864026
 10
175.0644093224477
 20
388.71048353226183
 10
175.3115573947888
 20
388.61025033475187
 10
175.55233353126462
 20
388.49555196663465
 10
175.7858919969144
 20
388.36679131011135
 10
176.01141240910934
 20
388.2244206416842
 10
176.22810261917658
 20
388.06894004351835
 10
176.43520149485025
 20
387.90089564688554
 10
176.6319815937764
 20
387.72087771385776
 10
176.81775171868068
 20
387.5295185639902
 10
176.9918593452241
 20
387.327490353276
 10
177.15369291401848
 20
387.1155027131734
 10
177.30268397875113
 20
386.8943002579998
 10
177.43830920287328
 20
386.66465996944663
 10
177.56009219783874
 20
386.42738846740264
 10
177.66760519643617
 20
386.18331917667234
 10
177.76047055533678
 20
385.93330939954103
 10
177.83836208158053
 20
385.6782373044691
 10
177.90100617834068
 20
385.41899884149325
 10
177.94818280594265
 20
385.15650459516945
 10
177.97972625476137
 20
384.8916765861115
 10
177.99552572728248
 20
384.62544503235983
 10
177.99552572728248
 20
384.3587450819568
 10
177.9797262547614
 20
384.0925135282051
 10
177.94818280594265
 20
383.8276855191471
 10
177.90100617834068
 20
383.56519127282337
 10
177.83836208158053
 20
383.3059528098475
 10
177.76047055533678
 20
383.05088071477553
 10
177.66760519643617
 20
382.8008709376442
 10
177.56009219783877
 20
382.556801646914
 10
177.43830920287328
 20
382.31953014486993
 10
177.30268397875113
 20
382.08988985631674
 10
177.1536929140185
 20
381.8686874011432
 10
176.99185934522413
 20
381.6566997610406
 10
176.8177517186807
 20
381.45467155032634
 10
176.63198159377643
 20
381.2633124004588
 10
176.43520149485028
 20
381.083294467431
 10
176.2281026191766
 20
380.9152500707982
 10
176.01141240910937
 20
380.7597694726324
 10
175.78589199691444
 20
380.6173988042052
 10
175.55233353126465
 20
380.4886381476819
 10
175.31155739478882
 20
380.3739397795647
 10
175.06440932244774
 20
380.27370658205473
 10
174.81175743085936
 20
380.18829062791394
 10
174.55448916900738
 20
380.1179919437964
 10
174.29350820104455
 20
380.0630574563941
 10
174.0297312321391
 20
380.0236801250975
 10
173.76408478851468
 20
379.99999826421885
 10
173.49750196299297
 20
379.9920950571583
 10
173.2309191374712
 20
379.99999826421885
 10
172.96527269384677
 20
380.0236801250974
 10
172.70149572494134
 20
380.0630574563941
 10
172.44051475697847
 20
380.1179919437964
 10
172.18324649512653
 20
380.18829062791394
 10
171.9305946035381
 20
380.27370658205473
 10
171.68344653119703
 20
380.3739397795647
 10
171.4426703947212
 20
380.4886381476819
 10
171.2091119290714
 20
380.61739880420515
 10
170.9835915168765
 20
380.75976947263234
 10
170.76690130680925
 20
380.9152500707982
 10
170.55980243113555
 20
381.08329446743096
 10
170.36302233220943
 20
381.2633124004588
 10
170.17725220730514
 20
381.45467155032634
 10
170.00314458076173
 20
381.65669976104056
 10
169.84131101196735
 20
381.8686874011432
 10
169.6923199472347
 20
382.08988985631674
 10
169.55669472311254
 20
382.31953014486993
 10
169.43491172814709
 20
382.5568016469139
 10
169.32739872954966
 20
382.8008709376442
 10
169.23453337064905
 20
383.05088071477553
 10
169.1566418444053
 20
383.3059528098475
 10
169.09399774764515
 20
383.5651912728233
 10
169.04682112004318
 20
383.8276855191471
 10
169.01527767122445
 20
384.0925135282051
 10
168.99947819870334
 20
384.3587450819567
 10
168.99947819870334
 20
384.6254450323598
 10
169.01527767122445
 20
384.8916765861115
 10
169.04682112004318
 20
385.15650459516945
 10
169.09399774764515
 20
385.4189988414932
 10
169.1566418444053
 20
385.67823730446906
 10
169.23453337064905
 20
385.93330939954103
 10
169.32739872954966
 20
386.18331917667234
 10
169.43491172814706
 20
386.42738846740264
 10
169.55669472311254
 20
386.66465996944663
 10
169.6923199472347
 20
386.8943002579998
 10
169.84131101196735
 20
387.1155027131734
 10
170.00314458076173
 20
387.32749035327595
 10
170.17725220730512
 20
387.5295185639902
 10
170.36302233220943
 20
387.72087771385776
 10
170.55980243113555
 20
387.90089564688554
 10
170.76690130680925
 20
388.06894004351835
 10
170.98359151687646
 20
388.22442064168416
 10
171.2091119290714
 20
388.36679131011135
 10
171.44267039472118
 20
388.49555196663465
 10
171.683446531197
 20
388.61025033475187
 10
171.9305946035381
 20
388.71048353226183
 10
172.1832464951265
 20
388.7958994864026
 10
172.44051475697847
 20
388.86619817052014
 10
172.7014957249413
 20
388.92113265792244
 10
172.96527269384674
 20
388.9605099892191
 10
173.23091913747118
 20
388.9841918500977
  0
LWPOLYLINE
  5
E5
330
17
100
AcDbEntity
  8
CORTE
100
AcDbPolyline
 90
62
 70
1
 10
173.49750196299289
 20
382.9920950571583
 10
173.64925444597404
 20
382.9997910720704
 10
173.79944974312588
 20
383.0228001452795
 10
173.94654664745295
 20
383.0608861725582
 10
174.08903574566287
 20
383.1136583397279
 10
174.22545490678954
 20
383.1805751329414
 10
174.3544042856351
 20
383.2609498953474
 10
174.47456068707623
 20
383.3539578731191
 10
174.58469114383658
 20
383.4586446785447
 10
174.68366556839945
 20
383.5739360833368
 10
174.77046834923505
 20
383.6986490416678
 10
174.84420877234902
 20
383.8315038298218
 10
174.90413016121354
 20
383.971137177891
 10
174.9496176412922
 20
384.1161162587702
 10
174.9802044494851
 20
384.2649533909014
 10
174.99557672374948
 20
384.4161213039002
 10
174.99557672374948
 20
384.5680688104163
 10
174.9802044494851
 20
384.7192367234151
 10
174.9496176412922
 20
384.86807385554636
 10
174.90413016121354
 20
385.0130529364255
 10
174.84420877234902
 20
385.15268628449473
 10
174.77046834923505
 20
385.2855410726487
 10
174.68366556839948
 20
385.4102540309798
 10
174.5846911438366
 20
385.5255454357718
 10
174.47456068707623
 20
385.63023224119746
 10
174.3544042856351
 20
385.7232402189692
 10
174.22545490678954
 20
385.8036149813752
 10
174.0890357456629
 20
385.87053177458864
 10
173.94654664745295
 20
385.9233039417584
 10
173.7994497431259
 20
385.96138996903704
 10
173.64925444597407
 20
385.98439904224614
 10
173.4975019629929
 20
385.9920950571583
 10
173.34574948001176
 20
385.98439904224614
 10
173.19555418285992
 20
385.96138996903704
 10
173.04845727853288
 20
385.9233039417584
 10
172.90596818032293
 20
385.87053177458864
 10
172.7695490191963
 20
385.8036149813752
 10
172.64059964035073
 20
385.7232402189692
 10
172.5204432389096
 20
385.63023224119746
 10
172.41031278214922
 20
385.5255454357718
 10
172.31133835758635
 20
385.4102540309798
 10
172.22453557675078
 20
385.2855410726487
 10
172.1507951536368
 20
385.15268628449473
 10
172.09087376477228
 20
385.0130529364255
 10
172.04538628469362
 20
384.86807385554636
 10
172.01479947650074
 20
384.7192367234151
 10
171.99942720223635
 20
384.5680688104163
 10
171.99942720223635
 20
384.4161213039002
 10
172.01479947650074
 20
384.26495339090144
 10
172.04538628469362
 20
384.1161162587702
 10
172.09087376477228
 20
383.971137177891
 10
172.1507951536368
 20
383.8315038298218
 10
172.22453557675078
 20
383.6986490416678
 10
172.31133835758635
 20
383.5739360833368
 10
172.41031278214922
 20
383.4586446785448
 10
172.5204432389096
 20
383.3539578731191
 10
172.64059964035073
 20
383.2609498953474
 10
172.7695490191963
 20
383.1805751329414
 10
172.90596818032293
 20
383.1136583397279
 10
173.04845727853288
 20
383.0608861725582
 10
173.19555418285992
 20
383.0228001452795
 10
173.34574948001176
 20
382.9997910720704
  0
LWPOLYLINE
  5
E6
330
17
100
AcDbEntity
  8
CORTE
100
AcDbPolyline
 90
106
 70
1
 10
378.27126496141943
 20
208.4963845933837
 10
378.26336175435887
 20
208.22980176786197
 10
378.2396798934803
 20
207.96415532423754
 10
378.2003025621836
 20
207.7003783553321
 10
378.1453680747813
 20
207.43939738736927
 10
378.07506939066377
 20
207.1821291255173
 10
377.989653436523
 20
206.9294772339289
 10
377.889420239013
 20
206.68232916158783
 10
377.7747218708958
 20
206.44155302511197
 10
377.6459612143725
 20
206.2079945594622
 10
377.50359054594537
 20
205.98247414726725
 10
377.3481099477795
 20
205.7657839372
 10
377.1800655511467
 20
205.55868506152635
 10
377.0000476181189
 20
205.3619049626002
 10
376.8086884682514
 20
205.1761348376959
 10
376.60666025753716
 20
205.0020272111525
 10
376.39467261743454
 20
204.84019364235812
 10
376.17347016226097
 20
204.69120257762546
 10
375.9438298737078
 20
204.55557735350334
 10
375.7065583716638
 20
204.43379435853785
 10
375.4624890809335
 20
204.32628135994042
 10
375.2124793038022
 20
204.2334160010398
 10
374.9574072087303
 20
204.15552447479607
 10
374.6981687457544
 20
204.09288037803591
 10
374.4356744994306
 20
204.04570375043394
 10
374.17084649037264
 20
204.01416030161522
 10
373.904614936621
 20
203.9983608290941
 10
373.63791498621794
 20
203.9983608290941
 10
373.3716834324662
 20
204.01416030161522
 10
373.10685542340826
 20
204.04570375043394
 10
372.8443611770845
 20
204.09288037803591
 10
372.58512271410865
 20
204.15552447479607
 10
372.3300506190367
 20
204.2334160010398
 10
372.0800408419054
 20
204.32628135994042
 10
371.83597155117513
 20
204.43379435853782
 10
371.5987000491311
 20
204.5555773535033
 10
371.3690597605779
 20
204.69120257762546
 10
371.14785730540433
 20
204.8401936423581
 10
370.93586966530177
 20
205.00202721115247
 10
370.7338414545875
 20
205.17613483769588
 10
370.54248230471995
 20
205.36190496260016
 10
370.36246437169217
 20
205.55868506152632
 10
370.19441997505936
 20
205.76578393719998
 10
370.03893937689355
 20
205.98247414726723
 10
369.89656870846636
 20
206.20799455946215
 10
369.76780805194306
 20
206.44155302511194
 10
369.65310968382585
 20
206.68232916158777
 10
369.5528764863159
 20
206.92947723392885
 10
369.4674605321751
 20
207.18212912551726
 10
369.3971618480576
 20
207.4393973873692
 10
369.3422273606553
 20
207.70037835533208
 10
369.30285002935864
 20
207.96415532423748
 10
369.27916816848
 20
208.22980176786191
 10
369.27126496141943
 20
208.49638459338362
 10
369.27916816848
 20
208.7629674189054
 10
369.3028500293586
 20
209.02861386252982
 10
369.3422273606553
 20
209.29239083143526
 10
369.3971618480576
 20
209.55337179939812
 10
369.4674605321751
 20
209.81064006125007
 10
369.5528764863159
 20
210.06329195283848
 10
369.65310968382585
 20
210.31044002517956
 10
369.76780805194306
 20
210.5512161616554
 10
369.8965687084663
 20
210.78477462730518
 10
370.0389393768935
 20
211.0102950395001
 10
370.19441997505936
 20
211.22698524956735
 10
370.3624643716921
 20
211.43408412524104
 10
370.54248230471995
 20
211.63086422416717
 10
370.7338414545875
 20
211.81663434907145
 10
370.9358696653017
 20
211.99074197561487
 10
371.14785730540433
 20
212.15257554440925
 10
371.3690597605779
 20
212.3015666091419
 10
371.5987000491311
 20
212.43719183326405
 10
371.8359715511751
 20
212.55897482822954
 10
372.0800408419054
 20
212.66648782682694
 10
372.3300506190367
 20
212.75935318572755
 10
372.58512271410865
 20
212.8372447119713
 10
372.84436117708447
 20
212.89988880873145
 10
373.10685542340826
 20
212.94706543633342
 10
373.3716834324662
 20
212.97860888515217
 10
373.6379149862179
 20
212.99440835767325
 10
373.90461493662093
 20
212.99440835767325
 10
374.17084649037264
 20
212.97860888515217
 10
374.4356744994306
 20
212.94706543633342
 10
374.69816874575434
 20
212.89988880873145
 10
374.9574072087302
 20
212.8372447119713
 10
375.2124793038022
 20
212.75935318572755
 10
375.4624890809335
 20
212.66648782682694
 10
375.7065583716638
 20
212.55897482822954
 10
375.9438298737078
 20
212.43719183326405
 10
376.17347016226097
 20
212.3015666091419
 10
376.39467261743454
 20
212.15257554440925
 10
376.6066602575371
 20
211.9907419756149
 10
376.8086884682514
 20
211.81663434907148
 10
377.0000476181189
 20
211.63086422416717
 10
377.1800655511467
 20
211.43408412524104
 10
377.3481099477795
 20
211.22698524956738
 10
377.5035905459453
 20
211.01029503950014
 10
377.6459612143725
 20
210.78477462730518
 10
377.7747218708958
 20
210.55121616165542
 10
377.889420239013
 20
210.3104400251796
 10
377.989653436523
 20
210.0632919528385
 10
378.07506939066377
 20
209.8106400612501
 10
378.1453680747813
 20
209.55337179939815
 10
378.2003025621836
 20
209.29239083143528
 10
378.23967989348023
 20
209.02861386252985
 10
378.26336175435887
 20
208.76296741890542
  0
LWPOLYLINE
  5
E7
330
17
100
AcDbEntity
  8
CORTE
100
AcDbPolyline
 90
62
 70
1
 10
372.27126496141943
 20
208.4963845933837
 10
372.2789609763316
 20
208.34463211040256
 10
372.30197004954067
 20
208.19443681325072
 10
372.34005607681934
 20
208.04733990892368
 10
372.3928282439891
 20
207.90485081071373
 10
372.45974503720254
 20
207.76843164958706
 10
372.54011979960853
 20
207.6394822707415
 10
372.63312777738025
 20
207.51932586930036
 10
372.73781458280587
 20
207.40919541254002
 10
372.8531059875979
 20
207.31022098797715
 10
372.97781894592896
 20
207.22341820714155
 10
373.110673734083
 20
207.14967778402757
 10
373.2503070821522
 20
207.08975639516308
 10
373.39528616303136
 20
207.0442689150844
 10
373.54412329516254
 20
207.0136821068915
 10
373.69529120816134
 20
206.99830983262711
 10
373.8472387146775
 20
206.99830983262711
 10
373.9984066276763
 20
207.0136821068915
 10
374.1472437598075
 20
207.0442689150844
 10
374.29222284068663
 20
207.08975639516308
 10
374.4318561887559
 20
207.14967778402757
 10
374.56471097690985
 20
207.22341820714155
 10
374.68942393524094
 20
207.31022098797715
 10
374.80471534003294
 20
207.40919541254002
 10
374.9094021454586
 20
207.51932586930036
 10
375.00241012323033
 20
207.6394822707415
 10
375.08278488563633
 20
207.76843164958706
 10
375.1497016788498
 20
207.9048508107137
 10
375.20247384601953
 20
208.04733990892365
 10
375.2405598732982
 20
208.1944368132507
 10
375.2635689465073
 20
208.34463211040253
 10
375.27126496141943
 20
208.49638459338368
 10
375.2635689465073
 20
208.64813707636483
 10
375.2405598732982
 20
208.79833237351667
 10
375.20247384601953
 20
208.94542927784371
 10
375.1497016788498
 20
209.08791837605366
 10
375.08278488563633
 20
209.2243375371803
 10
375.00241012323033
 20
209.35328691602587
 10
374.9094021454586
 20
209.47344331746703
 10
374.80471534003294
 20
209.58357377422737
 10
374.68942393524094
 20
209.68254819879024
 10
374.56471097690985
 20
209.7693509796258
 10
374.4318561887559
 20
209.8430914027398
 10
374.29222284068663
 20
209.9030127916043
 10
374.1472437598075
 20
209.948500271683
 10
373.9984066276763
 20
209.97908707987585
 10
373.8472387146775
 20
209.99445935414028
 10
373.69529120816134
 20
209.99445935414028
 10
373.5441232951626
 20
209.97908707987585
 10
373.39528616303136
 20
209.948500271683
 10
373.2503070821522
 20
209.9030127916043
 10
373.110673734083
 20
209.8430914027398
 10
372.97781894592896
 20
209.7693509796258
 10
372.8531059875979
 20
209.68254819879024
 10
372.7378145828059
 20
209.58357377422737
 10
372.63312777738025
 20
209.47344331746703
 10
372.54011979960853
 20
209.35328691602587
 10
372.45974503720254
 20
209.2243375371803
 10
372.3928282439891
 20
209.08791837605366
 10
372.34005607681934
 20
208.94542927784371
 10
372.30197004954067
 20
208.79833237351667
 10
372.2789609763316
 20
208.64813707636483
  0
ENDSEC
  0
SECTION
  2
OBJECTS
  0
DICTIONARY
  5
A
330
0
100
AcDbDictionary
281
1
  3
ACAD_COLOR
350
B
  3
ACAD_GROUP
350
C
  3
ACAD_LAYOUT
350
D
  3
ACAD_MATERIAL
350
E
  3
ACAD_MLEADERSTYLE
350
F
  3
ACAD_MLINESTYLE
350
10
  3
ACAD_PLOTSETTINGS
350
11
  3
ACAD_PLOTSTYLENAME
350
12
  3
ACAD_SCALELIST
350
14
  3
ACAD_TABLESTYLE
350
15
  3
ACAD_VISUALSTYLE
350
16
  3
EZDXF_META
350
2D
  0
DICTIONARY
  5
B
330
A
100
AcDbDictionary
281
1
  0
DICTIONARY
  5
C
330
A
100
AcDbDictionary
281
1
  0
DICTIONARY
  5
D
330
A
100
AcDbDictionary
281
1
  3
Model
350
1A
  3
Layout1
350
1E
  0
DICTIONARY
  5
E
330
A
100
AcDbDictionary
281
1
  3
ByBlock
350
1F
  3
ByLayer
350
20
  3
Global
350
21
  0
DICTIONARY
  5
F
330
A
100
AcDbDictionary
281
1
  3
Standard
350
2C
  0
DICTIONARY
  5
10
330
A
100
AcDbDictionary
281
1
  3
Standard
350
22
  0
DICTIONARY
  5
11
330
A
100
AcDbDictionary
281
1
  0
ACDBDICTIONARYWDFLT
  5
12
330
A
100
AcDbDictionary
281
1
  3
Normal
350
13
100
AcDbDictionaryWithDefault
340
13
  0
ACDBPLACEHOLDER
  5
13
330
12
  0
DICTIONARY
  5
14
330
A
100
AcDbDictionary
281
1
  0
DICTIONARY
  5
15
330
A
100
AcDbDictionary
281
1
  0
DICTIONARY
  5
16
330
A
100
AcDbDictionary
281
1
  0
LAYOUT
  5
1A
330
D
100
AcDbPlotSettings
  1

  4
A3
  6

 40
7.5
 41
20.0
 42
7.5
 43
20.0
 44
420.0
 45
297.0
 46
0.0
 47
0.0
 48
0.0
 49
0.0
140
0.0
141
0.0
142
1.0
143
1.0
 70
1024
 72
1
 73
0
 74
5
  7

 75
16
 76
0
 77
2
 78
300
147
1.0
148
0.0
149
0.0
100
AcDbLayout
  1
Model
 70
1
 71
0
 10
0.0
 20
0.0
 11
420.0
 21
297.0
 12
0.0
 22
0.0
 32
0.0
 14
1e+20
 24
1e+20
 34
1e+20
 15
-1e+20
 25
-1e+20
 35
-1e+20
146
0.0
 13
0.0
 23
0.0
 33
0.0
 16
1.0
 26
0.0
 36
0.0
 17
0.0
 27
1.0
 37
0.0
 76
1
330
17
  0
LAYOUT
  5
1E
330
D
100
AcDbPlotSettings
  1

  4
A3
  6

 40
7.5
 41
20.0
 42
7.5
 43
20.0
 44
420.0
 45
297.0
 46
0.0
 47
0.0
 48
0.0
 49
0.0
140
0.0
141
0.0
142
1.0
143
1.0
 70
0
 72
1
 73
0
 74
5
  7

 75
16
 76
0
 77
2
 78
300
147
1.0
148
0.0
149
0.0
100
AcDbLayout
  1
Layout1
 70
1
 71
1
 10
0.0
 20
0.0
 11
420.0
 21
297.0
 12
0.0
 22
0.0
 32
0.0
 14
1e+20
 24
1e+20
 34
1e+20
 15
-1e+20
 25
-1e+20
 35
-1e+20
146
0.0
 13
0.0
 23
0.0
 33
0.0
 16
1.0
 26
0.0
 36
0.0
 17
0.0
 27
1.0
 37
0.0
 76
1
330
1B
  0
MATERIAL
  5
1F
102
{ACAD_REACTORS
330
E
102
}
330
E
100
AcDbMaterial
  1
ByBlock
  2

 70
0
 40
1.0
 71
1
 41
1.0
 91
-1023410177
 42
1.0
 72
1
  3

 73
1
 74
1
 75
1
 44
0.5
 73
0
 45
1.0
 46
1.0
 77
1
  4

 78
1
 79
1
170
1
 48
1.0
171
1
  6

172
1
173
1
174
1
140
1.0
141
1.0
175
1
  7

176
1
177
1
178
1
143
1.0
179
1
  8

270
1
271
1
272
1
145
1.0
146
1.0
273
1
  9

274
1
275
1
276
1
 42
1.0
 72
1
  3

 73
1
 74
1
 75
1
 94
63
  0
MATERIAL
  5
20
102
{ACAD_REACTORS
330
E
102
}
330
E
100
AcDbMaterial
  1
ByLayer
  2

 70
0
 40
1.0
 71
1
 41
1.0
 91
-1023410177
 42
1.0
 72
1
  3

 73
1
 74
1
 75
1
 44
0.5
 73
0
 45
1.0
 46
1.0
 77
1
  4

 78
1
 79
1
170
1
 48
1.0
171
1
  6

172
1
173
1
174
1
140
1.0
141
1.0
175
1
  7

176
1
177
1
178
1
143
1.0
179
1
  8

270
1
271
1
272
1
145
1.0
146
1.0
273
1
  9

274
1
275
1
276
1
 42
1.0
 72
1
  3

 73
1
 74
1
 75
1
 94
63
  0
MATERIAL
  5
21
102
{ACAD_REACTORS
330
E
102
}
330
E
100
AcDbMaterial
  1
Global
  2

 70
0
 40
1.0
 71
1
 41
1.0
 91
-1023410177
 42
1.0
 72
1
  3

 73
1
 74
1
 75
1
 44
0.5
 73
0
 45
1.0
 46
1.0
 77
1
  4

 78
1
 79
1
170
1
 48
1.0
171
1
  6

172
1
173
1
174
1
140
1.0
141
1.0
175
1
  7

176
1
177
1
178
1
143
1.0
179
1
  8

270
1
271
1
272
1
145
1.0
146
1.0
273
1
  9

274
1
275
1
276
1
 42
1.0
 72
1
  3

 73
1
 74
1
 75
1
 94
63
  0
MLINESTYLE
  5
22
102
{ACAD_REACTORS
330
10
102
}
330
10
100
AcDbMlineStyle
  2
Standard
 70
0
  3

 62
256
 51
90.0
 52
90.0
 71
2
 49
0.5
 62
256
  6
BYLAYER
 49
-0.5
 62
256
  6
BYLAYER
  0
MLEADERSTYLE
  5
2C
102
{ACAD_REACTORS
330
F
102
}
330
F
100
AcDbMLeaderStyle
179
2
170
2
171
1
172
0
 90
2
 40
0.0
 41
0.0
173
1
 91
-1056964608
 92
-2
290
1
 42
2.0
291
1
 43
8.0
  3
Standard
 44
4.0
300

342
29
174
1
175
1
176
0
178
1
 93
-1056964608
 45
4.0
292
0
297
0
 46
4.0
 94
-1056964608
 47
1.0
 49
1.0
140
1.0
294
1
141
0.0
177
0
142
1.0
295
0
296
0
143
3.75
271
0
272
9
273
9
  0
DICTIONARY
  5
2D
330
A
100
AcDbDictionary
280
1
281
1
  3
CREATED_BY_EZDXF
350
2E
  3
WRITTEN_BY_EZDXF
350
EB
  0
DICTIONARYVAR
  5
2E
330
2D
100
DictionaryVariables
280
0
  1
1.4.4 @ 2026-09-28T21:10:27.412341+00:00
  0
DICTIONARYVAR
  5
EB
330
2D
100
DictionaryVariables
280
0
  1
1.4.4 @ 2026-09-28T21:10:27.810558+00:00
  0
ENDSEC
  0
EOF
